customerID,support_tickets_90d,support_ticket_escalations_90d,app_logins_30d,days_since_last_login,avg_daily_usage_gb,data_overage_events_90d,payment_failures_12m,nps_score,discount_offers_accepted_12m,plan_change_count_12m
7590-VHVEG,2,0,15,7,9.28,2,0,5,2,1
5575-GNVDE,1,0,15,4,12.06,0,1,8,1,0
3668-QPYBK,1,1,6,15,10.2,3,1,4,2,0
7795-CFOCW,3,1,9,68,3.91,1,3,8,0,3
9237-HQITU,5,2,1,36,7.8,1,3,5,2,0
9305-CDSKC,9,5,9,90,8.89,2,5,0,1,1
1452-KIOVK,6,4,13,10,7.31,1,1,4,4,1
6713-OKOMC,0,1,6,11,6.78,5,1,3,3,1
7892-POOKP,6,2,11,49,10.45,2,1,5,2,4
6388-TABGU,0,0,10,9,9.48,2,3,6,3,0
9763-GRSKD,1,1,5,12,8.79,2,3,5,3,0
7469-LKBCI,6,1,11,14,3.67,1,0,3,0,2
8091-TTVAX,3,1,12,54,8.01,1,2,3,2,0
0280-XJGEX,5,0,5,60,6.2,1,1,2,3,3
5129-JLPIS,4,2,9,90,6.88,3,1,4,0,2
3655-SNQYZ,2,0,13,23,10.22,3,2,5,1,0
8191-XWSZG,2,1,13,5,3.07,1,1,5,0,3
9959-WOFKT,3,1,12,13,10.58,1,4,6,0,2
4190-MFLUW,8,2,6,65,10.81,3,1,4,2,1
4183-MYFRB,3,1,12,71,8.61,6,0,4,1,2
8779-QRDMV,4,2,0,29,7.04,2,0,4,0,1
1680-VDCWW,4,2,14,41,6.89,1,0,7,2,2
1066-JKSGK,4,2,2,12,8.75,5,2,5,0,1
3638-WEABW,3,1,16,4,5.07,2,0,8,3,2
6322-HRPFA,3,0,10,21,6.89,0,1,5,1,2
6865-JZNKO,4,1,13,48,11.97,0,2,4,2,2
6467-CHFZW,4,0,5,31,11.32,2,4,3,0,5
8665-UTDHZ,4,3,4,11,9.29,2,1,4,2,1
5248-YGIJN,1,0,17,2,7.79,2,1,5,3,0
8773-HHUOZ,6,4,4,82,8.86,4,1,3,1,2
3841-NFECX,6,3,11,36,9.66,8,3,5,2,1
4929-XIHVW,1,0,9,67,5.28,3,0,4,2,2
6827-IEAUQ,6,1,18,15,8.46,3,1,5,0,2
7310-EGVHZ,2,0,11,10,4.08,3,1,4,1,2
3413-BMNZE,4,0,9,37,7.38,1,0,6,2,1
6234-RAAPL,2,0,12,15,9.91,2,2,5,2,1
6047-YHPVI,3,2,12,27,13.37,3,1,4,3,0
6572-ADKRS,2,0,10,27,2.74,6,1,5,2,3
5380-WJKOV,8,3,5,23,7.33,4,2,2,1,0
8168-UQWWF,4,2,5,0,9.79,2,3,2,3,1
8865-TNMNX,5,0,9,0,8.93,4,2,3,2,2
9489-DEDVP,1,0,9,42,5.92,2,0,6,2,0
9867-JCZSP,4,0,16,21,6.68,2,0,8,1,0
4671-VJLCL,1,1,13,7,7.08,2,3,6,2,1
4080-IIARD,2,1,9,56,7.67,1,0,6,2,0
3714-NTNFO,3,0,10,3,7.95,2,1,3,1,1
5948-UJZLF,5,2,12,26,8.1,1,3,2,1,3
7760-OYPDY,1,0,2,9,13.13,4,2,2,1,1
7639-LIAYI,1,0,12,13,6.98,3,0,9,1,1
2954-PIBKO,5,0,15,37,9.54,0,1,3,1,0
8012-SOUDQ,2,0,9,6,8.15,3,2,6,2,2
9420-LOJKX,4,2,5,3,8.48,4,4,4,5,0
6575-SUVOI,5,2,11,3,6.44,3,2,7,0,1
7495-OOKFY,4,2,6,74,6.43,2,0,3,2,1
4667-QONEA,2,0,11,1,4.72,1,2,5,1,1
1658-BYGOY,4,1,7,51,8.41,0,1,3,2,1
8769-KKTPH,3,0,17,36,7.44,2,0,7,1,2
5067-XJQFU,4,1,9,22,11.62,4,1,6,4,0
3957-SQXML,4,1,13,14,5.98,2,0,4,2,0
5954-BDFSG,2,0,11,29,5.7,0,3,5,1,0
0434-CSFON,1,0,13,1,8.87,1,1,5,2,0
1215-FIGMP,6,2,11,3,7.98,1,2,3,1,3
0526-SXDJP,2,0,8,25,9.4,2,1,8,1,1
0557-ASKVU,3,1,10,42,9.47,3,0,5,0,2
5698-BQJOH,8,4,9,11,11.06,4,2,3,0,1
5122-CYFXA,6,2,10,2,9.0,1,0,6,0,2
8627-ZYGSZ,1,1,13,42,9.39,1,2,7,2,1
3410-YOQBQ,1,0,12,15,8.73,1,1,8,2,1
3170-NMYVV,1,1,9,86,9.43,1,2,4,0,1
7410-OIEDU,3,1,11,8,9.73,0,0,7,2,2
2273-QCKXA,1,1,9,0,6.94,2,0,5,0,0
0731-EBJQB,1,0,9,0,5.09,0,0,5,2,0
1891-QRQSA,4,1,13,11,7.03,3,0,7,1,1
8028-PNXHQ,4,1,15,27,6.49,3,1,5,0,2
5630-AHZIL,3,1,8,64,5.94,0,0,6,2,1
2673-CXQEU,1,0,12,4,11.23,2,1,4,3,2
6416-JNVRK,3,2,12,51,6.86,0,2,6,1,0
5590-ZSKRV,6,2,9,7,5.68,2,2,8,1,0
0191-ZHSKZ,2,0,7,7,10.9,2,1,5,2,2
3887-PBQAO,2,0,16,7,7.18,1,1,6,0,0
5919-TMRGD,7,4,5,19,11.92,2,2,4,5,0
8108-UXRQN,2,1,14,42,6.84,1,1,2,4,0
9191-MYQKX,1,1,14,49,11.08,5,5,3,0,0
9919-YLNNG,2,0,8,42,8.94,1,3,3,2,1
0318-ZOPWS,3,1,15,60,6.68,1,2,6,4,2
4445-ZJNMU,9,5,6,49,6.94,1,1,3,1,3
4808-YNLEU,6,2,14,72,7.71,1,0,6,0,1
1862-QRWPE,3,1,14,49,8.31,2,0,3,4,0
2796-NNUFI,5,0,8,2,4.96,2,0,5,2,1
3016-KSVCP,5,3,7,42,12.68,1,0,7,1,1
4767-HZZHQ,2,0,9,83,11.46,3,2,6,2,2
2424-WVHPL,2,0,7,31,8.55,1,2,4,0,3
7233-PAHHL,2,1,12,7,8.51,1,0,7,1,0
6067-NGCEU,5,1,7,17,7.69,2,2,5,1,0
9848-JQJTX,0,0,14,34,5.16,4,2,6,2,4
8637-XJIVR,4,2,4,60,11.76,3,2,2,0,4
9803-FTJCG,4,0,13,6,4.69,0,2,6,1,0
0278-YXOOG,2,1,6,36,10.57,5,1,5,3,1
3212-KXOCR,4,2,6,7,5.97,1,2,6,1,0
4598-XLKNJ,5,3,6,5,8.21,4,6,6,2,3
6380-ARCEH,4,0,13,12,7.83,0,2,7,0,1
3679-XASPY,6,1,11,16,10.59,5,3,3,1,2
7123-WQUHX,4,0,11,1,7.78,3,0,2,1,0
5386-THSLQ,7,3,6,37,7.65,2,1,6,2,0
3192-NQECA,5,2,6,29,6.19,5,1,4,0,0
6180-YBIQI,2,0,19,3,7.21,3,2,5,1,1
6728-DKUCO,2,0,7,1,4.21,1,1,8,1,0
9750-BOOHV,2,1,15,87,7.1,2,2,6,1,2
8597-CWYHH,3,1,13,16,7.83,6,0,6,3,0
2848-YXSMW,2,0,13,7,6.0,0,1,7,1,0
0486-HECZI,6,1,7,8,9.85,1,3,3,1,2
4549-ZDQYY,1,0,14,22,8.21,1,0,7,2,3
5712-AHQNN,4,2,8,37,8.9,2,1,8,0,0
4846-WHAFZ,4,2,5,7,10.53,9,2,3,2,2
5256-SKJGO,1,0,12,17,9.23,0,3,6,0,1
3071-VBYPO,3,0,16,0,3.12,1,1,6,1,0
9560-BBZXK,3,0,11,22,5.27,1,0,5,0,0
5299-RULOA,4,0,5,27,10.79,3,2,2,1,2
8402-OOOHJ,7,1,12,3,7.95,3,0,7,2,0
9445-ZUEQE,7,1,10,4,6.07,0,2,7,4,2
1091-SOZGA,0,0,15,49,7.7,2,1,6,1,0
2928-HLDBA,4,1,8,17,9.27,4,2,4,1,0
0404-SWRVG,2,1,5,46,8.41,2,3,5,1,3
6497-TILVL,4,1,10,25,7.04,1,2,3,1,1
7219-TLZHO,1,0,13,40,4.84,2,4,5,1,0
4622-YNKIJ,5,0,8,36,7.65,0,0,6,1,2
4412-YLTKF,5,1,8,50,9.86,4,3,3,2,2
6734-PSBAW,4,1,16,17,4.27,1,0,8,0,0
3930-ZGWVE,3,1,12,52,6.36,1,2,6,1,0
2639-UGMAZ,4,1,14,53,6.76,1,1,6,1,1
2876-GZYZC,3,2,14,6,9.82,2,1,4,1,2
6207-WIOLX,6,2,9,89,9.03,8,2,3,1,2
8587-XYZSF,2,0,13,20,5.55,2,2,5,3,0
3091-FYHKI,6,1,3,16,12.85,2,3,3,2,3
2372-HWUHI,5,1,5,30,11.22,4,2,4,3,0
7799-LGRDP,2,0,16,6,3.99,0,1,5,1,2
7850-VWJUU,3,1,14,46,9.5,0,0,6,1,1
3774-VBNXY,3,1,8,18,6.42,1,3,7,3,0
6217-KDYWC,5,1,18,18,10.11,2,1,7,1,2
0390-DCFDQ,4,1,2,25,9.14,2,4,4,0,0
3146-MSEGF,4,2,13,90,3.74,1,3,6,0,1
4080-OGPJL,4,2,7,90,8.71,2,1,4,5,0
1095-WGNGG,3,1,13,0,4.48,3,1,7,0,1
2636-SJDOU,2,0,12,8,6.14,4,2,7,0,0
1131-QQZEB,1,0,10,3,2.11,0,0,4,1,0
5716-EZXZN,3,1,11,13,6.87,1,2,4,1,1
6837-BJYDQ,0,0,23,6,2.89,3,0,5,1,4
2135-RXIHG,3,1,2,14,9.64,2,2,5,2,1
6440-DKQGE,5,0,9,54,2.89,3,2,2,0,1
3466-BYAVD,2,1,13,40,5.56,2,1,7,0,1
3780-YVMFA,2,1,10,24,8.93,4,3,5,0,2
3874-EQOEP,5,0,12,48,11.25,3,0,3,2,0
1679-JRFBR,3,0,14,20,4.85,0,1,7,1,0
9073-ZZIAY,3,0,7,22,8.1,0,1,3,0,0
3077-RSNTJ,6,2,11,43,4.03,1,0,4,0,1
6551-GNYDG,3,2,7,13,10.65,3,1,5,2,1
9167-APMXZ,4,1,12,17,10.34,3,1,6,3,2
2749-CTKAJ,6,0,9,43,7.29,3,1,6,0,2
6371-NZYEG,1,1,17,60,6.09,2,2,6,3,0
7554-NEWDD,1,1,9,1,1.94,0,0,8,2,2
8992-VONJD,3,1,9,5,7.29,1,3,5,0,1
0867-MKZVY,3,1,8,20,11.2,3,2,4,1,1
4482-EWFMI,3,0,4,8,9.71,6,2,5,2,1
4648-YPBTM,3,2,17,23,6.95,0,2,5,0,1
2907-ILJBN,3,1,15,0,4.82,0,2,6,3,1
6345-FZOQH,4,0,12,0,6.8,0,2,6,0,1
3376-BMGFE,4,2,3,21,8.2,4,0,3,2,1
5997-OPVFA,2,1,18,2,10.04,1,2,6,0,1
3445-HXXGF,6,0,7,22,11.09,1,5,4,3,0
1159-WFSGR,1,1,8,50,8.39,4,0,5,0,0
7654-YWJUF,2,0,11,50,7.16,1,2,6,1,0
1875-QIVME,14,4,8,90,8.03,1,1,4,1,1
6727-IOTLZ,3,0,7,48,5.37,0,1,6,4,1
0691-JVSYA,3,1,9,47,13.6,3,1,2,1,2
5918-VUKWP,1,0,18,6,4.71,0,2,8,0,1
1744-JHKYS,4,0,10,86,7.93,2,5,4,5,2
2656-FMOKZ,10,4,5,31,10.14,1,3,5,1,0
2070-FNEXE,5,2,7,21,9.92,0,1,4,3,0
5947-SGKCL,3,1,7,16,8.25,2,2,6,2,1
3712-PKXZA,5,3,14,90,10.93,0,0,7,1,1
6317-YPKDH,3,1,4,21,10.21,3,2,4,4,1
6582-OIVSP,3,2,10,9,8.83,3,1,9,3,2
9367-WXLCH,6,2,3,11,9.27,3,3,3,6,2
5524-KHNJP,9,1,13,52,7.34,1,2,2,3,1
1918-ZBFQJ,7,1,8,69,10.86,3,4,3,1,0
1024-GUALD,3,3,4,9,12.75,2,4,5,1,3
4827-USJHP,3,0,11,54,10.32,2,1,8,1,1
8167-GJLRN,3,0,10,0,1.0,2,2,9,0,0
0956-SYCWG,0,0,13,42,3.4,0,0,8,3,1
8017-UVSZU,5,2,7,11,12.5,2,3,5,2,1
7100-FQPRV,4,1,8,54,6.92,3,0,5,1,0
2472-OVKUP,3,0,8,83,9.14,2,0,6,1,1
2984-RGEYA,2,0,9,37,5.65,1,0,7,0,0
9680-NIAUV,2,1,16,23,5.41,3,4,4,4,0
2146-EGVDT,2,1,14,1,4.93,1,1,8,6,2
2604-IJPDU,4,3,9,27,6.62,1,2,3,2,3
9178-JHUVJ,4,1,10,21,6.53,3,3,4,0,1
6168-YBYNP,3,0,14,7,5.84,3,1,3,2,0
7255-SSFBC,4,0,11,50,9.13,0,1,6,2,2
3645-DEYGF,3,2,8,21,7.47,5,1,7,3,1
9323-HGFWY,5,2,10,37,7.95,3,2,6,2,2
8544-GOQSH,6,2,3,4,8.74,0,2,2,2,0
3363-DTIVD,0,0,17,2,6.52,1,4,6,3,1
7018-WBJNK,3,1,13,8,6.84,3,2,4,0,0
9142-KZXOP,2,0,8,11,3.83,2,0,4,1,2
7674-YTAFD,2,0,11,39,8.88,4,2,4,2,2
6348-SNFUS,1,0,23,9,6.26,2,0,8,1,2
1285-OKIPP,8,2,6,23,12.32,3,1,4,1,1
7825-ECJRF,4,0,5,33,10.63,2,0,5,1,4
1347-KTTTA,4,0,13,89,10.32,2,1,9,0,1
7841-TZDMQ,5,4,11,8,9.15,3,2,3,3,1
4195-NZGTA,5,4,14,19,5.33,1,0,7,1,1
7157-SMCFK,2,1,12,7,10.78,1,3,5,1,2
4709-LKHYG,3,1,8,23,9.46,3,1,6,0,2
2504-DSHIH,4,0,15,1,4.35,2,0,5,1,0
0699-NDKJM,5,0,9,17,8.92,2,0,5,0,2
9286-BHDQG,1,0,11,4,8.69,2,3,6,1,1
0230-WEQUW,3,0,13,7,7.27,5,0,3,1,0
2040-LDIWQ,2,1,11,7,4.38,1,0,7,2,1
6496-JDSSB,6,0,8,7,7.27,2,1,4,4,1
9408-SSNVZ,5,4,8,8,10.29,3,0,3,5,1
4443-EMBNA,3,1,6,8,5.73,2,2,6,1,3
6469-MRVET,2,0,11,45,9.05,3,1,7,0,0
0742-MOABM,7,4,6,90,6.61,4,1,4,4,1
5961-VUSRV,4,2,11,14,7.65,2,0,5,1,0
6778-JFCMK,4,1,9,56,11.2,1,2,3,1,2
6341-JVQGF,1,0,9,7,9.58,4,0,6,2,2
2232-DMLXU,2,1,4,2,12.83,3,3,5,4,2
4811-JBUVU,4,1,15,15,7.2,2,1,4,0,0
0945-TSONX,4,1,10,25,7.37,3,2,7,5,1
2651-ZCBXV,0,0,10,8,5.74,1,0,7,2,1
3316-UWXUY,7,3,12,13,6.73,1,2,7,0,1
8937-RDTHP,5,1,4,13,10.93,1,1,2,3,6
7083-MIOPC,4,4,11,1,5.75,2,2,7,1,1
1984-GPTEH,3,0,10,23,9.13,3,0,5,2,1
1251-KRREG,4,3,4,90,10.83,4,1,2,3,1
0621-JFHOL,3,0,17,13,3.72,2,1,6,1,0
9903-LYSAB,4,2,9,40,10.0,2,2,5,2,1
0094-OIFMO,5,3,4,5,14.1,4,3,4,2,4
9227-UAQFT,2,0,12,1,8.73,2,1,6,1,0
7301-ABVAD,3,0,21,21,2.67,0,2,6,2,2
6614-FHDBO,0,1,22,19,12.0,0,3,5,4,0
7576-ASEJU,1,1,14,14,1.8,3,0,5,0,0
9058-HRZSV,4,2,11,10,3.92,1,2,3,0,0
4522-AKYLR,2,0,6,0,5.34,3,0,2,1,0
0221-WMXNQ,6,0,10,3,7.14,5,1,3,2,0
0303-UNCIP,2,0,18,6,2.67,3,1,9,1,0
9947-OTFQU,4,2,11,90,5.46,0,1,4,0,1
0322-YINQP,5,1,8,23,8.56,1,2,4,4,4
0959-WHOKV,3,0,9,5,5.57,1,2,6,1,0
4075-JFPGR,0,1,7,1,6.79,1,0,5,1,0
4629-NRXKX,4,2,4,19,10.85,4,1,3,3,1
9514-JDSKI,5,3,7,8,12.86,3,2,0,6,2
3282-ZISZV,2,1,12,34,6.56,1,1,5,0,2
3675-YDUPJ,3,1,12,15,8.44,5,0,4,2,0
4111-BNXIF,2,0,10,7,7.03,2,1,2,1,0
7017-VFHAY,2,1,7,6,9.86,3,3,6,2,1
6655-LHBYW,5,3,7,1,10.2,5,2,5,2,1
4959-JOSRX,4,0,5,63,8.66,4,1,5,0,0
5046-NUHWD,2,0,14,61,4.53,0,0,7,0,0
7273-TEFQD,7,2,4,14,8.69,1,2,6,3,1
3606-TWKGI,7,1,4,66,8.94,3,0,5,2,0
7529-ZDFXI,8,1,8,29,7.73,1,1,5,0,0
7605-BDWDC,2,0,13,26,6.86,3,0,6,2,1
1950-KSVVJ,4,1,16,6,7.18,2,1,4,1,1
0123-CRBRT,5,0,13,3,5.01,1,2,7,2,0
6292-TOSSS,4,2,10,85,6.64,1,2,4,0,1
3197-ARFOY,0,0,9,8,8.73,5,1,5,3,2
6323-AYBRX,9,3,6,82,12.81,4,4,3,2,2
7014-ZZXAW,3,1,16,17,5.82,1,3,6,2,2
4385-GZQXV,5,2,7,90,9.81,1,1,1,1,0
7633-MVPUY,2,1,21,15,7.15,2,0,5,1,3
6366-ZGQGL,8,5,2,10,8.79,3,6,3,1,2
4716-HHKQH,5,3,4,65,7.97,1,1,6,2,0
5940-AHUHD,3,2,4,32,6.17,3,6,5,6,1
6432-TWQLB,4,2,2,56,10.77,6,3,2,3,1
4484-GLZOU,2,1,7,26,11.16,3,2,5,0,0
3179-GBRWV,5,1,14,15,6.32,2,1,5,0,1
8645-KWHJO,6,2,13,90,9.36,2,1,4,2,1
4130-MZLCC,4,3,15,27,4.31,1,1,5,2,2
0314-TKOSI,0,0,13,4,10.84,2,4,6,1,1
8229-MYEJZ,2,0,13,36,5.42,0,1,4,1,1
2080-SRCDE,3,1,9,7,7.59,1,4,5,1,0
9577-WJVCQ,6,1,11,46,9.49,1,2,5,2,1
9512-UIBFX,4,1,6,12,6.9,4,2,2,0,1
6202-DYYFX,4,1,6,22,6.25,4,0,4,2,1
3808-HFKDE,6,4,8,14,6.49,5,0,5,2,1
5583-SXDAG,4,1,6,90,10.95,2,4,4,2,2
3488-PGMQJ,3,3,5,90,7.97,6,2,1,2,2
3580-REOAC,0,1,10,48,11.34,3,4,1,1,1
7534-BFESC,8,2,3,11,10.37,1,4,2,0,0
3727-OWVYD,4,0,14,9,4.06,1,2,6,0,1
2294-SALNE,5,3,12,22,9.84,6,1,5,0,3
4847-TAJYI,3,1,18,14,10.71,1,3,6,1,1
1563-IWQEX,7,1,14,24,5.7,4,1,3,3,0
8203-XJZRC,2,1,11,8,6.74,1,3,5,1,2
6556-DBKZF,2,0,16,15,5.03,1,2,2,0,0
6851-WEFYX,3,1,9,55,7.85,3,0,5,2,0
2985-JUUBZ,2,0,9,12,9.02,2,1,7,2,0
6390-DSAZX,4,1,2,90,8.51,3,3,0,1,3
0895-LMRSF,2,0,10,7,6.17,3,1,2,1,1
8098-LLAZX,6,2,5,11,12.37,2,2,2,2,3
8266-VBFQL,4,1,6,1,6.98,3,4,3,1,2
8181-YHCMF,2,1,9,16,5.38,0,1,6,0,1
2240-HSJQD,3,1,8,12,7.32,3,0,7,2,1
1248-DYXUB,1,0,17,2,3.02,1,1,6,2,1
0265-EDXBD,6,4,5,34,8.18,4,2,1,1,1
4115-BNPJY,2,1,13,10,11.53,0,1,0,2,1
3167-SNQPL,5,0,14,33,9.82,2,4,6,2,3
4091-TVOCN,0,0,8,7,9.16,1,0,4,2,1
1098-TDVUQ,3,1,7,66,9.5,4,2,6,1,2
7277-OZCGZ,2,1,22,16,9.54,5,4,5,4,4
1557-EMYVT,2,2,7,15,7.41,2,1,4,0,0
2799-ARNLO,4,0,9,84,8.3,3,2,3,3,0
7563-BIUPC,6,1,8,25,10.64,4,2,4,3,0
5027-YOCXN,1,1,16,21,6.26,2,2,7,1,1
3973-SKMLN,3,2,9,7,9.66,2,1,7,0,2
2321-OMBXY,5,2,6,30,6.38,1,1,4,1,1
2840-XANRC,4,2,7,86,9.3,5,1,3,0,5
6745-JEFZB,2,1,6,27,9.5,1,3,7,4,1
5020-ZSTTY,9,3,12,19,11.86,5,2,2,2,0
9880-TDQAC,2,1,11,11,6.12,1,2,7,1,2
8705-WZCYL,2,2,9,0,9.08,2,0,3,2,2
7102-JJVTX,1,0,9,2,8.25,3,2,6,4,4
8626-PTQGE,0,0,7,22,12.28,3,2,6,3,2
4983-CLMLV,3,2,12,35,6.56,2,2,5,4,1
5701-YVSVF,1,0,15,52,7.94,2,2,6,3,1
5804-LEPIM,4,0,7,25,9.09,5,2,3,3,2
5697-GOMBF,1,0,15,30,10.41,3,0,5,3,2
2739-CACDQ,0,0,9,23,7.53,3,4,4,1,2
9385-EHGDO,0,0,7,10,6.67,0,3,5,0,1
9498-FIMXL,2,1,9,10,9.07,3,1,5,1,0
2379-GYFLQ,2,0,10,4,5.45,0,0,6,1,1
0122-OAHPZ,1,0,5,79,10.25,5,2,4,2,2
2868-SNELZ,2,0,4,7,11.24,2,1,5,2,0
4322-RCYMT,8,3,5,60,6.25,2,2,3,0,4
6680-NENYN,4,3,4,17,8.21,3,2,2,3,2
2088-IEBAU,3,1,10,3,11.23,4,1,5,0,1
7982-VCELR,2,1,5,4,8.83,4,1,4,2,1
1343-EHPYB,7,1,13,8,7.64,5,1,1,1,1
6035-BXTTY,4,0,12,7,6.82,1,1,6,0,1
6885-PKOAM,1,0,12,34,3.42,3,1,5,3,1
7520-HQWJU,1,1,7,13,7.84,3,1,5,1,2
9639-BUJXT,2,1,12,29,8.04,0,0,6,3,0
5924-SNGKP,1,1,12,17,7.77,0,1,2,0,0
0021-IKXGC,5,1,15,1,5.82,0,1,6,0,0
2034-GDRCN,1,1,3,55,13.47,2,0,4,2,3
8966-SNIZF,4,2,12,6,6.65,2,3,6,0,1
6243-OZGFH,3,2,15,39,3.26,2,2,5,0,1
4654-DLAMQ,3,0,10,47,7.84,2,2,7,3,0
0513-RBGPE,4,0,14,12,9.68,1,1,4,0,1
5160-UXJED,7,2,11,1,10.9,2,2,5,1,3
4115-NZRKS,2,0,12,37,2.63,2,4,7,0,1
0219-YTZUE,2,1,2,11,8.25,2,3,2,1,1
0623-IIHUG,3,0,7,21,9.18,2,2,3,2,0
4572-DVCGN,14,6,6,90,10.24,1,3,3,2,0
3351-NGXYI,8,1,4,8,5.37,4,2,6,1,2
8984-EYLLL,2,0,10,53,8.8,2,1,9,0,0
9057-MSWCO,4,1,8,68,11.7,4,1,4,2,0
9833-TGFHX,2,1,17,32,5.8,2,1,5,2,1
9294-TDIPC,3,0,7,36,7.54,3,0,6,0,1
5229-DTFYB,5,1,11,23,9.25,1,3,2,1,3
0104-PPXDV,2,0,12,31,11.11,0,2,7,2,0
5176-LMJXE,3,0,16,7,8.66,5,4,10,1,2
3583-KRKMD,2,0,4,16,6.84,3,4,8,0,2
1010-DIAUQ,4,0,5,90,10.85,3,4,4,2,1
9069-LGEUL,3,1,6,0,6.79,1,2,4,1,0
7302-ZHMHP,1,0,10,5,5.81,0,0,5,0,0
9571-EDEBV,1,0,14,2,8.4,1,1,5,2,1
3520-FJGCV,3,2,14,1,8.7,0,0,5,1,0
6563-VRERX,4,1,8,19,7.15,1,2,5,2,2
0259-GBZSH,2,0,6,62,11.95,2,2,2,1,2
6122-EFVKN,2,0,13,30,7.07,1,1,4,1,1
2805-EDJPQ,4,0,7,69,7.61,1,3,3,4,0
6862-CQUMB,1,0,9,90,8.52,0,1,5,3,3
7156-MXBJE,2,1,9,31,8.9,2,3,6,1,2
6158-HDPXZ,3,0,13,39,5.78,1,1,6,2,0
9601-BRXPO,5,1,9,3,13.57,3,2,6,1,0
2863-IMQDR,4,2,10,34,9.41,1,3,6,2,1
5686-CMAWK,2,0,17,6,7.51,1,1,7,0,1
5651-CRHKQ,4,0,9,29,7.53,4,2,3,2,1
6905-NIQIN,6,4,5,77,9.77,0,3,2,2,2
8204-YJCLA,2,0,15,0,9.22,1,0,6,0,0
5167-ZFFMM,4,2,6,90,11.77,3,3,3,1,0
6583-SZVGP,2,0,15,17,7.83,1,1,4,2,0
4895-TMWIR,1,1,8,31,14.81,3,0,5,3,0
0533-BNWKF,5,3,10,65,11.11,6,2,5,2,1
1708-PBBOA,1,0,10,6,5.82,3,1,4,0,1
8782-LKFPK,4,3,6,60,9.46,3,1,4,2,0
5522-JBWMO,2,0,9,41,8.29,2,2,4,3,2
3597-MVHJT,2,1,11,1,9.5,5,4,5,1,1
9774-NRNAU,3,1,11,52,9.26,0,1,7,1,2
0224-RLWWD,5,0,12,11,8.09,2,3,4,1,3
9967-ATRFS,2,1,13,7,9.81,2,0,5,2,2
3951-NJCVI,1,0,2,28,5.09,5,2,0,1,0
2977-CEBSX,6,1,13,20,8.06,0,1,8,0,0
0177-PXBAT,4,1,9,48,9.47,2,4,5,4,0
6599-CEBNN,3,1,3,90,7.23,4,4,4,2,4
2519-ERQOJ,7,3,7,29,8.42,1,2,5,3,2
5876-QMYLD,2,1,15,18,5.51,5,0,6,1,0
2277-AXSDC,0,0,7,22,6.2,2,1,4,4,2
9442-JTWDL,2,1,7,9,9.2,1,3,4,0,1
0979-PHULV,3,0,6,42,7.85,5,1,0,5,2
3067-SVMTC,5,4,15,8,6.36,1,0,9,0,1
5495-GPSRW,7,3,14,7,5.63,4,2,7,1,0
7606-BPHHN,2,1,16,36,7.31,1,1,8,2,0
4742-DRORA,1,1,9,5,7.96,2,4,5,1,1
0111-KLBQG,6,1,8,2,5.79,2,2,6,2,2
4800-VHZKI,2,0,5,90,9.08,2,1,2,2,1
7989-CHGTL,4,2,5,79,9.44,2,1,5,2,3
0334-GDDSO,4,0,4,38,10.1,4,5,3,2,2
4163-NCJAK,7,1,15,8,7.83,0,0,6,0,1
5233-AOZUF,6,1,5,25,5.87,6,1,4,0,0
5973-EJGDP,4,2,6,20,7.54,0,1,4,0,1
1996-DBMUS,4,1,18,7,10.42,0,3,3,1,1
7916-VCCPB,2,0,14,29,9.61,2,2,2,0,1
4686-GEFRM,3,1,10,6,5.93,3,3,4,1,0
5249-QYHEX,1,0,10,22,7.58,4,4,6,2,2
0578-SKVMF,4,1,6,15,10.74,3,3,3,2,4
5564-NEMQO,4,1,7,14,11.72,4,3,2,3,3
2233-FAGXV,5,0,15,10,8.4,3,0,10,1,0
5605-IYGFG,5,1,11,20,8.39,4,2,5,3,0
7663-ZTEGJ,4,0,8,35,8.03,2,0,8,1,0
3935-TBRZZ,2,0,9,44,6.44,1,1,3,0,0
8111-BKVDS,3,0,10,1,4.08,0,2,1,0,2
2055-SIFSS,7,2,12,6,6.44,0,2,8,3,1
2806-MLNTI,3,2,11,10,10.37,2,0,5,1,1
8734-DKSTZ,3,0,5,0,10.56,1,0,5,1,3
4360-PNRQB,4,0,10,3,7.22,0,2,6,2,1
6152-ONASV,3,0,18,38,6.74,1,1,3,0,0
9063-ZGTUY,2,0,4,3,8.32,3,4,4,1,2
7781-HVGMK,2,0,12,42,5.52,3,1,7,1,0
2181-UAESM,4,1,9,11,9.77,2,1,2,4,2
2957-LOLHO,4,2,3,2,9.14,1,4,3,1,1
6048-NJXHX,5,2,14,11,8.41,1,3,6,2,0
2320-SLKMB,2,1,10,0,12.14,1,2,4,1,1
4980-URKXC,1,1,14,0,7.07,4,2,7,0,1
4376-KFVRS,1,0,12,74,5.23,0,3,5,2,0
5886-VLQVU,4,0,6,29,9.31,1,2,2,1,1
3577-AMVUX,1,0,14,90,10.09,4,1,5,1,3
0771-WLCLA,2,1,13,44,4.18,1,3,6,1,0
5628-RKIFK,8,3,8,3,10.58,4,1,7,3,2
0206-TBWLC,3,1,13,34,5.75,4,1,8,3,3
2937-FTHUR,3,3,12,18,11.69,2,1,2,2,0
1910-FMXJM,3,1,6,1,10.47,0,1,5,1,1
7752-XUSCI,3,2,5,13,10.09,7,4,5,2,1
4110-PFEUZ,5,4,2,8,8.24,4,2,4,1,1
0732-OCQOC,0,0,8,0,9.11,3,3,5,1,1
5168-MSWXT,7,1,9,3,9.47,3,1,7,1,1
1090-ESELR,1,0,10,45,5.95,5,3,6,2,0
8592-PLTMQ,5,1,8,15,8.01,1,2,8,2,2
5760-WRAHC,4,2,2,0,5.67,0,1,3,1,0
8847-GEOOQ,5,3,12,1,8.94,1,0,4,1,0
0256-LTHVJ,1,0,2,1,10.53,6,3,2,2,1
4785-FCIFB,3,0,7,21,8.04,2,2,6,0,4
8313-NDOIA,4,2,9,47,10.61,2,0,4,3,2
5149-CUZUJ,5,1,8,1,7.02,1,3,7,0,2
0942-KOWSM,2,1,10,20,5.45,1,0,5,3,1
4237-CLSMM,4,1,8,27,7.94,0,3,5,2,0
1452-VOQCH,5,0,10,9,9.82,4,1,6,2,1
4719-UMSIY,2,0,20,45,7.45,2,2,3,1,3
6614-VBEGU,1,0,15,5,4.0,3,2,5,0,0
0880-TKATG,7,2,7,28,9.33,0,2,3,1,3
3811-VBYBZ,4,0,5,46,10.14,0,1,3,1,1
1480-BKXGA,2,0,17,18,5.28,4,0,5,0,2
2996-XAUVF,1,1,14,27,2.07,3,0,6,2,1
9076-AXYIK,3,0,13,5,8.14,2,0,4,1,0
5968-XQIVE,4,2,7,17,5.8,3,2,5,0,0
8896-RAZCR,5,0,15,48,9.62,2,1,4,0,3
4640-UHDOS,6,3,5,4,14.46,1,0,4,2,0
4933-IKULF,3,0,11,79,5.74,1,0,6,2,2
3583-EKAPL,5,3,4,51,10.59,3,1,4,1,3
1304-BCCFO,0,0,15,36,8.15,0,0,5,0,1
4104-PVRPS,2,0,4,11,4.66,1,3,9,1,1
9399-APLBT,7,5,11,11,5.08,7,0,4,2,0
2359-KMGLI,1,0,7,63,7.19,5,4,2,3,0
3780-DDGSE,4,2,6,6,7.79,5,0,6,3,0
4431-EDMIQ,2,1,14,28,12.22,1,0,5,1,1
0306-JAELE,8,2,9,10,11.06,4,0,4,0,2
6227-HWPWX,3,0,8,90,8.19,7,1,4,2,3
0486-LGCCH,4,2,12,69,5.58,1,1,6,0,1
0447-BEMNG,7,4,2,90,8.55,6,2,4,1,0
4612-SSVHJ,3,0,7,18,4.52,1,2,3,0,1
5168-MQQCA,4,2,6,27,5.83,1,0,4,1,1
5949-XIKAE,4,3,5,13,10.83,4,1,2,1,0
7971-HLVXI,3,1,11,9,6.76,0,1,5,2,2
9094-AZPHK,8,3,11,4,6.97,0,0,7,1,0
3649-JPUGY,4,0,7,22,8.89,1,0,6,1,1
4472-LVYGI,3,1,7,2,4.6,1,0,6,2,1
8372-JUXUI,8,6,7,17,10.79,0,5,3,1,0
3552-CTCYF,0,1,9,36,5.6,5,0,8,1,0
6778-YSNIH,4,1,7,6,9.77,4,0,4,2,1
0388-EOPEX,6,3,4,31,10.03,3,1,4,4,1
5756-OZRIO,4,0,15,49,7.73,1,1,7,2,0
6579-JPICP,4,0,13,16,7.31,2,2,6,0,0
8205-OTCHB,5,1,1,15,10.97,2,5,3,3,1
4134-BSXLX,4,0,15,4,4.97,3,0,5,1,1
0505-SPOOW,1,0,14,13,8.85,3,2,7,1,0
6235-VDHOM,4,1,5,21,9.3,1,3,3,0,2
7783-YKGDV,4,2,8,73,10.82,5,2,3,1,1
4374-YMUSQ,4,2,10,31,9.44,3,1,4,0,0
4513-CXYIX,0,0,8,7,6.34,1,2,6,3,3
3957-HHLMR,0,0,15,40,7.62,4,4,6,3,0
7803-XOCCZ,4,4,13,8,5.56,2,1,4,1,1
5736-YEJAX,4,0,12,23,2.4,0,1,10,0,0
5609-CEBID,10,4,6,51,10.29,1,5,5,3,1
8981-FJGLA,1,0,3,4,13.25,2,1,3,2,0
7218-HKQFK,5,4,6,5,8.62,3,3,6,2,4
4636-QRJKY,4,1,6,4,10.92,2,3,1,1,2
1135-LMECX,2,2,7,3,9.59,0,4,3,0,0
4332-MUOEZ,2,2,8,14,4.5,0,2,5,0,0
8535-SFUTN,4,3,10,4,6.6,8,1,7,2,0
5956-VKDTT,3,2,5,8,12.42,3,3,2,4,0
8677-HDZEE,1,1,10,14,9.07,1,0,6,0,3
2475-MROZF,2,2,4,31,8.4,5,3,3,1,0
9412-GHEEC,9,2,4,15,6.75,5,2,3,2,3
3482-ABPKK,4,2,8,1,6.37,2,0,6,3,0
6705-LXORM,5,0,7,46,9.02,5,3,4,1,2
0257-ZESQC,4,1,12,8,3.64,3,2,4,2,3
7531-GQHME,1,0,4,13,10.05,1,0,3,1,1
5174-ITUMV,4,3,11,11,9.3,0,1,4,1,0
4109-CYRBD,1,0,8,17,11.1,3,1,4,0,3
0913-XWSCN,5,2,9,11,10.95,3,4,3,2,3
6825-UYPFK,5,2,4,1,10.69,2,3,1,3,1
8397-MVTAZ,3,2,5,14,11.5,1,3,6,1,2
0750-EBAIU,1,0,10,0,6.66,1,2,5,1,1
8606-CIQUL,1,0,7,0,7.02,1,0,4,0,2
3571-DPYUH,6,2,8,5,8.3,4,2,5,3,1
7601-GNDYK,3,2,7,28,5.64,1,1,5,2,0
0356-OBMAC,3,2,11,22,7.38,0,3,1,1,2
8067-NIOYM,3,0,15,17,11.39,1,1,7,2,0
1403-GYAFU,2,0,17,38,5.04,1,3,9,2,1
4234-XTNEA,8,3,7,7,8.47,0,1,4,2,0
1297-VQDRP,1,0,9,28,4.41,1,1,5,1,0
9282-IZGQK,1,1,6,32,8.21,1,3,4,2,3
5348-CAGXB,7,3,7,6,6.81,1,4,4,0,0
0621-HJWXJ,3,0,14,8,7.25,1,0,4,2,1
5844-QVTAT,4,2,9,57,5.99,5,3,6,1,0
8905-IAZPF,0,0,16,8,5.51,1,0,5,1,0
5394-MEITZ,3,2,14,10,5.62,1,1,7,1,0
6859-QNXIQ,1,0,13,6,6.02,3,1,6,0,1
2782-LFZVW,3,1,8,57,3.93,1,1,2,2,2
2866-IKBTM,3,0,14,17,4.71,5,0,3,0,1
1342-JPNKI,7,3,6,90,11.43,3,4,3,2,2
2817-NTQDO,6,1,9,12,8.7,1,3,4,1,1
7129-AZJDE,9,3,14,21,7.75,3,0,7,2,1
6986-IJDHX,4,3,2,17,10.66,3,2,4,2,1
2560-PPCHE,1,1,16,1,6.93,1,0,7,0,1
4676-MQUEA,2,1,7,39,5.14,1,2,6,0,2
8138-EALND,0,0,8,10,3.87,1,2,4,0,1
3580-HYCSP,3,3,9,26,6.64,1,1,6,1,1
1352-HNSAW,3,0,13,5,7.63,7,0,7,0,1
2075-PUEPR,3,1,10,3,9.99,5,2,4,2,2
1982-FEBTD,2,0,11,0,12.11,2,1,4,1,1
5301-GAUUY,4,2,4,1,10.56,1,4,2,1,1
5791-KAJFD,7,1,10,17,6.7,0,0,4,0,2
2654-VBVPB,0,0,8,9,7.15,1,2,7,3,1
1154-HYWWO,2,0,10,13,6.46,1,1,5,1,0
2501-XWWTZ,1,0,12,50,6.15,0,0,3,0,1
3716-UVSPD,6,1,13,8,10.17,3,2,2,3,0
6815-ABQFQ,3,2,12,12,6.68,0,1,8,4,0
7343-EOBEU,3,1,15,8,8.53,4,1,7,1,0
3701-SFMUH,1,1,13,65,8.34,2,1,4,1,1
6103-LIANB,2,0,16,12,2.23,1,2,7,1,1
7319-VENRZ,6,2,10,19,6.04,1,4,3,1,1
5846-NEQVZ,5,1,10,35,8.04,2,4,5,1,2
6967-QIQRV,0,1,8,7,10.11,3,2,4,3,3
5781-RFZRP,4,0,10,29,7.02,3,1,4,0,1
0939-YAPAF,2,0,6,18,11.25,4,1,4,0,1
0308-IVGOK,3,0,10,16,5.13,2,1,6,1,1
7293-LSCDV,2,0,15,40,6.36,4,2,6,1,2
7025-WCBNE,1,1,12,3,4.84,3,2,7,0,0
5756-JYOJT,4,0,7,11,8.94,2,2,6,0,0
4710-FDUIZ,4,2,1,90,9.88,3,5,2,1,0
6030-REHUX,4,1,7,36,11.76,0,2,3,1,2
9548-LIGTA,1,0,12,5,6.25,2,1,8,0,0
5150-LJNSR,3,2,11,3,4.96,1,1,5,0,2
8270-RKSAP,1,1,7,17,9.33,2,0,4,2,1
6522-YRBXD,2,2,6,82,7.15,1,0,4,1,0
2640-LYMOV,1,0,6,48,9.81,1,6,7,1,1
1218-VKFPE,3,2,3,11,8.27,6,1,4,1,4
3627-FHKBK,4,2,9,18,12.36,1,1,3,5,1
2865-TCHJW,5,2,11,35,7.13,4,4,7,1,1
1423-BMPBQ,2,0,10,67,10.01,1,1,6,1,1
2393-DIVAI,0,0,14,6,5.32,2,1,6,3,2
5192-EBGOV,7,2,5,79,8.39,3,3,4,3,0
4568-KNYWR,3,1,24,7,7.83,4,0,4,1,0
8752-IMQOS,4,2,10,3,11.12,0,2,6,2,0
0742-LAFQK,0,0,17,16,7.81,0,2,5,1,2
0795-LAFGP,5,1,12,21,5.22,0,1,1,1,3
0619-OLYUR,2,1,15,15,1.98,1,0,7,3,0
5512-IDZEI,4,0,7,9,9.36,4,2,3,1,0
0459-SPZHJ,3,2,8,9,11.25,1,3,9,0,1
0215-BQKGS,1,0,9,5,9.24,0,0,7,2,0
9244-ZVAPM,4,1,8,9,7.41,2,0,4,1,1
0719-SYFRB,3,0,4,38,8.33,2,1,7,2,4
8208-EUMTE,1,0,15,2,7.98,2,0,8,3,3
5172-MIGPM,3,1,6,5,8.8,3,1,6,3,3
1710-RCXUS,3,1,14,16,11.46,2,0,6,1,0
0374-FIUCA,3,0,16,27,7.16,1,0,6,1,0
5839-SUYVZ,2,1,4,39,9.96,3,2,4,3,1
5173-ZXXXL,2,0,18,25,6.75,1,2,7,0,1
1096-ADRUX,3,2,3,31,5.98,2,0,8,1,2
2001-MCUUW,3,0,16,39,7.22,1,2,7,0,0
2731-GJRDG,7,1,16,61,2.29,4,1,8,1,0
4723-BEGSG,3,1,8,13,7.24,6,1,6,2,1
6516-NKQBO,5,2,15,11,8.16,3,2,5,0,1
8672-OAUPW,3,0,10,11,6.2,1,1,8,2,1
8207-DMRVL,2,1,9,38,7.13,1,3,9,1,1
3419-SNJJD,4,3,7,32,12.06,4,4,1,2,4
6543-CPZMK,1,0,6,42,10.1,2,5,3,1,4
4765-OXPPD,4,0,4,63,9.69,1,3,5,1,2
2804-ETQDK,0,0,13,0,5.5,2,0,6,1,1
6689-VRRTK,4,3,13,90,7.24,6,2,5,1,3
7138-GIRSH,1,0,15,2,10.62,1,0,8,2,1
9396-ZSFLL,5,0,14,70,5.42,2,2,6,2,2
6464-KEXXH,1,1,16,2,6.77,4,1,4,1,1
7134-MJPDY,4,2,11,42,9.45,2,1,6,3,1
5240-CAOYT,6,1,9,6,5.94,1,0,6,1,0
4059-IIEBK,4,0,6,2,10.36,1,2,0,4,0
4881-JVQOD,1,0,13,16,5.72,4,2,9,2,0
0516-UXRMT,0,1,10,10,7.55,0,1,6,1,0
4851-BQDNX,2,0,13,4,9.64,2,2,7,1,1
5148-HKFIR,2,0,12,13,4.44,3,0,8,0,0
1009-IRMNA,6,4,2,41,11.36,2,2,2,3,2
3003-CMDUU,1,1,9,38,9.67,2,4,2,2,2
5016-IBERQ,0,0,10,7,7.4,0,0,6,1,0
6797-UCJHZ,7,4,12,31,10.67,3,2,6,1,1
2469-DTSGX,2,1,6,36,6.75,0,1,5,0,1
4554-YGZIH,3,3,5,8,9.56,2,3,5,1,3
5099-BAILX,5,1,6,39,11.37,4,6,2,1,2
9931-KGHOA,1,0,15,3,11.15,4,2,4,4,1
1775-KWJKQ,1,0,15,13,1.13,2,3,6,2,1
7665-VIGUD,2,0,13,1,2.09,2,1,5,0,0
9411-TPQQV,2,0,11,17,4.39,0,2,5,0,1
7207-RMRDB,4,2,6,54,11.14,4,6,4,0,3
7954-MLBUN,2,1,7,3,7.81,1,1,7,3,0
2077-DDHJK,1,0,16,32,2.67,1,2,7,0,2
4913-EHYUI,4,1,11,4,13.76,2,3,3,2,2
0195-IESCP,10,5,3,90,11.07,5,3,2,3,0
9574-BOSMD,1,0,13,9,5.73,2,1,6,2,1
4580-TMHJU,6,2,2,18,10.92,3,4,2,3,0
0970-ETWGE,2,0,6,12,9.34,3,3,2,2,2
4908-XAXAY,0,0,9,20,9.78,4,3,4,1,0
8404-VLQFB,3,2,11,25,10.42,1,0,6,1,2
1626-ERCMM,1,1,6,5,13.05,4,3,4,3,1
0887-HJGAR,8,4,5,43,10.88,2,2,3,5,2
2391-IPLOP,2,0,19,4,6.64,2,1,8,5,0
5644-PDMZC,6,1,7,32,12.0,7,3,5,2,3
3509-GWQGF,4,1,19,3,11.24,1,2,4,1,0
9576-ANLXO,6,2,5,2,9.43,4,3,5,3,2
2024-BASKD,3,1,7,43,12.81,2,4,0,0,0
5845-BZZIB,3,0,11,20,6.89,2,1,6,1,1
1140-UKVZG,2,0,16,6,5.53,4,1,6,0,0
4160-AMJTL,10,6,8,8,10.67,3,2,3,1,0
5183-SNMJQ,3,1,8,26,6.65,2,2,4,0,1
8100-PNJMH,3,1,11,30,2.77,2,0,7,0,3
7838-LAZFO,1,0,6,18,6.83,1,2,5,3,0
4464-JCOLN,2,1,1,62,14.74,2,4,4,6,1
2085-JVGAD,1,0,9,50,3.71,0,0,2,0,1
5650-VDUDS,2,0,8,54,11.53,2,0,3,3,2
8095-WANWK,2,1,8,1,7.19,0,2,6,3,2
3030-ZKIWL,3,1,12,60,5.87,3,1,5,3,1
9565-FLVCG,3,0,5,17,5.17,1,0,4,1,1
8755-OGKNA,0,0,12,10,7.22,3,1,6,0,0
2800-VEQXM,2,0,12,8,6.58,3,1,6,2,0
7538-GWHML,2,0,9,37,11.07,4,3,4,3,1
5533-RJFTJ,1,1,7,23,12.21,3,2,5,0,2
3859-CVCET,4,2,7,8,10.33,2,4,4,0,1
0214-JHPFW,1,0,13,15,4.53,0,0,6,2,0
5642-MHDQT,4,0,10,0,8.27,2,1,5,1,1
3088-FVYWK,3,2,9,15,5.94,2,1,7,0,0
3276-HDUEG,8,5,5,1,8.96,3,4,2,1,5
9092-GDZKO,2,0,12,3,5.61,1,0,6,0,1
0823-HSCDJ,6,2,12,2,11.83,2,1,1,2,1
3729-OWRVL,1,0,18,6,9.59,0,1,6,1,0
2324-AALNO,3,0,11,4,7.92,3,1,5,2,1
0822-GAVAP,4,2,4,17,6.99,4,1,5,0,0
5760-IFJOZ,4,0,7,30,6.4,2,3,7,2,1
2826-UWHIS,5,1,11,18,7.67,3,2,5,3,1
1448-PWKYE,4,2,5,10,12.29,4,1,1,2,1
7501-IWUNG,1,0,16,3,1.32,3,0,5,1,1
4957-TREIR,4,1,9,90,8.8,2,1,4,0,0
7251-LJBQN,0,0,12,15,8.63,1,0,8,2,3
8040-MNRTF,8,2,8,8,9.2,3,5,6,2,3
1536-HBSWP,1,1,6,45,9.14,2,3,6,1,1
5313-FPXWG,3,1,13,4,9.62,1,1,8,0,1
0067-DKWBL,5,2,4,7,9.5,6,4,4,1,2
0946-FKYTX,1,0,22,10,8.35,4,0,6,2,0
5076-YVXCM,2,1,14,0,3.91,1,1,7,3,1
8262-COGGB,1,0,12,21,7.0,2,2,2,1,1
6663-JOCQO,1,0,18,8,7.74,3,0,4,0,1
9620-QJREV,6,0,9,20,6.61,2,4,6,0,4
2276-YDAVZ,6,3,2,34,7.76,5,3,5,2,2
2682-KEVRP,1,0,13,9,5.61,2,1,6,0,1
2480-JZOSN,2,0,12,8,8.66,1,3,6,3,1
0078-XZMHT,1,0,18,11,5.63,0,0,4,0,0
5896-NPFWW,5,2,10,10,9.78,3,3,5,2,2
9978-HYCIN,2,0,14,26,7.82,3,2,8,1,1
8338-QIUNR,5,1,7,24,7.44,0,1,4,0,1
1525-LNLOJ,4,1,9,53,10.54,1,1,2,1,1
9450-TRJUU,4,1,11,18,10.33,1,0,6,0,2
1766-GKNMI,5,2,9,28,8.46,0,0,7,2,1
6942-LBFDP,6,4,10,6,7.15,3,2,0,1,1
1456-TWCGB,2,1,11,61,10.93,1,2,5,3,1
7133-VBDCG,10,3,6,11,13.24,6,0,3,3,0
7596-ZYWBB,2,1,19,8,3.5,0,2,5,1,1
8329-UTMVM,0,1,6,4,7.74,4,1,3,1,1
3014-WJKSM,2,0,8,3,7.45,3,0,5,0,1
3347-YJZZE,4,1,10,1,6.04,2,1,4,1,1
1029-QFBEN,8,2,11,2,8.92,4,3,3,3,1
7929-DMBCV,6,2,6,7,7.53,4,1,8,2,0
9661-JALZV,2,0,12,90,8.69,5,1,9,1,1
5433-KYGHE,6,0,13,22,5.2,2,3,6,1,3
4312-KFRXN,3,1,11,50,7.41,1,2,5,2,0
5575-TPIZQ,1,1,9,19,5.7,2,3,5,2,1
0114-IGABW,4,0,20,3,8.7,2,2,6,0,1
9944-AEXBM,0,0,5,58,8.45,3,1,6,0,3
1853-ARAAQ,1,1,10,22,9.37,1,3,3,0,1
6952-OMNWB,4,3,14,62,7.57,0,0,4,2,2
4697-LUPSU,0,0,4,31,4.03,3,0,6,1,1
8434-VGEQQ,2,0,9,19,6.6,0,1,5,1,0
4952-YSOGZ,6,2,7,90,13.29,4,4,2,6,0
1589-AGTLK,6,2,6,33,11.01,4,0,3,4,3
5244-IRFIH,7,3,9,18,13.93,6,2,1,2,2
6549-YMFAW,4,1,9,21,11.57,4,1,4,1,1
4950-HKQTE,1,1,5,34,6.15,3,2,3,3,0
6786-OBWQR,2,1,9,19,5.9,3,0,5,2,0
2684-EIWEO,3,2,6,64,12.11,5,2,0,2,2
2753-JMMCV,2,1,8,45,8.56,0,1,4,0,0
6439-GTPCA,4,2,4,8,10.01,4,4,2,3,1
6621-YOBKI,3,0,15,0,4.85,1,0,3,1,2
1216-JWVUX,3,2,8,3,7.29,3,0,4,2,2
7564-GHCVB,5,2,13,9,7.55,4,4,5,4,0
1173-NOEYG,4,1,5,86,9.6,4,0,5,4,1
7595-EHCDL,2,0,9,52,5.71,2,4,4,0,3
6647-ZEDXT,4,1,12,38,9.93,3,1,6,1,2
2521-NPUZR,3,0,13,5,9.33,1,1,5,1,2
1307-TVUFB,4,2,12,21,8.78,0,2,9,1,0
7503-MIOGA,2,0,6,0,7.06,0,0,5,0,1
4381-MHQDC,2,1,11,5,3.29,3,2,3,1,0
6923-JHPMP,4,1,12,24,9.31,5,2,4,0,0
5138-WVKYJ,3,1,8,7,9.11,3,2,1,2,1
4018-PPNDW,3,1,16,15,7.26,3,1,6,2,1
1635-FJFCC,4,1,8,34,4.58,2,0,7,2,3
2499-AJYUA,3,0,10,38,3.85,1,2,5,0,1
6919-ELBGL,7,0,11,27,9.47,1,1,6,0,1
3966-HRMZA,2,0,12,1,6.55,3,1,4,1,0
6425-JWTDV,2,0,14,1,2.65,1,2,5,0,1
8405-IGQFX,2,0,17,2,4.75,3,0,7,1,1
8224-IVVPA,0,0,14,20,7.31,0,1,3,0,0
9477-LGWQI,3,1,19,58,9.1,0,2,6,3,0
1410-RSCMR,2,1,11,14,7.27,3,0,5,0,1
3115-CZMZD,2,0,13,57,7.13,1,2,3,0,0
0139-IVFJG,3,2,4,0,8.36,1,3,4,2,0
6683-VLCTZ,6,5,4,23,11.46,1,0,2,2,3
5730-DBDSI,1,0,9,21,7.65,1,2,7,1,2
0030-FNXPP,3,1,10,14,9.56,2,1,5,0,0
2189-WWOEW,8,3,7,90,13.41,5,1,2,3,2
5684-FJVYR,6,0,17,13,7.62,1,1,7,1,1
4013-GUXND,1,1,9,0,9.72,5,1,7,1,3
1894-IGFSG,6,4,4,9,5.64,1,3,3,2,2
7379-POKDZ,5,1,3,13,10.3,2,1,5,1,3
1266-NZYUI,5,0,11,22,4.63,0,0,5,1,2
7969-FFOWG,5,0,14,28,5.95,3,0,4,0,1
4718-DHSMV,0,0,20,11,5.85,0,2,7,1,0
5175-WLYXL,4,2,6,33,7.96,4,1,5,1,2
7817-OMJNA,3,0,9,69,5.78,1,1,6,1,3
8728-SKJLR,1,0,9,10,6.66,1,1,5,1,0
3137-NYQQI,5,2,12,5,9.36,1,1,6,2,2
7706-DZNKK,3,1,6,0,8.65,2,0,4,1,2
0236-HFWSV,8,4,9,90,9.81,2,2,3,0,2
3900-AQPHZ,3,1,2,90,9.88,4,3,4,1,4
5842-POCOP,7,1,4,37,9.48,3,1,6,5,2
2037-XJFUP,5,2,1,4,11.86,2,2,3,1,0
8823-RLPWL,3,0,9,18,7.22,3,1,9,1,1
9505-SQFSW,3,1,10,3,11.68,2,3,7,1,0
7314-OXENN,10,3,5,18,10.84,3,5,4,1,0
3758-CKOQL,2,1,9,5,8.88,2,2,7,4,2
0322-CHQRU,5,2,10,11,9.21,1,3,6,3,1
5676-CFLYY,4,2,12,0,8.08,3,0,5,0,0
7521-AFHAB,5,2,15,26,9.71,3,2,2,4,0
0285-INHLN,1,1,10,2,8.87,1,0,2,2,0
4678-DVQEO,3,1,0,82,9.15,2,0,2,3,0
5125-CNDSP,5,1,14,14,9.23,3,1,7,0,0
0691-IFBQW,12,6,6,90,13.81,7,2,3,3,1
4992-LTJNE,0,0,26,67,4.05,2,2,8,0,2
2202-OUTMO,2,1,15,5,6.55,2,1,7,6,2
0810-BDHAW,5,0,12,34,6.77,2,3,6,2,0
0229-LFJAF,2,0,12,3,6.2,6,2,6,1,2
7131-ZQZNK,6,0,14,39,6.54,1,1,6,1,0
3442-ZHHCC,1,0,14,39,4.36,1,1,6,2,0
5726-CVNYA,4,2,10,17,9.39,0,0,5,1,2
9871-ELEYA,2,0,15,11,7.42,3,3,3,2,2
4257-GAESD,0,0,8,7,7.29,3,0,4,0,1
5173-WXOQV,7,0,7,9,7.1,6,2,5,2,2
2040-OBMLJ,0,1,10,1,6.58,3,3,5,2,0
6286-ZHAOK,4,0,6,84,6.84,2,3,4,0,3
3807-XHCJH,5,1,12,6,11.61,2,2,4,4,1
3009-JWMPU,7,4,3,34,7.9,2,1,5,1,2
5671-RQRLP,2,1,11,5,6.19,0,3,7,0,1
1450-GALXR,8,1,2,58,6.25,6,1,3,1,3
8859-AXJZP,3,0,12,3,8.28,3,1,4,3,0
3174-AKMAS,3,0,9,1,9.07,3,1,4,1,1
3138-BKYAV,4,2,6,34,6.44,6,4,4,3,0
9926-PJHDQ,5,1,16,5,6.12,2,1,4,1,0
7382-DFJTU,4,1,6,10,6.01,5,1,7,0,2
2798-NYLMZ,1,0,8,16,5.94,0,2,7,1,1
4289-DTDKW,6,3,6,17,11.0,7,1,3,4,1
1820-TQVEV,4,2,7,4,9.87,6,0,2,0,3
2239-JALAW,2,1,10,5,9.83,4,2,4,1,0
4853-RULSV,4,1,6,7,6.96,3,4,3,0,1
8098-TDCBU,4,0,14,3,7.39,1,1,5,0,0
3551-GAEGL,1,0,16,3,8.8,0,2,5,0,1
4785-NKHCX,3,0,9,9,7.72,4,0,6,0,0
3196-NVXLZ,2,0,11,7,4.05,4,1,4,2,0
6275-YDUVO,6,0,8,17,12.43,4,3,3,1,1
0036-IHMOT,1,1,9,22,10.2,1,1,7,1,0
0115-TFERT,3,2,7,43,11.05,3,1,2,1,1
4178-EGMON,2,1,10,10,8.58,1,0,5,0,0
4220-TINQT,5,1,12,3,8.71,2,2,8,0,0
5318-YKDPV,2,1,13,10,9.17,3,0,5,1,2
7975-TZMLR,4,1,10,7,5.87,2,2,7,3,2
0295-QVKPB,4,1,11,0,8.2,2,0,6,1,0
4335-BSMJS,2,0,9,26,1.62,0,1,6,1,1
2311-QYMUQ,4,3,7,5,9.58,5,3,4,2,0
3643-AHCFP,1,0,6,54,11.74,2,0,5,4,3
9146-JRIOX,3,0,5,4,10.55,2,3,3,1,1
3104-OWCGK,6,2,3,11,10.75,6,0,0,2,2
5337-IIWKZ,1,0,13,34,8.84,1,0,7,0,0
9101-BWFSS,8,7,6,60,9.78,2,3,5,6,2
9650-VBUOG,3,1,4,7,9.21,1,0,5,1,0
3487-EARAT,4,2,16,2,7.85,2,2,6,0,0
2672-TGEFF,1,1,7,12,3.17,3,1,5,1,1
9231-ZJYAM,4,2,4,28,11.46,4,5,4,1,2
4250-WAROZ,1,1,7,35,7.9,2,2,6,1,0
8184-WMOFI,8,3,10,34,7.31,2,0,4,2,1
6982-SSHFK,2,0,4,8,11.72,3,4,1,1,2
6092-QZVPP,5,1,6,7,7.37,5,3,2,0,2
4625-LAMOB,4,1,18,0,6.99,1,3,6,3,2
0727-BMPLR,6,3,3,27,10.08,5,5,5,2,1
0392-BZIUW,5,2,10,10,8.09,2,0,2,0,2
1038-ZAGBI,9,3,5,81,5.61,4,4,2,1,0
6549-NNDYT,7,3,12,38,8.98,0,1,7,0,0
3027-ZTDHO,7,3,4,39,11.34,5,2,2,2,1
0422-OHQHQ,5,1,8,6,4.82,3,2,6,1,0
6916-HIJSE,4,2,10,59,7.06,4,5,3,3,1
2316-ESMLS,1,1,10,2,9.95,0,0,3,0,1
9778-OGKQZ,1,0,9,26,4.67,3,1,7,1,2
7408-OFWXJ,1,0,16,19,10.48,2,3,3,2,3
6007-TCTST,5,2,15,25,5.25,1,0,5,2,1
2252-NKNSI,3,0,12,17,8.77,2,0,6,1,0
8713-IGZSO,4,0,7,56,6.23,1,1,7,2,3
7905-TVXTA,6,3,11,21,9.59,6,0,4,0,0
7695-PKLCZ,6,1,10,10,7.62,1,4,5,1,0
2382-BCKQJ,4,1,7,19,10.35,3,2,4,3,3
8374-UULRV,5,2,6,1,5.11,0,0,6,2,0
2207-NHRJK,9,4,4,24,9.9,3,3,2,1,0
3224-DFQNQ,4,1,10,1,4.97,1,0,5,2,0
5275-PMFUT,5,1,9,10,5.58,4,3,4,1,2
4795-UXVCJ,1,0,15,25,9.31,0,1,6,0,0
9777-IQHWP,1,0,15,32,12.3,2,1,7,0,0
0947-MUGVO,5,3,5,5,8.38,3,1,2,1,1
9944-HKVVB,4,0,10,17,10.77,4,2,2,0,4
4124-MMETB,4,0,9,90,11.76,3,3,5,3,2
3671-SHRSP,5,3,10,74,8.67,1,3,3,3,0
0979-MOZQI,2,1,19,7,4.58,0,0,7,0,1
2732-ISEZX,4,1,14,17,7.51,1,3,6,1,2
3313-QKNKB,8,2,5,19,9.87,3,3,3,3,1
0323-XWWTN,2,0,15,13,2.21,1,3,7,0,1
1937-OTUKY,0,1,11,3,7.95,3,3,5,2,0
1573-LGXBA,1,0,15,48,8.44,3,1,6,1,0
1764-VUUMT,2,1,11,48,8.39,3,0,3,0,1
5073-WXOYN,5,2,4,5,9.36,4,1,1,1,0
4713-ZBURT,3,1,19,9,3.52,3,0,5,1,0
3050-GBUSH,2,2,11,5,7.63,1,2,4,1,0
0207-MDKNV,4,1,2,27,8.36,5,3,5,3,0
7876-AEHIG,5,1,10,30,6.34,0,3,5,0,1
7945-HLKEA,3,0,11,90,7.23,3,0,5,0,1
9342-VNIMQ,2,1,10,4,9.2,2,2,6,1,0
9851-KIELU,8,2,5,7,12.0,2,6,5,0,1
3523-BRGUW,3,0,9,24,8.21,4,2,5,1,0
3908-BLSYF,3,1,6,65,9.94,0,6,3,2,2
3199-NPKCN,1,0,14,29,8.46,3,0,4,2,1
5170-PTRKA,1,0,10,1,4.77,0,2,3,1,1
4661-NJEUX,2,2,15,5,6.5,2,1,6,2,0
2123-AGEEN,3,0,11,37,11.68,4,3,4,1,0
1258-YMZNM,1,0,14,25,10.31,3,2,6,2,2
0048-LUMLS,3,1,13,16,2.63,0,1,7,1,1
7549-MYGPK,1,1,6,23,8.82,2,2,2,1,2
5898-IGSLP,3,1,14,9,9.55,0,4,4,2,2
3804-RVTGV,9,4,2,90,10.63,0,2,4,2,3
6259-WJQLC,0,1,12,6,7.5,3,2,6,4,0
9227-LUNBG,5,3,8,47,7.47,5,2,5,0,1
7997-EASSD,2,2,9,8,6.15,1,0,4,1,1
0730-KOAVE,4,3,7,31,6.68,3,1,3,4,3
8975-SKGRX,0,0,12,4,9.67,1,3,6,1,0
0678-RLHVP,1,0,8,5,5.64,1,0,8,1,1
4315-MURBD,2,1,7,56,10.17,3,3,5,1,1
2267-FPIMA,2,1,13,80,7.87,1,1,4,0,0
1051-GEJLJ,4,0,7,53,7.7,5,3,5,2,0
9734-YWGEX,4,1,10,60,9.82,4,2,5,2,1
2719-BDAQO,5,3,6,2,7.35,2,1,4,4,1
5285-MVEHD,2,1,9,23,7.36,2,1,2,1,1
0379-DJQHR,0,0,12,28,6.05,1,1,7,0,0
0781-LKXBR,5,2,6,25,8.75,1,1,2,3,2
5543-QDCRY,3,0,10,6,10.6,1,1,5,3,0
0297-RBCSG,4,1,9,51,10.39,1,0,7,0,1
4694-PHWFW,2,0,11,23,9.71,0,2,6,1,2
0835-JKADZ,3,1,11,23,9.99,0,3,6,1,1
1907-UBQFC,5,3,9,48,8.63,0,3,4,0,3
7508-SMHXL,2,1,10,7,7.81,3,1,5,3,3
3865-YIOTT,2,0,8,32,5.86,4,1,5,2,0
5993-BQHEA,3,1,15,16,7.15,4,0,8,0,1
6024-RUGGH,1,1,6,18,5.73,1,1,6,2,1
6513-EECDB,3,1,4,4,7.83,3,2,2,2,3
3956-CJUST,2,0,13,4,3.17,1,0,5,2,0
4079-WWQQQ,2,1,12,29,8.19,1,0,5,3,4
6103-BOCOU,2,0,10,23,11.03,6,3,6,4,0
5149-TGWDZ,2,0,15,1,8.67,0,1,7,2,0
7471-WNSUF,2,0,12,3,8.42,0,4,7,0,2
8942-DBMHZ,5,1,14,18,8.89,3,1,4,0,2
4301-VVZKA,3,2,11,4,7.58,4,1,5,0,0
9199-PWQVC,6,3,9,59,3.58,1,1,4,0,0
4824-GUCBY,7,3,10,17,6.0,3,2,3,2,1
5393-HJZSM,4,0,7,4,7.86,1,1,4,0,2
7074-IEVOJ,2,0,7,33,5.57,5,5,4,4,2
9625-QSTYE,2,0,8,24,11.05,6,1,3,1,0
0862-PRCBS,2,1,16,2,8.03,0,1,5,1,1
8812-ZRHFP,2,1,6,46,8.79,3,0,5,3,2
5146-CBVOE,1,1,10,34,9.78,1,2,7,1,2
0454-OKRCT,6,1,11,89,4.08,3,0,4,0,2
5787-KXGIY,0,0,14,17,6.02,0,1,2,2,2
4750-ZRXIU,4,2,9,83,7.64,3,0,3,5,1
4198-VFOEA,2,0,16,42,6.27,1,4,4,3,1
6630-UJZMY,3,0,11,90,7.11,3,3,5,0,1
5709-LVOEQ,2,0,10,3,2.37,3,5,4,0,0
6400-BWQKW,2,0,5,37,11.29,2,1,0,2,1
2692-AQCPF,2,0,8,3,10.49,0,2,4,3,0
0347-UBKUZ,2,0,7,82,6.62,2,1,6,1,2
0835-DUUIQ,5,2,13,82,6.04,0,1,5,0,3
0811-GSDTP,4,2,11,90,9.98,3,3,6,3,1
7567-ECMCM,3,0,5,24,8.0,1,1,5,0,1
6115-ZTBFQ,2,0,13,4,8.74,1,1,3,1,3
6353-BRMMA,3,2,15,21,5.91,2,0,5,1,1
6680-WKXRZ,4,4,6,90,11.11,3,4,5,2,1
6231-WFGFH,2,1,8,13,8.67,0,1,5,4,0
9904-EHEVJ,2,0,12,21,5.6,0,1,8,2,0
7028-DVOIQ,9,5,5,2,9.83,2,2,3,3,0
6169-PPETC,0,0,12,1,1.16,0,1,9,1,0
4208-UFFGW,5,1,5,2,9.25,3,4,4,3,2
8584-KMVXD,1,0,8,22,8.43,3,2,2,2,1
8467-WYNSR,9,5,9,9,7.04,1,2,4,2,1
0851-DFJKB,2,1,10,0,5.59,3,2,7,1,1
5382-SOYZL,3,1,12,49,10.55,2,0,4,0,1
9448-REEVD,2,1,10,27,12.41,7,3,3,1,1
3261-CQXOL,4,0,14,59,6.83,1,1,6,0,2
8388-FYNPZ,4,2,6,31,9.56,3,1,4,1,3
4002-BQWPQ,1,0,10,28,4.01,2,0,5,0,1
5651-YLPRD,1,0,9,8,6.03,6,2,5,1,4
2826-DXLQO,6,2,7,0,7.6,1,1,4,2,0
4378-BZYFP,2,0,8,18,5.18,0,1,7,0,2
9489-UTFKA,1,1,18,0,9.32,3,1,4,1,1
4849-PYRLQ,1,1,9,5,5.88,3,0,5,0,1
9117-SHLZX,7,2,7,69,7.46,4,1,6,2,0
9889-TMAHG,4,1,10,45,13.86,4,0,6,1,1
4541-RMRLG,1,0,5,90,13.57,4,3,3,1,1
7764-BDPEE,0,0,9,25,8.81,3,0,4,1,1
3429-IFLEM,5,1,14,85,3.6,3,2,7,5,2
3158-MOERK,6,2,2,4,12.87,2,3,7,1,1
7294-TMAOP,2,0,7,67,12.79,4,4,1,5,2
5002-GCQFH,0,1,11,31,4.31,1,1,6,1,3
0556-FJEGU,2,1,14,3,2.64,1,4,6,0,1
8919-FYFQZ,2,0,4,32,8.81,3,6,2,1,1
0604-THJFP,2,1,15,9,7.26,1,0,8,2,0
2834-JRTUA,5,1,3,30,12.66,0,1,2,5,2
5875-YPQFJ,5,2,5,25,6.17,1,1,2,2,1
5879-SESNB,4,1,9,24,11.6,3,2,5,1,2
6646-QVXLR,4,0,4,35,6.45,3,2,1,1,0
6461-PPAXN,2,0,6,17,9.12,0,1,5,3,1
3318-ISQFQ,4,3,7,4,7.82,1,2,3,1,3
1106-HRLKZ,0,0,18,2,8.85,2,1,6,1,0
2483-XSSMZ,2,1,11,76,8.23,2,0,7,2,1
8603-IJWDN,5,3,4,3,9.8,4,1,4,2,1
8165-ZJRNM,4,2,9,12,8.56,4,1,7,0,1
9369-XFEHK,3,2,10,90,8.34,3,3,5,0,2
2604-XVDAM,2,0,13,6,6.72,0,1,8,2,0
3717-OFRTN,5,0,10,21,5.2,3,1,2,1,2
9046-JBFWA,3,1,11,38,8.94,1,1,6,3,0
3280-NMUVX,1,1,17,5,9.26,1,3,4,2,1
1206-EHBDD,6,2,6,23,8.71,0,2,4,0,3
8361-LBRDI,3,2,15,12,8.25,2,0,3,1,2
4883-KCPZJ,4,1,7,90,7.5,1,3,8,0,2
9108-EQPNQ,5,0,12,10,12.73,1,0,2,0,1
7277-KAMWT,1,1,14,9,7.11,1,1,6,0,2
3842-IYKUE,5,3,4,58,6.78,7,4,6,1,2
6641-XRPSU,5,2,6,8,11.04,2,3,3,2,0
1374-DMZUI,3,2,6,0,10.03,5,4,0,2,0
2545-LXYVJ,2,0,10,1,11.22,2,2,9,3,0
3234-VKACU,0,0,9,28,8.28,3,1,8,3,0
8357-EQXFO,3,1,2,84,7.2,1,1,2,3,1
1989-PRJHP,3,1,3,0,13.29,2,4,5,3,2
8120-JDCAM,3,1,11,18,8.4,1,1,6,0,0
8917-FAEMR,4,0,10,33,6.33,2,2,3,0,2
7047-YXDMZ,5,0,10,24,12.17,3,0,7,5,2
2858-EIMXH,2,0,13,9,7.6,2,2,4,0,2
9524-EGPJC,7,3,7,5,8.82,6,3,3,0,6
6993-OHLXR,4,1,6,25,11.81,4,2,4,2,2
8818-XYFCQ,6,2,7,0,11.84,4,5,4,1,0
6419-ZTTLE,2,0,8,90,9.57,4,0,6,2,1
0929-HYQEW,4,0,17,45,9.78,3,1,4,1,1
6614-YOLAC,6,2,18,50,3.95,1,1,1,1,1
7426-RHZGU,3,1,16,19,9.41,2,3,4,1,2
4065-JJAVA,1,0,10,29,7.26,1,2,7,3,1
4695-VADHF,9,1,5,62,10.12,1,1,1,2,2
3863-IUBJR,5,2,10,12,8.76,3,3,3,1,6
7649-SIJJF,2,0,16,7,6.19,3,2,6,4,1
9361-YNQWJ,5,2,14,19,6.4,1,0,6,1,2
3748-FVMZZ,2,0,9,6,8.04,1,0,7,2,0
9391-TTOYH,2,1,10,24,3.55,2,0,4,1,2
1452-XRSJV,3,2,7,28,9.19,0,3,5,0,0
3422-WJOYD,1,1,6,29,9.31,0,0,6,0,2
8242-SOQUO,6,3,10,41,9.39,1,3,5,1,0
7460-ITWWP,3,0,4,90,9.59,1,0,2,0,1
7147-AYBAA,0,0,13,41,8.72,4,2,8,0,0
7868-TMWMZ,3,0,11,19,7.75,2,2,7,3,2
4822-RVYBB,8,3,4,73,14.2,1,1,2,4,2
6732-FZUGP,4,1,7,11,7.43,1,0,6,1,2
8436-BJUMM,4,2,2,65,11.86,6,2,3,3,2
4184-TJFAN,8,6,3,19,8.15,5,0,4,1,2
8329-GWVPJ,4,3,9,4,8.09,0,0,7,0,2
1352-VHKAJ,2,0,11,18,9.95,5,2,3,0,2
4145-UQXUQ,2,2,6,0,9.57,3,2,6,2,3
2632-TACXW,2,1,14,39,6.17,4,1,8,1,1
8146-QQKZH,2,1,19,4,7.41,2,2,5,1,4
1767-CJKBA,0,0,14,26,7.11,2,1,2,0,1
6445-TNRXS,0,0,11,41,5.96,2,1,5,3,1
4581-LNWUM,3,1,12,48,6.85,4,0,6,3,2
4869-EPIUS,4,0,14,5,8.41,4,1,3,1,0
9948-YPTDG,6,2,4,23,5.07,1,6,2,1,0
1236-WFCDV,5,0,5,3,9.96,5,2,4,2,2
1915-OAKWD,5,1,7,15,5.92,1,0,5,0,3
7296-PIXQY,6,2,13,40,7.93,5,4,3,1,0
4883-QICIH,6,1,10,75,7.36,3,1,4,1,2
3354-OADJP,4,2,23,71,6.15,1,1,6,1,1
3524-WQDSG,3,0,14,44,11.01,2,0,8,2,1
0810-DHDBD,1,0,18,16,4.76,1,0,9,0,1
4026-SKKHW,1,0,13,8,6.65,4,2,5,0,0
2829-HYVZP,2,0,12,27,5.93,2,1,6,0,2
8329-IBCTI,4,1,5,1,5.63,8,4,3,1,2
1271-SJBGZ,8,4,3,27,6.36,2,3,2,1,1
3845-JHAMY,1,0,9,22,8.65,3,2,6,0,0
7013-PSXHK,3,0,15,8,5.98,1,2,4,3,0
5669-SRAIP,8,3,4,7,13.53,3,1,3,3,2
5981-ITEMU,5,1,6,4,7.93,0,1,2,1,3
3486-NPGST,0,1,6,16,11.59,1,0,4,3,0
6941-PMGEP,2,1,6,61,6.39,3,5,2,1,5
1624-WOIWJ,3,0,6,12,9.56,4,2,2,3,0
2074-GKOWZ,4,2,8,12,8.08,1,1,4,2,2
0376-YMCJC,6,3,4,35,11.42,5,3,4,1,1
6100-FJZDG,2,0,8,13,5.77,3,0,6,4,2
4829-ZLJTK,1,1,10,60,7.2,1,4,5,0,1
1730-VFMWO,1,0,13,5,7.13,2,0,6,0,0
7143-BQIBA,3,0,8,80,13.31,3,2,3,1,2
3800-LYTRK,2,1,12,10,9.64,1,4,6,0,1
0634-SZPQA,9,6,3,38,8.93,3,6,3,3,4
9646-NMHXE,7,1,13,36,4.59,0,0,5,2,1
7030-NJVDP,4,0,9,32,6.52,5,4,6,2,1
5536-RTPWK,11,5,8,6,7.68,1,3,6,3,4
8883-GRDWQ,3,1,10,16,9.32,3,3,7,1,0
6166-ILMNY,3,1,7,72,8.38,3,4,4,1,2
3097-NNSPB,5,4,9,21,12.21,2,2,4,3,0
7771-ZONAT,4,0,13,1,9.46,6,1,6,1,0
0655-RBDUG,5,3,7,90,9.49,3,6,4,4,2
2111-DWYHN,1,1,12,14,4.26,0,3,6,1,0
4194-WHFCB,3,0,12,3,9.42,2,1,7,1,2
4121-AGSIN,4,1,14,14,5.2,1,1,5,0,1
4361-BKAXE,2,0,4,36,9.95,5,2,3,1,0
9845-PEEKO,3,1,9,4,10.16,2,3,7,1,1
0455-XFASS,2,1,11,90,3.89,1,4,3,2,2
0301-KOBTQ,1,1,10,63,6.72,1,2,5,4,1
1751-NCDLI,4,1,9,72,6.76,2,2,4,3,0
4367-NUYAO,2,0,9,2,6.57,2,2,5,2,0
9878-TNQGW,5,1,6,16,7.06,0,0,5,1,3
9170-ARBTB,1,0,17,1,11.29,0,2,9,2,0
4441-NIHPT,5,2,6,48,10.23,2,2,2,1,2
8999-BOHSE,4,3,8,45,5.74,3,1,1,1,0
7241-AJHFS,1,0,10,30,7.84,1,2,5,1,0
7029-RPUAV,6,2,8,50,12.18,4,2,3,1,2
4546-FOKWR,0,1,12,1,7.66,1,1,4,1,0
9036-CSKBW,4,0,11,13,10.33,2,1,6,6,2
5832-TRLPB,2,2,14,47,3.0,2,2,5,1,2
8590-YFFQO,2,0,17,4,9.7,0,0,7,0,0
8659-IOOPU,5,0,6,23,7.1,0,2,6,3,2
1338-CECEE,2,1,14,29,4.99,1,1,2,2,2
7439-DKZTW,3,1,10,48,10.27,4,3,3,2,2
4646-QZXTF,4,2,7,3,9.96,1,4,4,1,2
4607-CHPCA,7,4,4,25,12.93,4,3,1,2,1
9742-XOKTS,5,0,9,20,10.95,2,0,6,1,2
6921-OZMFH,4,0,10,8,8.43,1,2,6,0,0
9578-FOMUK,1,0,11,21,5.17,2,3,5,2,3
4712-UYOOI,4,1,1,3,4.5,2,2,4,3,2
8824-RWFXJ,8,3,2,2,6.44,3,3,3,2,2
7722-CVFXN,2,0,9,45,6.97,3,1,4,2,1
8717-VCTXJ,1,0,13,0,7.04,2,2,6,0,0
7363-QTBIW,4,1,10,9,9.57,4,1,3,5,1
4159-NAAIX,2,0,9,5,7.77,5,1,5,3,0
0971-QIFJK,3,0,5,36,4.95,4,1,5,1,0
9397-TZSHA,2,0,11,14,10.42,4,1,4,0,2
3391-JSQEW,1,1,6,11,11.2,2,3,8,1,2
0343-QLUZP,3,1,14,6,5.78,3,2,5,0,1
9763-PDTKK,4,1,5,5,9.67,2,2,4,3,1
2176-LVPNX,2,1,11,30,7.88,0,0,6,0,0
7627-JKIAZ,6,2,6,32,12.79,2,1,1,4,3
3312-UUMZW,3,1,7,19,9.13,0,0,5,1,3
1271-UODNO,7,1,3,17,5.98,1,2,4,1,0
8461-EFQYM,3,1,9,25,5.87,4,0,5,3,1
6900-RBKER,0,1,7,10,5.02,1,0,6,3,1
6891-JPYFF,3,0,5,85,7.47,7,2,5,1,1
1459-QNFQT,0,0,10,66,5.46,1,1,5,0,1
1047-NNCBF,4,0,6,54,5.57,1,0,6,0,3
3696-XRIEN,2,0,4,26,8.52,2,3,8,1,1
4081-DYXAV,3,1,5,6,9.08,0,4,0,2,1
0074-HDKDG,1,0,13,20,7.95,1,3,5,2,2
8791-GFXLZ,1,0,8,5,4.99,2,1,4,2,1
8111-SLLHI,8,3,5,90,11.92,3,5,2,4,2
0927-LCSMG,7,2,4,20,11.61,5,4,2,1,2
9330-DHBFL,2,1,14,8,9.46,0,2,5,0,0
0098-BOWSO,1,0,7,9,7.48,0,1,8,0,0
3452-ABWRL,1,1,12,28,6.4,0,1,5,1,0
5859-HZYLF,1,1,13,16,7.98,1,0,7,0,1
8257-RZAHR,3,0,4,16,12.45,5,3,3,2,1
5293-WXJAK,9,5,5,13,9.83,0,3,3,2,0
3156-QLHBO,2,2,13,5,5.23,1,1,6,1,0
2208-NQBCT,2,0,18,54,7.12,4,2,4,2,1
1779-PWPMG,2,1,6,84,10.75,2,0,6,0,3
6621-NRZAK,4,0,11,4,8.61,2,1,8,4,0
0831-JNISG,3,0,13,15,7.64,2,1,4,2,1
0774-IFUVM,1,0,10,2,6.79,3,1,7,0,2
3082-WQRVY,5,0,14,6,10.78,1,3,6,6,1
9553-DLCLU,4,1,14,5,6.03,2,3,5,0,0
1641-BYBTK,3,1,16,29,6.55,3,1,6,3,0
2460-NGXBJ,6,0,9,7,8.04,5,1,7,1,1
2446-ZKVAF,1,0,7,27,8.25,1,0,3,0,2
0841-NULXI,2,0,9,47,8.31,3,1,3,2,1
3522-CDKHF,3,2,12,20,9.87,2,1,3,1,2
1430-SFQSA,3,1,15,1,8.62,3,1,3,1,0
0411-EZJZE,3,0,16,13,8.12,0,2,7,2,3
7851-WZEKY,2,1,6,14,10.8,1,0,1,1,1
8844-TONUD,3,2,4,8,8.86,2,1,5,0,1
8807-ARQET,4,2,11,28,11.59,0,3,6,1,0
8992-CEUEN,2,1,5,46,11.08,4,2,5,1,1
4320-QMLLA,4,1,7,32,6.54,2,0,4,2,0
8777-PVYGU,5,0,15,11,6.47,4,1,7,1,1
8292-ITGYJ,5,2,15,13,9.79,2,0,7,1,1
6870-ZWMNX,1,1,15,7,8.41,1,1,6,2,2
0621-CXBKL,1,0,18,6,7.36,3,2,8,2,1
5268-DSMNQ,4,1,9,18,6.23,2,0,5,2,0
5334-JLAXU,4,1,13,20,4.78,0,1,6,0,1
4086-YQSNZ,6,2,2,24,10.08,2,4,3,1,2
6242-MBHPK,3,1,15,36,11.07,2,2,8,1,2
5868-CZJDR,4,0,6,1,12.26,0,3,2,4,8
9359-UGBTK,2,0,11,7,8.21,1,5,7,2,0
0135-NMXAP,4,1,3,90,11.39,4,1,4,4,1
4782-OSFXZ,0,0,18,12,2.1,1,0,7,4,0
6479-OAUSD,5,1,16,5,7.44,0,1,6,0,0
7129-ACFOG,4,1,5,1,9.58,4,2,3,2,1
4189-NAKJS,5,1,17,38,5.21,2,2,5,1,2
5562-BETPV,3,0,11,0,11.61,2,1,5,1,1
1282-IHQAC,2,0,14,7,7.94,4,2,6,1,0
9127-FHJBZ,2,0,15,7,8.13,2,3,6,2,0
6270-OMFIW,7,0,8,49,8.31,7,3,4,1,1
1641-RQDAY,1,1,10,34,8.75,3,1,6,4,2
0107-WESLM,2,1,5,12,10.24,3,2,5,1,0
6994-ORCWG,4,1,15,48,11.12,1,1,5,1,1
1346-UFHAX,3,1,13,5,9.16,1,2,7,3,0
3992-YWPKO,6,2,5,38,10.34,4,4,5,4,3
2933-XEUJM,0,0,13,26,4.23,2,2,4,1,2
0125-LZQXK,2,0,3,82,7.49,3,2,4,2,1
5461-QKNTN,2,1,10,11,3.26,1,0,2,1,1
4835-YSJMR,5,1,17,16,5.85,1,0,8,1,1
8399-YNDCH,11,6,5,21,11.01,3,4,7,1,1
3164-YAXFY,2,1,8,3,7.54,1,3,6,1,1
0887-WBJVH,2,0,10,2,9.27,3,0,4,1,2
4660-IRIBM,1,1,13,22,12.29,2,0,5,2,0
5673-FSSMF,6,3,8,12,8.0,5,2,2,1,1
7670-ZBPOQ,3,1,5,1,5.05,2,2,4,2,4
8089-UZWLX,0,0,10,42,7.92,2,4,2,2,0
0080-OROZO,5,1,4,18,4.9,3,1,4,2,1
3916-NRPAP,3,0,5,35,7.87,6,2,4,1,0
6807-SIWJI,6,0,10,20,7.51,1,0,4,4,3
8221-HVAYI,4,1,10,39,5.18,4,0,5,1,1
1579-KLYDT,3,0,5,23,7.36,2,3,3,3,1
5232-NXPAY,3,0,8,28,6.49,3,1,4,1,0
8967-SZQAS,3,0,7,5,7.37,0,2,4,3,0
4468-KAZHE,1,1,5,4,8.11,2,0,4,1,4
0455-ENTCR,5,0,18,2,9.35,0,0,6,1,1
8944-AILEF,2,2,12,34,9.35,3,2,7,0,1
5542-NKVRU,4,1,7,42,8.72,2,1,9,1,2
7126-RBHSD,2,0,14,10,9.05,3,2,6,2,1
5370-IIVVL,3,0,9,0,4.76,2,0,6,0,1
6789-HJBWG,3,0,10,33,8.95,4,1,4,1,1
3927-NLNRY,3,1,9,29,7.91,3,3,7,1,0
9087-EYCPR,2,0,12,23,8.23,3,1,7,0,0
6791-YBNAK,4,2,8,50,11.04,1,2,5,0,0
6358-LYNGM,5,2,4,33,11.94,2,6,4,1,0
6077-BDPXA,1,0,8,5,9.7,3,0,5,2,2
0013-MHZWF,2,0,5,17,5.18,3,1,7,1,1
5494-HECPR,5,2,5,49,10.01,2,3,3,1,1
8268-YDIXR,2,2,7,28,8.37,1,0,4,1,1
9824-BEMCV,5,2,9,90,12.11,4,3,3,2,0
1373-ORVIZ,5,1,1,12,8.53,2,1,1,1,0
4291-SHSBH,4,3,10,5,8.01,2,0,6,2,0
6980-IMXXE,0,1,14,9,9.99,1,1,7,1,1
9866-QEVEE,6,3,5,5,9.98,3,2,4,2,2
9897-KXHCM,3,2,6,14,5.48,2,1,5,1,1
0040-HALCW,1,0,14,13,4.01,1,1,3,1,2
0784-GTUUK,3,0,14,2,4.71,1,1,6,1,2
7979-CORPM,7,2,4,28,7.94,5,0,3,0,0
2294-DMMUS,4,1,15,48,8.78,0,2,4,2,2
0872-JCPIB,2,1,11,18,10.08,0,4,5,4,2
3055-MJDSB,4,1,13,7,11.1,4,4,3,1,0
9091-WTUUY,6,1,11,16,10.19,3,1,7,1,0
1618-CFHME,9,5,3,7,8.9,3,4,0,2,1
3165-HDOEW,7,2,12,44,9.54,1,2,1,4,1
6581-NQCBA,4,2,2,71,9.87,1,1,1,2,1
7115-IRDHS,5,2,7,17,13.4,3,1,6,0,1
8496-DMZUK,4,0,10,2,8.13,0,0,4,2,0
2040-VZIKE,5,1,14,35,7.98,2,3,6,0,0
9068-VPWQQ,2,0,8,43,5.7,1,1,4,1,0
0178-SZBHO,5,0,6,25,10.36,4,3,5,1,1
0384-RVBPI,3,1,13,5,4.75,2,3,6,0,0
1689-MRZQR,3,2,5,90,10.54,2,3,4,2,1
1299-AURJA,2,0,14,0,7.06,1,1,4,0,2
4525-VZCZG,2,1,10,21,7.24,0,1,5,1,0
1543-LLLFT,4,0,17,58,11.03,1,3,3,0,1
5835-BEQEU,4,3,6,22,11.17,7,1,7,1,1
2788-CJQAQ,5,1,17,4,9.76,2,1,7,1,0
5565-FILXA,3,2,5,18,7.73,2,4,4,2,3
0319-QZTCO,5,0,13,2,10.65,3,1,4,4,1
2120-SMPEX,1,1,10,25,11.17,2,2,4,0,0
0096-FCPUF,3,1,8,14,7.78,2,1,7,1,0
0668-OGMHD,5,4,15,18,7.82,1,0,4,2,0
5552-ZNFSJ,11,4,8,4,8.37,0,0,4,3,1
2223-KAGMX,4,3,6,17,10.07,0,3,5,1,0
6507-ZJSUR,3,1,12,0,7.97,4,2,3,0,1
9408-HRXRK,3,0,13,14,6.76,1,1,6,1,1
5593-SUAOO,1,0,17,28,7.62,1,2,5,0,0
7321-PKUYW,2,0,6,11,10.42,2,2,2,1,2
2833-SLKDQ,6,3,5,12,9.14,3,6,3,3,1
6766-HFKLA,6,1,6,21,7.23,1,1,6,1,1
7595-EUIVN,6,3,9,54,6.64,3,3,1,3,2
7617-EYGLW,3,1,10,47,7.31,4,0,7,0,5
2026-TGDHM,5,2,5,2,7.53,3,0,1,1,1
9220-ZNKJI,1,0,10,0,6.43,3,3,2,1,2
4030-VPZBD,7,3,6,2,10.56,3,2,2,3,1
2226-ICFDO,1,0,9,1,3.78,0,2,4,1,2
0723-VSOBE,2,1,10,19,6.94,0,0,5,1,1
5529-GIBVH,2,1,13,9,8.75,1,2,5,1,2
4187-CINZD,2,1,5,90,6.83,4,1,1,1,2
9992-UJOEL,0,0,7,3,7.02,1,5,4,2,1
4741-WWJQZ,3,0,9,4,5.62,0,1,6,0,0
6625-UTXEW,6,2,8,15,10.05,5,2,8,0,0
6818-WOBHJ,4,2,7,23,8.65,3,4,3,1,2
6244-BESBM,3,2,13,21,5.96,0,1,6,2,1
1004-NOZNR,4,3,12,9,9.17,0,3,4,1,0
1251-STYSZ,2,1,10,90,7.43,3,1,5,0,2
2612-PHGOX,6,2,16,29,11.02,1,0,7,0,2
2408-TZMJL,5,3,4,4,10.98,2,1,2,4,0
8480-PPONV,2,0,5,26,8.58,2,1,4,0,2
8780-IHCRN,1,0,9,9,8.82,0,1,5,1,3
4598-ZADCK,5,2,13,9,10.64,2,1,4,0,2
1257-SXUXQ,2,1,16,2,1.33,2,1,4,0,0
9681-KYGYB,2,0,8,3,9.69,1,4,5,0,0
7182-OVLBJ,4,2,14,31,5.39,2,1,4,1,1
5095-ETBRJ,3,2,10,25,4.72,1,2,2,1,0
7005-CYUIL,3,0,5,5,7.05,1,1,5,1,1
4821-WQOYN,4,0,7,6,7.66,1,3,4,3,0
4730-AWNAU,2,1,10,20,3.84,0,3,5,1,0
3452-FLHYD,1,0,10,26,4.71,2,0,6,3,2
2388-LAESQ,4,0,11,8,5.18,1,1,5,2,1
9531-NSBMR,2,0,10,29,4.36,2,1,5,0,1
6260-ONULR,2,1,13,20,7.7,1,1,6,2,1
4389-UEFCZ,2,1,12,16,7.15,1,0,6,1,1
8711-LOBKY,4,1,13,4,7.66,1,1,5,3,4
9134-CEQMF,4,3,2,6,8.34,5,3,3,1,3
8985-OOPOS,4,1,8,16,9.33,0,1,9,0,0
8800-ZKRFW,5,2,7,11,7.17,3,3,6,1,0
2616-FLVQC,5,0,12,4,9.83,4,0,7,1,1
9968-FFVVH,4,1,12,24,7.59,2,0,6,1,4
3108-PCCGG,4,1,9,90,5.65,3,2,5,0,1
7993-PYKOF,4,0,7,15,14.23,4,3,4,5,0
8390-FESFV,4,1,19,3,9.31,3,1,5,0,0
3022-BEXHZ,2,0,13,2,5.79,1,0,5,2,0
5027-XWQHA,4,0,6,9,11.75,1,2,2,2,2
6248-TKCQV,1,0,15,5,7.42,4,0,6,1,0
6729-GDNGC,5,0,17,33,6.71,1,1,5,1,1
6198-ZFIOJ,3,0,8,13,6.48,3,2,4,2,2
5989-OMNJE,4,1,20,10,6.8,3,1,5,2,1
4566-QVRRW,5,3,5,24,10.48,3,2,3,3,1
1291-CUOCY,1,0,10,11,7.76,1,2,7,1,0
9795-SHUHB,2,0,14,9,7.14,1,0,4,0,0
3230-IUALN,4,1,15,23,7.39,2,2,6,3,0
0042-RLHYP,6,2,13,11,4.8,0,2,7,2,0
8519-IMDHU,2,0,3,3,10.7,7,0,3,3,1
4945-RVMTE,3,0,19,15,4.87,1,1,7,1,0
0201-OAMXR,3,1,4,38,6.43,3,4,5,2,3
1866-NXPSP,2,0,14,62,7.26,0,3,4,3,0
3372-KWFBM,5,1,4,23,8.67,4,1,3,0,2
7831-QGOXH,5,1,1,9,8.14,4,3,1,1,0
6393-WRYZE,9,3,4,75,7.17,3,3,4,1,0
3941-XTSKM,4,1,9,42,8.02,5,2,8,2,3
1661-CZBAU,4,1,10,14,5.34,2,0,7,2,1
6599-RCLCJ,4,4,4,20,7.95,2,2,2,3,1
9831-BPFRI,4,0,5,55,10.59,3,2,7,2,2
5158-RIVOP,1,1,12,1,7.65,3,3,6,1,0
9788-YTFGE,2,0,7,5,8.22,1,1,4,5,4
9277-JOOMO,1,1,12,40,7.49,1,0,5,0,0
1907-YLNYW,1,0,17,3,7.76,0,1,5,0,0
1725-MIMXW,1,1,6,45,6.89,3,3,3,3,5
8947-YRTDV,3,1,19,14,9.85,2,1,7,0,0
3161-ONRWK,3,1,17,90,3.19,2,1,5,0,1
0114-RSRRW,6,2,8,45,9.27,2,2,3,1,0
4565-NLZBV,1,0,14,8,5.85,0,0,4,2,0
0031-PVLZI,3,1,3,0,14.13,1,1,3,1,1
7206-GZCDC,2,1,9,1,9.94,4,4,4,1,2
6682-VCIXC,5,1,10,4,8.53,3,1,3,1,1
4791-QRGMF,0,0,9,36,5.5,1,1,3,3,1
6475-VHUIZ,2,2,13,0,10.19,1,3,5,1,1
3910-MRQOY,3,3,10,16,8.23,3,3,4,1,0
0661-WCQNQ,1,0,7,60,2.58,1,2,5,3,1
7537-RBWEA,6,1,12,17,5.75,1,0,6,1,0
4656-CAURT,4,0,12,54,6.76,1,3,6,3,2
0121-SNYRK,3,1,12,1,9.33,0,0,5,0,3
1768-ZAIFU,5,4,6,76,9.29,5,3,3,1,1
4671-LXRDQ,3,1,5,23,7.28,1,3,3,2,2
3733-LSYCE,3,0,6,37,7.18,3,1,4,0,1
6265-FRMTQ,4,2,18,4,8.53,3,1,8,1,0
1934-SJVJK,2,1,6,28,9.66,2,0,3,1,2
3838-OZURD,1,1,7,25,11.12,6,2,4,2,1
1371-DWPAZ,5,1,9,7,1.93,1,0,5,1,0
9269-CQOOL,7,0,8,47,13.48,4,5,2,1,2
2017-CCBLH,3,2,11,10,7.36,1,0,5,1,0
7690-KPNCU,1,0,13,5,7.33,0,1,5,0,0
0536-BGFMZ,2,1,12,47,8.75,3,0,4,2,2
2293-IJWPS,3,0,6,8,10.91,2,0,3,3,0
2845-HSJCY,3,2,4,50,12.16,3,0,2,1,3
5469-NUJUR,2,0,17,43,5.19,1,3,9,0,2
1184-PJVDB,8,4,3,87,6.53,2,2,6,4,4
2625-TRCZQ,1,1,8,19,8.64,2,0,7,1,0
4102-HLENU,0,0,20,11,9.23,3,1,8,0,0
7266-GSSJX,2,0,13,1,9.12,1,3,6,1,1
7722-VJRQD,2,1,19,2,2.12,5,3,4,1,2
7073-QETQY,2,2,9,16,11.5,3,0,7,1,1
9415-DPEWS,4,1,12,81,8.88,3,3,1,2,4
5624-RYAMH,2,2,14,27,9.81,2,0,7,1,2
0196-JTUQI,4,2,13,8,3.96,0,2,6,1,0
7130-YXBRO,2,1,15,0,10.35,3,2,4,0,0
9272-LSVYH,1,0,6,25,9.75,0,0,6,2,1
7943-RQCHR,4,2,5,90,9.02,3,1,2,3,4
3793-MMFUH,5,3,8,10,12.46,2,4,3,3,1
3249-ZPQRG,2,1,7,0,10.28,4,3,3,1,2
2568-BRGYX,5,1,5,35,11.5,4,4,3,1,1
3084-DOWLE,5,1,9,28,7.2,2,1,8,1,2
1084-MNSMJ,3,1,8,6,5.45,3,0,7,0,0
7721-JXEAW,7,3,9,22,13.49,2,2,4,1,1
7249-WBIYX,6,3,12,20,10.81,1,2,2,2,1
4238-HFHSN,3,1,6,7,5.85,3,1,4,0,2
6250-CGGUN,2,0,9,45,8.48,0,0,6,2,3
5478-JJVZK,3,0,9,10,9.46,2,3,4,1,0
7596-IIWYC,3,0,12,13,8.62,1,0,6,3,1
6567-HOOPW,3,1,8,7,14.22,3,1,3,3,1
9793-WECQC,3,1,17,4,9.35,2,2,5,3,0
4291-HPAXL,2,0,14,44,5.44,0,1,5,2,0
8999-YPYBV,2,0,15,32,6.66,4,2,5,1,1
1839-FBNFR,2,1,14,27,9.94,2,1,3,1,1
3164-AALRN,6,1,2,17,8.47,2,3,4,2,2
3071-MVJCD,4,3,15,15,7.5,1,0,5,0,1
1697-BCSHV,4,1,14,64,6.69,1,2,5,3,2
0562-KBDVM,9,5,11,90,7.13,3,2,1,1,0
1131-SUEKT,2,1,10,3,7.5,2,0,6,1,1
3717-OEAUQ,2,2,13,12,7.0,0,2,8,1,0
4538-WNTMJ,7,2,12,4,6.67,0,1,7,0,0
3334-CTHOL,3,1,5,27,6.65,4,2,4,3,5
4704-ERYFC,2,1,9,47,12.29,2,1,3,3,2
9432-RUVSL,2,0,17,41,9.67,6,1,8,2,0
8060-HIWJJ,3,1,9,4,8.09,2,1,5,3,3
7684-XSZIY,1,0,12,27,8.94,1,1,8,0,0
9089-UOWJG,6,3,9,40,9.34,4,1,4,3,4
8621-MNIHH,4,2,9,16,11.48,4,2,6,4,1
8039-ACLPL,2,1,10,24,7.3,2,1,6,1,0
9885-AIBVB,3,0,12,19,10.22,2,3,3,1,1
1934-MKPXS,1,1,14,3,4.83,4,0,3,0,1
2592-YKDIF,1,1,8,25,7.31,2,1,4,3,0
2272-JKMSI,8,1,14,4,3.67,1,1,8,0,0
0471-LVHGK,3,0,10,55,7.55,4,1,2,1,2
9518-RWHZL,2,0,6,11,12.38,2,2,1,2,0
8714-CTZJW,0,0,5,90,8.75,2,1,5,2,1
3569-EDBPQ,3,1,9,14,7.38,3,2,7,2,1
3131-NWVFJ,2,0,11,33,4.58,1,0,9,1,2
7521-YXVZY,1,0,12,34,5.51,5,3,0,0,2
5419-CONWX,5,2,8,51,7.48,3,4,4,1,2
6240-EURKS,6,2,6,0,8.64,4,1,4,2,6
2373-NTKOD,4,2,16,4,1.99,1,2,3,1,1
1970-KKFWL,4,0,13,13,8.66,0,1,6,0,0
6960-HVYXR,2,1,5,36,10.56,7,1,6,3,0
9337-SRRNI,2,1,12,66,8.0,1,0,6,1,1
0895-UADGO,2,0,10,19,8.87,1,1,7,0,0
5678-VFNEQ,1,0,14,22,7.23,0,0,4,1,0
5977-CKHON,3,2,8,6,8.52,5,3,6,3,1
7024-OHCCK,4,2,2,19,9.82,5,2,3,1,0
2692-BUCFV,4,2,4,33,11.79,6,1,4,2,1
7861-UVUFT,8,5,5,59,8.04,2,1,2,2,1
1830-GGFNM,4,0,9,8,9.62,2,0,4,1,0
5302-BDJNT,5,2,3,38,6.48,2,1,4,4,1
5223-UZAVK,2,1,15,2,4.55,3,0,5,1,0
4859-ZSRDZ,5,4,14,40,5.21,1,0,6,1,1
5651-WYIPH,2,1,10,90,4.38,0,3,1,5,2
9350-VLHMB,3,2,8,90,8.71,6,1,6,0,1
3498-LZGQZ,2,0,15,18,4.98,0,2,3,0,0
8785-CJSHH,2,1,9,11,8.53,0,3,4,0,0
5357-TZHPP,4,2,6,37,13.17,4,2,4,3,3
3870-SPZSI,2,2,9,7,6.59,1,1,7,1,3
0680-DFNNY,3,1,7,70,10.68,3,1,4,2,2
7560-QRBXH,1,0,9,3,9.26,1,2,7,0,1
7077-XJMET,5,3,13,24,8.02,1,2,6,0,1
8752-GHJFU,2,1,14,29,8.29,0,3,5,1,1
6896-SRVYQ,3,0,9,28,5.17,3,1,4,2,0
7767-UXAGJ,7,3,4,21,10.16,2,3,3,0,1
4652-ODEVH,2,2,10,0,8.72,2,0,5,1,1
6510-UPNKS,4,3,11,11,10.68,5,4,5,1,0
6718-BDGHG,1,0,13,12,5.9,1,0,5,2,0
9046-DQMTP,2,1,15,26,9.59,1,3,3,5,2
6439-LAJXL,3,0,12,18,5.61,2,2,4,0,3
1571-SAVHK,4,1,7,2,11.77,5,2,5,3,1
9052-VKDUW,5,2,10,66,6.17,0,1,5,1,1
9546-CQJSU,3,1,4,90,10.15,4,3,2,0,3
1666-JZPZT,3,0,13,25,4.81,0,0,8,0,0
5777-KJIRB,2,0,19,21,6.5,0,0,6,1,0
0506-LVNGN,5,1,3,3,9.95,1,3,4,1,1
7677-SJJJK,2,0,16,0,7.1,0,0,5,2,0
2480-EJWYP,3,2,8,25,6.07,2,0,5,1,1
3253-HKOKL,2,0,16,22,6.78,3,3,4,2,0
7055-HNEOJ,4,2,9,23,9.07,1,2,4,3,3
5514-YQENT,4,0,6,0,6.92,2,1,4,0,1
3211-AAPKX,2,1,6,13,6.33,1,4,3,4,1
8445-DNBAE,4,2,3,23,7.37,3,1,4,2,0
2951-QOQTK,5,4,2,7,11.92,2,2,3,1,1
2958-NHPPS,5,1,8,5,7.72,3,2,4,2,1
6806-YDEUL,5,1,15,21,10.32,3,0,5,0,1
1735-XMJVH,3,0,6,2,7.05,4,1,5,1,0
6890-PFRQX,4,0,8,16,7.61,1,3,7,2,1
0222-CNVPT,4,1,6,20,8.66,2,1,3,1,0
5899-OUVKV,1,1,10,12,9.02,2,2,7,1,3
8681-ICONS,2,0,11,50,10.98,4,4,6,0,2
1621-YNCJH,0,0,8,67,3.06,2,1,5,1,3
3473-XIIIT,8,4,9,5,10.91,1,5,4,2,1
6362-QHAFM,2,0,13,0,5.55,1,0,6,2,3
7893-IXHRQ,6,3,10,0,9.7,1,3,1,3,4
3070-BDOQC,4,1,9,15,5.52,4,0,5,0,1
2952-QAYZF,5,4,6,52,10.36,9,3,2,3,1
6234-PFPXL,2,1,8,1,5.43,2,2,2,0,2
9824-QCJPK,1,1,17,10,2.9,1,0,5,0,0
4763-PGDPO,4,1,4,12,7.61,1,3,5,5,2
4283-IVYCI,3,2,12,22,10.44,1,4,4,5,2
1866-OBPNR,2,2,9,26,9.36,2,1,6,1,3
8205-MQUGY,1,0,14,17,9.78,0,0,6,1,4
8970-ANWXO,3,0,15,19,2.57,0,0,4,2,1
9480-BQJEI,4,2,16,43,10.15,3,2,7,2,0
5394-SVGJV,8,3,7,19,14.56,3,2,4,2,3
6979-TNDEU,5,1,10,7,5.66,3,1,4,2,0
9777-WJJPR,1,1,5,63,9.14,1,3,2,0,1
9283-LZQOH,2,1,3,90,8.64,7,2,3,5,2
7079-QRCBC,4,1,7,36,11.35,2,1,2,2,2
9495-SKLKD,0,0,13,20,11.04,5,2,5,2,1
6048-UWKAL,2,0,8,17,5.38,0,1,7,2,1
5067-DGXLL,2,0,15,51,6.01,0,2,6,1,2
5469-CTCWN,2,0,9,75,9.26,2,2,4,1,3
9851-QXEEQ,4,2,5,16,17.16,2,1,4,0,1
6281-FKEWS,2,1,10,17,9.85,5,1,4,3,0
8898-KASCD,2,2,11,4,8.37,4,1,7,2,1
9242-TKFSV,4,3,11,54,9.35,3,1,4,0,2
9290-SHCMB,3,3,9,16,10.64,1,1,4,2,0
0743-HNPFG,3,0,7,1,7.93,2,0,6,1,2
2277-BKJKN,4,1,11,17,7.91,1,0,8,2,2
9809-IMGCQ,10,2,10,22,8.73,2,1,3,0,1
5208-HFSBT,8,4,7,12,10.35,2,3,5,1,0
5035-PGZXH,4,3,16,1,9.16,4,2,4,0,2
8695-WDYEA,4,0,9,25,10.06,1,2,5,2,1
6543-JXSOO,3,1,14,28,6.2,1,1,6,0,1
8016-ZMGMO,3,1,10,8,6.59,0,0,7,0,0
8605-ITULD,2,0,7,34,5.33,3,2,5,1,1
3254-YRILK,8,4,3,55,12.05,4,3,2,3,0
6416-YJTTB,4,1,11,28,8.48,2,0,4,0,2
2667-WYLWJ,5,2,6,90,9.27,3,5,3,2,1
4472-VESGY,3,2,12,0,6.41,1,3,8,2,1
3195-TQDZX,2,0,12,22,6.14,2,0,4,2,4
3128-YOVTD,2,0,11,28,7.4,3,3,9,0,1
0529-ONKER,5,3,8,90,12.93,3,5,3,3,0
1728-CXQBE,0,0,11,21,5.94,3,1,7,0,0
7041-TXQJH,3,1,12,9,4.55,3,1,9,0,0
5014-GSOUQ,5,1,15,20,7.16,3,2,6,0,0
5724-BIDBU,7,1,9,13,10.35,0,2,8,1,1
0481-SUMCB,4,0,9,6,9.61,1,2,5,1,0
1769-GRUIK,1,1,6,38,10.48,2,1,5,2,2
5240-IJOQT,8,2,2,17,8.9,1,5,3,2,3
8819-WFGGJ,4,3,12,6,7.73,1,0,4,0,1
7427-AUFPY,3,0,11,14,7.8,1,0,4,1,1
2811-POVEX,4,2,9,58,8.3,2,0,3,1,1
1092-GANHU,8,5,4,28,9.97,4,4,3,1,1
7898-PDWQE,1,0,11,71,8.68,3,2,7,1,1
9972-EWRJS,4,1,6,20,8.45,1,2,5,0,0
9314-IJWSQ,5,2,15,20,9.63,2,2,8,3,0
0661-XEYAN,4,2,10,65,11.13,2,2,1,0,3
5799-JRCZO,2,1,17,19,5.37,3,1,5,1,0
1921-KYSAY,4,0,10,14,4.81,4,2,6,2,0
6198-RTPMF,6,3,8,28,6.43,1,5,4,1,0
2924-KHUVI,3,1,13,9,9.97,0,1,2,1,3
1925-GMVBW,3,0,3,51,4.71,1,0,6,2,0
7881-EVUAD,6,2,7,20,9.82,3,0,4,2,2
6184-DYUOB,3,0,9,29,7.37,0,0,6,0,1
9207-ZPANB,0,0,17,19,7.42,0,0,7,0,1
5766-XQXMQ,9,2,4,20,7.31,2,2,3,1,1
9327-QSDED,5,2,11,9,3.1,1,1,8,0,1
1656-DRSMG,4,1,9,11,6.42,5,1,7,1,0
3012-VFFMN,5,1,8,46,9.34,0,1,6,1,3
2984-AFWNC,3,2,11,7,11.45,3,1,6,0,2
0640-YJTPY,8,3,9,37,5.57,1,0,6,3,0
8096-LOIST,2,1,19,90,5.1,0,0,6,3,0
9764-REAFF,6,0,14,6,7.87,5,3,1,2,1
3703-VAVCL,5,3,4,9,14.09,1,2,7,0,0
7107-UBYKY,3,0,13,7,8.88,2,2,5,0,0
4881-GQJTW,8,2,11,1,9.22,1,4,6,4,1
8519-QJGJD,4,3,9,13,13.79,1,2,4,0,4
7876-DNYAP,0,0,10,2,9.89,1,1,6,1,3
7905-NJMXS,3,0,10,20,7.89,1,2,5,0,2
2882-WDTBA,2,1,12,14,5.16,2,1,7,0,0
2091-GPPIQ,4,1,17,5,6.5,1,0,8,0,2
6326-MTTXK,7,2,3,22,11.33,4,3,1,3,2
5071-FBJFS,6,3,12,12,6.5,0,2,5,1,1
2796-UUZZO,4,2,7,8,9.51,2,1,5,1,1
2429-AYKKO,5,4,13,0,7.21,2,1,5,1,1
9798-OPFEM,3,0,8,57,7.03,1,0,4,1,1
0330-IVZHA,9,4,10,60,8.05,7,5,2,2,2
3794-NFNCH,5,3,11,17,8.96,3,2,6,1,2
5193-QLVZB,5,0,17,45,8.58,2,0,5,1,0
7114-AEOZE,2,0,18,0,4.0,0,3,7,0,0
2886-KEFUM,2,0,7,24,10.86,2,2,3,2,1
5522-NYKPB,7,1,5,67,10.15,2,1,4,1,2
4237-RLAQD,6,1,5,11,11.58,1,2,2,0,2
9957-YODKZ,3,1,12,1,8.0,4,2,4,1,1
6518-KZXCB,1,0,10,23,6.18,2,2,6,1,1
2245-ADZFJ,3,0,11,10,6.34,2,0,3,1,1
7776-QGYJC,1,0,11,21,4.9,2,0,5,1,2
9313-QOLTZ,2,0,10,27,5.66,2,1,6,2,1
9651-GTSAQ,3,0,2,2,9.23,2,1,1,1,3
3186-BAXNB,5,3,5,90,8.27,3,3,3,1,3
4672-FOTSD,6,2,11,69,8.54,2,3,0,2,2
0637-YLETY,6,3,5,1,12.91,4,0,2,1,1
9818-XQCUV,1,0,10,29,11.0,3,0,5,1,0
7338-ERIVA,3,0,10,17,5.76,1,1,7,1,1
1157-BQCUW,7,4,6,24,13.44,4,3,7,3,1
8259-NFJTV,8,1,8,51,9.55,3,1,6,0,2
3223-DWFIO,4,1,14,30,6.37,4,2,6,2,1
2660-EMUBI,9,4,2,29,10.88,1,5,1,1,7
6968-GMKPR,7,2,7,4,7.65,2,0,5,0,0
4751-ERMAN,2,1,20,14,2.28,1,1,6,1,0
1436-ZMJAN,6,4,11,26,5.22,3,1,2,0,2
3292-PBZEJ,4,0,10,25,9.98,3,0,7,0,2
0799-DDIHE,2,0,15,19,3.97,3,1,6,3,1
3070-FNFZQ,5,1,9,40,10.82,3,1,6,3,1
2812-SFXMJ,4,0,9,3,9.62,2,1,8,0,1
7675-OZCZG,9,4,4,0,11.28,8,5,1,3,0
5014-WUQMG,5,1,13,3,4.5,5,0,3,1,1
5312-TSZVC,1,1,9,1,8.57,2,1,8,2,0
2003-CKLOR,3,2,1,4,11.77,6,4,2,2,0
0993-OSGPT,2,0,9,10,8.95,2,5,7,4,1
9254-RBFON,3,0,3,90,11.78,1,5,4,0,0
1205-WNWPJ,6,5,4,90,13.23,2,4,6,2,1
9391-EOYLI,6,1,8,1,8.47,3,2,5,1,2
7108-DGVUU,4,0,4,3,7.53,1,0,7,1,2
2782-JEEBU,0,0,11,90,5.81,1,1,3,2,0
5127-BZENZ,0,0,17,10,8.92,0,0,6,2,0
2720-FVBQP,1,0,8,23,6.87,0,0,7,0,3
9906-NHHVC,2,0,16,20,4.41,3,0,6,0,1
4522-XRWWI,2,0,15,41,6.44,1,1,5,0,1
3766-EJLFL,2,1,23,3,2.1,2,1,6,2,0
5939-SXWHM,1,0,6,83,7.73,6,1,7,1,2
8152-UOBNY,2,1,12,38,7.46,4,2,4,3,1
7351-KYHQH,5,2,12,3,6.92,2,1,8,0,1
7643-RCHXS,0,0,9,2,8.55,2,1,3,2,0
8246-SHFGA,7,4,17,19,3.32,2,1,5,0,1
8387-MOJJT,7,2,6,0,10.07,7,2,1,0,0
0620-XEFWH,3,0,15,23,7.74,5,0,5,0,4
6485-QXWWE,2,0,7,27,7.15,2,1,5,1,2
2761-OCIAX,4,1,7,19,12.39,3,3,5,0,3
7321-VGNKU,4,1,10,9,7.05,3,2,4,1,1
5327-CNLUQ,1,1,7,18,7.33,1,1,6,1,1
7552-KEYGT,6,3,11,64,8.19,4,1,5,1,0
5816-JMLGY,2,0,12,1,5.67,1,0,6,1,1
3068-OMWZA,2,1,2,81,6.78,8,0,3,0,1
2927-QRRQV,3,1,10,31,11.19,4,1,3,2,2
6032-KRXXO,8,1,6,42,8.37,6,2,2,3,2
7459-RRWQZ,4,1,4,74,8.27,1,3,2,2,4
6265-SXWBU,2,0,8,17,2.66,1,1,6,0,0
7941-RCJOW,0,0,6,2,7.84,0,0,5,3,2
6374-NTQLP,1,0,8,4,8.02,1,0,5,1,0
4154-AQUGT,6,3,6,47,12.42,3,1,3,0,1
2387-KDZQY,2,0,6,31,6.36,3,1,6,1,0
3584-WKTTW,0,0,10,0,7.92,1,1,5,0,0
3399-BMLVW,3,2,10,2,9.24,2,1,5,0,0
1971-DTCZB,2,1,4,20,9.63,2,2,6,1,1
3092-IGHWF,5,2,6,47,10.61,3,3,2,4,1
3374-PZLXD,1,0,12,24,6.94,4,0,6,1,0
3813-DHBBB,4,1,15,35,9.07,3,1,8,0,1
2812-REYAT,6,2,11,17,9.83,5,2,6,2,2
6518-PPLMZ,2,1,11,90,5.01,5,3,7,4,2
4939-KYYPY,4,1,11,22,7.63,3,0,6,1,1
8017-LXHFA,2,0,9,17,11.88,6,0,5,1,1
5930-GBIWP,3,0,16,15,8.06,3,2,5,2,3
6022-KOUQO,1,1,13,37,7.46,2,1,5,1,0
6352-TWCAU,6,1,6,15,8.95,7,0,4,0,1
2361-UPSND,2,1,11,49,10.26,1,1,7,0,0
6035-RIIOM,6,3,14,27,8.45,3,0,6,2,1
2929-QNSRW,3,0,4,5,9.51,8,1,5,0,2
1262-OPMFY,2,2,8,23,9.65,1,6,4,0,3
9504-DSHWM,4,2,13,3,6.44,3,2,6,0,1
5035-BVCXS,5,2,8,20,8.34,5,4,4,2,0
6267-DCFFZ,1,1,7,57,10.67,2,2,4,0,0
3533-UVMOM,5,2,8,21,8.45,0,0,5,3,2
2439-LYPMQ,0,0,14,30,8.33,2,1,5,0,2
4248-QPAVC,5,3,7,27,9.47,6,1,3,1,4
1899-VXWXM,3,1,5,90,11.02,1,0,3,2,2
1478-VPOAD,7,3,9,20,6.13,4,0,3,2,4
9995-HOTOH,3,1,7,14,7.77,1,1,7,1,0
2988-PLAHS,4,2,10,14,4.79,1,2,2,3,0
1371-OJCEK,2,0,13,7,5.7,1,0,5,0,2
4999-IEZLT,2,0,15,69,6.49,0,2,7,3,0
8883-ANODQ,3,1,19,86,7.26,0,1,4,1,0
4690-LLKUA,1,0,6,2,9.06,6,1,5,7,3
2351-RRBUE,4,1,15,0,7.54,3,1,7,0,0
5980-BDHPY,4,1,11,24,5.9,1,1,6,0,0
1498-DQNRX,2,0,11,37,8.11,1,3,6,1,1
9469-WEJBT,2,0,9,41,11.47,4,0,4,1,1
3331-HQDTW,8,2,4,7,7.66,4,1,4,3,1
9490-DFPMD,8,5,6,33,11.15,1,2,3,0,4
2581-VKIRT,7,0,12,57,6.45,2,2,5,2,1
5442-XSDCW,2,1,4,9,11.8,2,2,3,3,0
7426-WEIJX,3,2,5,4,5.84,1,1,4,0,0
2851-MMUTZ,6,2,7,12,9.69,1,0,4,0,0
3049-NDXFL,3,2,3,19,9.14,4,2,3,2,1
8580-AECUZ,10,4,2,88,9.51,6,2,4,4,2
3307-TLCUD,2,1,10,19,7.49,0,0,5,1,2
6625-FLENO,0,1,19,30,4.62,5,2,6,0,0
2967-MXRAV,0,1,9,28,8.75,0,0,6,1,1
7963-GQRMY,2,1,5,1,8.6,1,2,2,2,2
8189-HBVRW,3,1,9,19,9.18,3,1,2,0,2
4163-KIUHY,2,1,14,16,6.39,2,2,7,2,0
1228-FZFRV,8,4,7,46,9.49,7,1,4,1,6
3500-NSDOA,4,1,5,9,9.09,3,0,3,0,0
1171-TYKUR,3,0,12,38,5.77,2,2,4,2,1
3761-FLYZI,1,1,14,26,2.73,1,2,5,2,0
2058-DCJBE,7,2,5,16,8.5,4,1,2,2,2
5364-XYIRR,8,2,5,4,9.75,4,1,2,1,0
4829-AUOAX,9,2,6,11,9.43,3,0,3,3,3
1219-NNDDO,3,0,8,7,6.33,2,2,4,0,0
8388-DMKAE,2,0,7,4,10.73,0,0,5,5,0
4403-BWPAY,1,0,10,46,9.75,3,0,3,3,1
9659-QEQSY,3,1,9,27,2.84,1,2,5,1,1
5405-ZMYXQ,5,3,11,17,6.29,0,3,8,1,1
5047-LHVLY,5,0,3,75,10.66,2,6,3,2,0
1442-OKRJE,2,0,13,8,7.14,2,1,7,2,0
4737-AQCPU,5,0,13,26,5.45,0,0,5,3,3
9158-VCTQB,8,4,2,21,12.56,0,4,5,1,0
2808-CHTDM,1,0,10,5,5.26,0,1,5,2,0
6311-UEUME,3,0,5,60,9.78,1,1,1,2,1
0793-TWELN,4,0,4,0,8.44,1,0,2,0,1
3283-WCWXT,3,0,14,4,7.95,3,2,4,1,2
1060-ENTOF,1,0,11,2,5.91,2,0,6,0,0
0999-QXNSA,2,1,13,29,8.65,0,0,5,3,0
5451-MHQOF,1,0,16,7,4.62,1,0,9,0,1
4836-WNFNO,3,0,19,25,7.13,1,0,7,1,0
9225-BZLNZ,2,1,9,37,5.79,1,2,6,1,2
0354-VXMJC,7,4,15,7,10.61,3,0,5,2,0
4422-QVIJA,4,1,18,2,6.77,1,2,7,1,0
9365-SRSZE,4,2,7,40,8.82,2,3,2,3,1
6839-ITVZJ,6,5,3,17,12.04,2,1,4,1,0
8332-OSJDW,1,0,15,40,7.8,1,4,4,1,0
4735-BJKOU,2,0,14,0,8.67,3,3,6,1,1
0274-JKUJR,4,2,8,20,5.71,0,4,4,0,0
5740-YHGTW,1,0,15,37,8.58,2,0,5,1,1
8917-SZTTJ,2,0,13,4,5.84,1,0,7,1,0
1696-MZVAU,2,1,14,44,8.13,1,1,8,0,3
7359-WWYJV,2,0,13,9,7.99,1,0,6,2,1
0375-HVGXO,6,2,3,7,10.89,4,4,3,3,0
4906-ZHGPK,3,1,13,20,8.92,5,3,6,1,2
8593-WHYHV,10,3,2,49,11.96,1,3,3,0,3
3795-GWTRD,4,0,9,9,4.09,1,2,5,2,2
1298-PHBTI,4,1,19,67,5.07,0,1,8,0,1
6223-DHJGV,1,0,10,17,7.2,4,1,8,1,1
6961-MJKBO,2,2,18,25,4.17,0,4,8,0,2
6097-EQISJ,4,1,6,55,9.34,3,1,5,2,2
4423-YLHDV,3,2,2,39,10.3,2,5,2,1,3
8158-WPEZG,2,1,16,13,9.87,1,0,7,2,0
0107-YHINA,5,2,5,23,11.37,4,5,3,2,5
4918-FYJNT,4,1,10,1,10.3,2,2,3,4,0
0727-BNRLG,5,2,12,3,7.18,0,0,5,0,0
4854-CIDCF,6,0,8,51,4.95,3,3,6,0,2
8640-SDGKB,4,2,4,36,8.48,4,3,5,0,1
3280-MRDOF,1,0,9,1,3.95,1,0,4,0,0
6435-SRWBJ,2,1,8,9,9.05,4,3,5,2,0
9964-WBQDJ,1,0,22,11,6.07,0,1,5,0,2
6303-KFWSL,3,1,8,31,8.15,0,3,5,2,2
1702-CCFNJ,1,0,7,1,8.48,1,0,4,3,0
8932-CZHRQ,4,1,14,55,5.56,2,2,6,1,0
0386-CWRGM,5,1,16,15,4.57,2,1,7,1,1
5515-RUGKN,1,0,7,19,6.54,4,3,4,1,1
0404-AHASP,4,2,9,15,7.64,2,0,4,3,1
7279-NMVJC,4,0,12,0,4.12,4,1,5,1,1
2081-VEYEH,0,0,11,3,7.95,4,1,5,0,1
6407-UTSLV,2,0,14,5,6.14,4,0,2,3,1
4116-TZAQJ,2,1,8,3,11.02,2,6,4,0,1
9060-HJJRW,1,1,13,12,4.19,2,2,5,1,1
2587-YNLES,2,0,13,17,9.78,2,2,7,3,0
7398-SKNQZ,6,2,4,15,5.86,1,2,5,1,3
5935-FCCNB,2,2,17,52,6.39,0,3,6,1,0
1958-RNRKS,2,0,12,4,8.71,3,0,5,2,1
5136-RGMZO,1,1,10,14,7.21,1,0,8,1,0
8345-MVDYC,1,1,9,33,3.22,4,1,6,1,1
8226-BXGES,5,2,19,32,8.77,4,0,7,2,2
3877-JRJIP,6,2,8,90,5.66,1,2,5,2,2
8375-DKEBR,2,1,4,35,9.57,3,1,4,2,1
9705-IOVQQ,7,1,15,44,11.72,4,0,3,0,1
1015-OWJKI,2,0,17,5,7.15,4,1,5,0,2
7511-YMXVQ,2,0,4,40,9.18,1,2,3,1,2
2040-XBAVJ,0,0,9,5,7.62,7,3,4,0,0
7551-JOHTI,4,4,7,87,7.63,2,1,4,1,2
8887-IPQNC,3,1,10,12,7.96,4,3,4,0,0
8646-JCOMS,2,0,13,52,11.23,2,2,7,1,0
9804-ICWBG,3,1,4,13,9.07,2,4,5,2,4
1222-KJNZD,2,1,9,67,5.75,2,0,9,2,2
0106-GHRQR,5,1,7,6,9.3,2,1,4,2,2
5318-IXUZF,5,1,0,22,11.41,3,4,4,3,2
3768-VHXQO,1,0,12,1,6.55,5,2,6,1,0
8952-WCVCD,3,2,8,31,7.15,5,5,6,0,3
2418-TPEUN,1,0,12,0,7.77,5,0,6,0,2
3963-RYFNS,4,2,11,30,4.06,1,2,5,1,0
3198-VELRD,3,1,5,55,8.93,0,4,6,1,1
8540-ZQGEA,5,1,16,13,2.19,1,2,7,1,2
1320-REHCS,3,0,14,0,8.28,4,2,2,1,1
4137-JOPHL,3,1,15,34,6.56,1,1,5,1,1
9436-ZBZCT,1,0,3,90,11.99,2,1,4,1,1
7801-CEDNV,5,0,8,5,5.14,3,1,6,1,0
2057-BOYKM,5,2,13,10,9.2,1,0,3,0,2
3658-QQJYD,5,1,16,15,7.19,1,2,5,1,0
1803-BGNBD,10,1,13,1,9.47,1,0,7,1,0
0134-XWXCE,4,1,3,18,9.63,5,4,6,1,4
6950-TWMYB,3,0,9,14,8.53,2,0,6,6,2
5848-FHRFC,0,1,9,22,7.03,2,2,3,2,0
2243-FNMMI,3,0,10,70,6.54,4,2,2,1,2
2511-MORQY,3,0,17,9,8.88,1,1,6,0,0
5356-KZCKT,1,0,21,5,12.04,2,0,5,3,0
9470-XCCEM,6,0,9,40,4.65,6,0,5,1,1
6519-CFDBX,7,1,16,1,7.55,0,1,5,0,2
3902-MIVLE,4,1,13,40,5.91,0,1,6,0,1
0409-WTMPL,1,1,10,45,8.17,0,1,5,0,3
8763-KIAFH,1,0,3,3,3.33,1,1,8,1,1
3669-WHAFY,2,0,11,4,5.62,3,0,1,2,1
3055-VTCGS,3,0,8,28,10.01,0,1,7,0,1
3144-KMTWZ,4,1,9,7,11.82,1,1,4,1,2
7279-BUYWN,11,4,9,12,6.7,2,3,4,3,1
7156-MHUGY,6,4,6,14,13.86,4,2,4,2,1
7198-GLXTC,3,0,9,33,8.38,2,1,2,1,2
2007-QVGAW,4,1,7,58,9.56,2,0,5,0,0
5207-PLSTK,3,1,8,8,8.03,6,1,5,2,0
2307-FYNNL,4,0,18,71,8.33,3,2,4,2,1
5605-XNWEN,2,0,10,17,6.74,3,0,7,2,1
2155-AMQRX,2,0,13,18,9.67,1,1,6,2,1
6181-AXXYF,2,1,12,12,5.44,3,2,4,1,2
5091-HFAZW,7,1,8,38,12.55,4,1,3,1,1
0516-VRYBW,2,1,13,64,12.15,6,2,0,2,0
2519-LBNQL,3,1,12,7,7.08,2,2,7,3,1
8623-ULFNQ,2,0,13,6,6.86,0,1,5,1,1
8380-PEFPE,4,1,1,20,10.2,6,2,6,1,0
5687-DKDTV,5,2,6,73,9.17,3,3,3,1,3
1568-LJSZU,4,2,7,24,7.04,1,2,8,4,2
7530-HDYDS,3,1,2,14,11.61,6,5,3,2,4
7789-HKSBS,4,1,11,9,7.97,0,0,4,1,1
7416-CKTEP,3,1,6,38,6.22,1,0,6,3,1
2586-CWXVV,2,0,10,4,8.42,3,1,4,3,2
3096-IZETN,6,3,1,20,7.88,6,1,3,0,0
2348-KCJLT,5,0,8,1,10.59,1,0,7,2,3
8401-EMUWF,2,0,10,5,9.29,3,1,6,2,1
4193-IBKSW,1,1,13,4,6.72,5,0,6,3,0
5377-NDTOU,2,0,9,21,6.46,2,0,6,0,0
5922-ABDVO,3,1,8,64,11.55,7,3,3,3,0
2474-LCNUE,5,2,10,56,6.44,2,0,6,0,0
0839-QNXME,2,0,11,64,7.11,1,2,8,1,0
3506-OVLKD,2,0,8,11,8.29,0,2,8,0,1
9172-ANCRX,5,1,9,2,7.51,2,1,1,1,4
6650-VJONK,2,0,12,11,8.83,0,2,7,2,0
2178-PMGCJ,1,0,10,38,13.14,1,1,4,3,3
7492-TAFJD,2,1,12,13,3.82,1,2,5,3,1
2773-MADBQ,2,0,5,5,8.77,2,1,7,1,2
6016-LVTJQ,2,2,9,0,5.21,1,0,5,4,0
7860-KSUGX,3,0,12,11,3.27,0,1,8,2,1
8966-KZXXA,6,1,12,46,6.62,2,2,5,3,1
6910-HADCM,6,3,5,90,10.98,4,1,1,0,2
4816-LXZYW,6,1,7,46,11.05,5,1,2,1,2
9606-PBKBQ,6,2,6,20,9.71,6,0,0,2,0
5149-QYTTU,1,0,14,30,4.16,0,1,7,2,0
2070-XYMFH,5,0,13,12,6.76,0,0,5,0,1
2085-BOJKI,6,2,9,61,4.04,5,2,5,1,1
0817-HSUSE,3,1,9,23,9.62,3,1,4,1,0
5442-PPTJY,2,0,15,46,6.56,3,3,7,1,0
1927-QEWMY,0,0,15,12,8.97,4,2,7,1,0
1663-MHLHE,2,0,6,61,6.1,2,0,0,0,2
5663-QBGIS,3,0,7,22,8.96,4,1,1,1,1
4450-MDZFX,2,2,5,16,4.47,4,0,6,1,2
6701-DHKWQ,1,0,10,30,9.61,0,1,6,2,2
7554-AKDQF,0,0,11,5,7.5,3,1,6,1,1
3536-IQCTX,3,1,4,37,9.21,3,1,3,4,3
4911-BANWH,8,2,6,51,9.06,4,2,3,3,2
8496-EJAUI,5,1,5,71,9.29,2,2,3,3,1
0794-YVSGE,3,2,22,11,6.54,4,1,7,1,1
5423-BHIXO,4,0,10,33,4.95,1,2,3,1,1
6908-VVYHM,1,1,7,16,7.69,3,2,4,4,0
2959-EEXWB,2,1,8,7,7.67,3,2,4,2,1
1839-UMACK,2,1,8,27,8.93,1,3,6,2,1
3030-YDNRM,5,1,9,26,7.03,3,0,4,1,2
7321-KKSDU,5,1,14,4,5.49,1,1,5,1,0
3402-XRIUO,1,1,6,90,7.65,1,0,6,1,0
3132-TVFDZ,4,3,2,30,11.01,7,5,5,1,1
8286-AFUYI,3,1,11,1,8.32,3,0,5,0,0
8080-DDEMJ,4,0,2,5,10.04,2,9,1,3,2
8356-WUAOJ,2,0,9,2,8.07,5,0,4,1,2
6365-MTGZX,6,1,6,2,9.6,5,2,1,4,0
1349-WXNGG,5,1,5,9,8.75,3,2,4,0,2
8058-DMYRU,4,1,7,16,7.14,3,3,4,2,1
9350-ZXYJC,1,1,8,25,6.87,1,1,7,2,1
6990-YNRIO,0,1,2,33,10.46,6,1,4,0,1
8958-JPTRR,2,1,11,1,7.43,4,2,6,0,1
6959-GQEGV,8,3,7,12,4.58,3,3,3,2,0
3173-WSSUE,2,0,11,62,8.09,0,2,5,0,4
1265-HVPZB,3,0,20,12,3.63,0,0,6,1,0
4115-UMJFQ,1,0,12,12,3.34,0,1,6,1,0
7369-TRPFD,3,0,13,80,5.14,3,0,5,1,1
1098-KFQEC,2,1,19,10,5.63,2,1,5,1,0
7190-XHTWJ,2,0,13,15,6.71,1,4,7,0,0
0621-TWIEM,4,2,3,53,11.87,4,3,3,0,4
3537-RYBHH,4,1,9,26,9.32,3,1,7,0,2
2485-ITVKB,4,1,5,32,6.43,5,4,1,3,1
3669-OYSJI,5,2,5,90,6.28,5,3,5,2,2
1612-EOHDH,6,0,4,21,12.06,2,1,3,2,1
6702-OHFWR,3,2,2,22,9.56,1,2,2,3,6
5296-BFCYD,2,0,10,19,4.69,0,0,6,1,0
4510-PYUSH,1,0,4,50,11.04,3,3,2,2,1
9359-JANWS,3,2,8,48,9.82,4,2,5,3,1
7517-SAWMO,8,3,4,90,10.75,5,1,5,3,2
4143-HHPMK,8,5,0,43,8.3,8,1,3,1,0
3279-DYZQM,3,0,11,3,3.03,4,4,6,0,0
7054-LGEQW,6,2,8,0,10.87,1,3,3,1,1
0523-VNGTF,5,1,10,2,8.23,3,2,4,1,1
9575-IWCAZ,2,1,10,6,6.11,0,2,4,1,2
7105-MXJLL,0,1,9,19,4.33,3,3,3,0,1
7064-FRRSW,1,1,14,3,8.25,2,4,8,0,0
7940-UQQUG,2,0,15,90,6.12,0,1,6,2,1
0923-PNFUB,5,1,6,90,10.26,3,0,6,1,1
3961-SXAXY,1,0,13,36,9.37,2,0,6,2,3
7010-BRBUU,2,0,13,1,5.76,1,1,3,4,1
3566-HJGPK,2,0,10,9,12.38,3,0,5,2,0
3062-ICYZQ,4,1,6,29,7.53,2,4,5,3,1
9938-PRCVK,3,1,9,11,8.31,0,0,6,2,1
0973-KYVNF,2,0,16,34,5.32,1,0,6,0,0
5129-HHMZC,1,0,20,11,7.73,4,1,8,0,0
9637-CDTKZ,3,0,9,0,4.55,1,0,5,2,1
3946-JEWRQ,4,0,12,25,9.08,1,2,5,1,1
7873-CVMAW,3,0,9,8,12.9,2,4,6,1,1
0463-WZZKO,2,1,10,13,6.2,2,2,4,0,1
3494-JCHRQ,3,2,5,34,5.2,4,0,3,1,1
6474-FVJLC,5,2,5,10,8.71,5,6,5,0,1
4524-QCSSM,5,1,3,36,8.89,0,1,5,3,3
5832-EXGTT,3,0,12,11,7.57,4,3,2,1,0
8840-DQLGN,3,2,6,4,9.06,7,1,2,1,4
2039-JONDJ,1,0,18,6,8.31,0,0,5,0,0
7217-JYHOQ,4,1,16,42,6.87,1,0,6,3,2
6695-FRVEC,4,0,21,16,8.23,2,1,5,2,2
4547-LYTDD,5,3,3,20,9.16,2,5,3,1,3
9894-QMIMJ,1,0,12,23,4.6,3,0,5,2,0
8069-YQQAJ,7,0,9,81,8.18,3,0,5,0,1
6770-XUAGN,0,0,4,33,10.27,1,1,6,0,1
4193-ORFCL,5,3,5,22,13.59,2,0,7,2,2
1636-NTNCO,1,1,10,8,8.11,0,3,6,0,1
3466-WAESX,2,2,19,7,7.33,2,1,4,0,2
9281-PKKZE,2,0,10,14,7.86,1,2,6,2,1
3638-VBZTA,2,0,16,19,5.59,1,0,8,1,0
7459-IMVYU,1,0,9,49,6.51,3,2,6,1,1
7776-QWNFX,2,1,4,14,8.85,4,4,1,2,4
6689-TCZHQ,3,0,6,3,10.17,3,2,3,1,2
8563-OYMQY,0,0,21,17,4.34,2,5,3,1,0
0754-EEBDC,3,2,15,1,3.53,2,2,4,0,0
5777-ZPQNC,2,0,12,8,6.49,4,3,5,0,1
1951-IEYXM,2,0,18,2,5.58,1,1,4,0,2
3318-NMQXL,3,0,5,2,8.72,8,0,5,3,1
3143-ILDAL,2,1,4,12,8.77,1,2,5,0,1
1022-RKXDR,3,0,16,6,7.57,1,1,4,2,1
2361-FJWNO,1,0,11,37,5.86,0,1,7,0,0
2272-UOINI,4,1,8,15,12.37,0,1,6,1,1
8232-UTFOZ,4,2,17,9,6.22,1,0,6,2,1
3750-YHRYO,2,0,11,0,8.27,4,1,6,1,2
6637-KYRCV,5,2,15,24,6.23,3,0,6,1,1
5668-MEISB,1,1,13,30,6.69,3,2,7,1,1
0129-QMPDR,2,1,11,24,8.23,1,1,3,4,1
7188-CBBBA,1,0,14,19,6.05,2,2,8,0,1
5356-CSVSQ,4,3,6,5,9.9,1,2,6,1,2
3221-CJMSG,3,0,10,11,8.11,0,0,7,1,1
4720-VSTSI,9,1,5,28,13.98,2,4,4,3,0
3219-JQRSL,4,0,16,4,9.08,1,2,2,2,4
2801-NISEI,2,1,8,14,7.77,2,0,6,3,0
3946-MHCZW,4,1,13,31,8.98,7,1,1,1,5
4623-ZKHLY,4,1,12,63,5.68,0,2,7,1,1
6732-VAILE,2,1,10,9,6.72,3,3,8,0,0
8201-AAXCB,2,0,16,11,7.29,2,2,8,0,0
7696-CFTAT,2,1,9,31,10.06,2,0,7,1,0
1845-CSBRZ,5,1,11,12,8.74,2,1,4,1,2
2123-VSCOT,1,0,16,3,5.86,0,1,8,0,1
6651-AZVTJ,6,0,10,13,7.48,4,4,3,2,0
4566-GOLUK,2,0,5,13,8.27,4,4,5,2,4
2484-DGXPZ,6,1,7,19,10.33,3,1,4,1,2
2018-QKYGT,4,1,10,15,9.62,4,2,1,2,1
2792-VPPET,4,0,8,0,8.95,3,1,7,2,2
7409-JURKQ,5,1,13,15,9.05,1,1,3,2,0
3247-MHJKM,5,0,8,30,5.27,4,3,8,1,1
1964-SVLEA,5,1,11,8,6.48,1,2,6,3,2
4587-NUKOX,5,0,11,36,11.57,3,0,3,4,2
7297-DVYGA,4,1,7,49,9.98,5,0,8,2,1
2239-CGBUZ,1,1,11,10,7.05,2,1,6,2,0
0854-UYHZD,2,0,9,7,9.84,1,1,5,1,0
7243-LCGGZ,4,1,8,7,9.68,1,1,6,1,1
8267-KFGYD,0,0,9,8,8.67,3,0,8,0,4
4890-VMUAV,4,0,9,0,7.29,2,1,7,0,1
9261-WDCAF,2,0,13,6,4.36,1,2,2,2,2
3764-MNMOI,1,0,16,4,4.6,0,0,7,0,1
7442-YGZFK,3,1,21,17,6.42,0,3,7,0,1
0420-BWTPW,4,1,7,79,13.09,4,0,3,1,2
8229-BUJHX,3,2,22,35,8.74,2,0,3,0,0
7449-HVPIV,4,1,8,23,6.02,2,2,4,1,2
5504-WSIUR,1,0,12,7,8.78,0,4,7,2,2
8183-ONMXC,1,1,9,13,8.1,3,4,5,1,2
8466-PZBLH,8,1,7,11,3.05,1,1,3,3,4
9614-RMGHA,2,1,9,68,13.74,6,2,2,3,1
8735-IJJEG,3,0,10,79,3.34,1,0,4,2,0
0564-MUUQK,3,1,9,40,1.34,3,1,7,1,1
5054-IEXZT,7,1,4,5,10.39,2,0,4,3,2
5834-ASPWA,7,4,6,17,9.29,6,0,4,2,1
0701-RFGFI,4,1,15,16,8.0,4,0,5,3,1
0019-EFAEP,3,1,14,13,11.47,4,1,4,0,2
5619-PTMIK,3,2,5,6,9.09,2,2,6,2,2
3737-XBQDD,5,0,11,21,8.88,2,2,7,0,0
5882-CMAZQ,4,3,7,36,5.89,0,1,6,2,1
5846-QFDFI,6,2,15,69,6.96,5,0,6,2,2
4445-KWOKW,1,0,19,10,7.95,1,1,5,1,0
3511-APPBJ,4,1,12,34,6.49,2,2,4,1,2
7967-HYCDE,7,3,16,0,9.47,1,2,6,0,0
2430-RRYUW,2,1,12,14,7.09,0,1,5,0,0
3948-XHGNA,5,2,9,58,9.5,2,3,3,4,4
3723-BFBGR,4,2,8,12,10.11,1,5,6,1,3
0565-IYCGT,3,3,11,33,9.31,4,2,4,1,1
5447-WZAFP,1,0,5,26,4.42,3,0,5,1,1
5110-CHOPY,4,3,17,4,10.16,1,4,6,0,2
5445-UTODQ,6,3,0,67,9.92,7,5,5,3,0
4425-OWHWB,2,0,12,30,6.61,1,1,8,3,1
7892-QVYKW,2,1,6,38,7.92,3,0,4,3,3
9675-ICXCT,1,0,10,36,6.93,2,2,5,5,0
1024-VRZHF,7,1,3,1,15.1,5,7,2,2,3
4703-MQYKT,3,0,7,9,5.01,3,2,6,3,1
9497-QCMMS,2,0,2,14,10.57,4,2,5,2,3
5692-ICXLW,4,2,7,17,8.7,4,1,5,6,0
0602-DDUML,3,1,6,49,9.47,3,0,7,1,1
2208-MPXIO,1,1,11,22,6.66,3,2,6,0,0
1960-UYCNN,3,0,8,3,10.72,1,2,3,0,2
0348-SDKOL,4,0,4,27,9.19,2,2,3,0,1
3190-FZATL,3,0,12,20,6.71,1,1,5,2,0
7336-RLLRH,5,2,13,7,7.23,2,2,7,1,0
4373-MAVJG,2,1,10,90,10.56,1,1,7,5,0
8901-HJXTF,7,4,4,18,12.05,2,1,5,3,3
7710-JSYOA,3,0,11,17,4.83,1,0,7,1,2
5419-KLXBN,3,2,5,18,11.71,2,1,1,1,1
3424-NMNBO,3,1,4,0,11.81,4,3,5,1,0
9885-MFVSU,1,1,13,14,7.92,2,1,7,1,1
4514-GFCFI,6,3,7,51,9.8,1,2,5,2,1
0607-MVMGC,4,1,10,52,6.43,1,2,3,0,1
3365-SAIGS,1,1,8,9,9.25,1,3,4,1,1
9828-AOQLM,7,2,4,13,10.4,6,3,4,3,2
8022-BECSI,2,1,7,40,4.29,2,0,3,0,0
8000-REIQB,0,1,7,7,11.76,3,1,5,1,4
9993-LHIEB,4,2,10,6,5.83,2,0,7,0,0
0266-CLZKZ,10,1,11,41,5.99,0,0,6,1,0
7615-ESMYF,4,3,4,65,12.02,10,1,2,2,0
3858-VOBET,4,1,6,14,10.31,0,0,2,1,4
7020-OZKXZ,4,2,14,6,7.55,3,1,3,1,1
3977-QCRSL,8,4,11,7,6.65,0,2,5,1,2
0017-DINOC,4,0,9,2,6.83,2,4,7,1,0
1447-PJGGA,6,3,4,17,9.83,7,2,3,2,2
8565-CLBZW,1,1,6,11,13.14,5,2,5,4,4
9139-WQQDY,5,3,4,38,6.05,4,0,1,6,1
0224-HJAPT,2,0,8,15,14.93,4,5,0,2,3
8086-OVPWV,7,4,6,2,14.57,5,1,5,3,0
9430-FRQOC,4,4,4,53,9.22,6,1,2,1,4
7639-OPLNG,0,0,19,50,7.72,3,1,5,4,1
3074-GQWYX,4,1,9,80,10.22,2,2,2,3,1
1492-QGCLU,5,2,9,49,10.67,2,1,5,1,2
6845-RGTYS,7,1,9,37,10.21,2,1,6,4,4
7328-OWMOM,1,0,14,8,7.94,3,1,4,1,0
4418-LZMSV,5,0,8,5,10.78,2,1,2,0,0
5155-AZQPB,1,0,6,4,3.84,1,2,3,1,2
8861-HGGKB,6,1,4,19,9.61,3,1,3,3,1
1087-GRUYI,0,0,6,25,7.26,2,0,4,1,1
7065-YUNRY,6,3,7,59,9.26,1,2,2,1,1
7694-VLBWQ,4,2,8,12,6.49,4,1,0,3,1
2546-KZAAT,3,0,15,24,7.19,3,1,6,2,2
0181-RITDD,1,0,2,13,5.84,1,1,7,1,0
5989-PGKJB,1,0,7,12,7.36,4,1,3,4,0
4795-KTRTH,4,2,6,41,9.91,3,3,2,1,1
8272-ONJLV,4,0,12,90,3.7,3,1,6,0,0
1488-PBLJN,2,1,12,15,5.96,2,2,7,0,1
0308-GIQJT,1,0,14,21,6.35,5,1,5,0,0
3778-FOAQW,2,1,17,36,3.33,2,0,7,2,1
4452-ROHMO,2,0,8,84,8.36,4,4,5,0,0
6481-OGDOO,5,1,8,13,7.25,2,1,4,2,5
3090-LETTY,5,0,6,8,9.44,0,2,5,0,3
5349-AZPEW,0,0,14,9,9.23,6,1,4,2,1
3753-TSEMP,5,1,2,22,9.71,2,2,3,1,2
8305-VHZBZ,5,3,7,76,12.06,1,1,4,1,0
9720-JJJOR,1,0,9,22,11.83,0,1,6,1,1
8100-HZZLJ,3,0,9,0,9.28,3,3,3,2,1
8775-ERLNB,6,3,4,9,7.49,1,1,5,1,1
8309-IEYJD,3,0,8,90,10.9,1,1,4,2,1
9172-JITSM,7,4,7,13,6.0,3,1,0,1,0
6298-QDFNH,8,2,3,57,14.61,4,1,5,1,0
7398-HPYZQ,4,1,10,3,7.69,0,1,5,2,1
3546-GHEAE,2,1,7,2,8.18,2,2,4,0,1
7361-YPXFS,4,1,11,2,5.46,1,3,4,1,1
6557-BZXLQ,3,0,5,1,9.73,1,0,4,0,0
2550-QHZGP,2,1,15,12,6.8,1,3,8,1,1
7519-JTWQH,2,1,21,22,6.53,0,0,8,2,1
2538-OIMXF,1,1,3,16,6.8,3,1,5,4,0
8543-MSDMF,4,1,11,0,6.39,4,2,6,2,0
9961-JBNMK,5,0,5,8,8.43,2,4,3,1,1
1170-SASML,5,1,12,20,3.93,2,1,3,0,0
4872-JCVCA,2,1,8,4,7.81,1,1,5,0,2
5346-BZCHP,2,0,15,11,9.55,2,0,5,1,1
2038-LLMLM,3,0,4,90,9.32,1,1,3,0,1
6173-ITPWD,5,2,7,13,8.32,2,3,4,1,3
9734-UYXQI,4,2,8,70,10.56,0,4,6,1,0
1216-BGTSP,2,0,7,69,2.81,2,2,4,6,0
4138-NAXED,3,1,9,1,10.98,4,3,6,0,1
2189-UXTKY,11,3,2,2,8.68,3,1,3,1,1
0744-BIKKF,1,0,8,30,7.71,1,3,9,0,0
7483-IQWIB,5,2,13,32,7.43,0,0,5,1,2
5248-KWLAR,2,0,11,5,7.64,0,0,9,0,2
4958-GZWIY,4,1,6,32,14.6,7,3,0,1,0
7996-MHXLW,1,0,13,2,2.89,3,1,5,2,1
7833-PKIHD,5,1,12,90,7.8,3,2,7,2,0
7061-OVMIM,2,1,9,34,7.58,0,2,3,3,3
5153-RTHKF,3,2,7,90,7.25,4,2,4,1,2
1852-QSWCD,1,0,7,0,6.05,1,1,3,2,0
4832-VRBMR,4,2,8,17,9.34,2,2,3,2,2
9079-LWTFD,5,3,12,21,8.01,4,0,7,2,1
6356-ELRKD,6,3,7,10,9.91,2,4,5,2,2
8624-GIOUT,2,1,7,54,9.24,4,2,3,2,3
3392-EHMNK,2,0,16,3,6.27,0,1,8,2,0
5986-WWXDV,3,1,8,4,7.35,1,0,7,2,1
3061-BCKYI,3,0,11,17,8.68,1,1,7,1,2
6179-GJPSO,3,0,4,13,8.35,0,3,4,3,2
7901-TBKJX,2,1,11,9,6.88,3,4,5,1,2
7228-PAQPD,2,0,23,46,9.26,2,2,4,3,0
3177-LASXD,6,1,4,80,13.28,1,1,3,2,2
7746-QYVCO,1,0,11,2,9.49,0,1,4,0,0
5804-HYIEZ,4,0,10,32,10.71,1,0,5,2,0
9919-FZDED,4,2,13,16,7.73,2,1,8,0,0
5934-TSSAU,3,2,7,10,10.17,3,3,3,0,0
3486-KHMLI,6,2,15,53,7.79,1,1,6,1,0
4897-QSUYC,6,2,6,90,8.41,2,4,0,4,0
1084-UQCHV,2,1,8,41,9.69,6,2,3,1,1
8290-YWKHZ,1,0,9,56,9.52,9,2,7,2,4
2955-BJZHG,6,3,6,5,11.76,1,1,3,3,1
3806-DXQOM,6,2,5,1,11.47,0,3,5,3,1
6784-XYJAE,2,0,15,8,6.84,2,1,5,1,3
3933-DQPWX,1,0,10,57,6.88,4,4,6,1,0
6661-EIPZC,3,3,9,5,6.28,4,0,4,0,1
8957-THMOA,1,0,10,14,6.76,1,0,6,2,2
2251-PYLPB,5,1,5,56,6.86,3,3,3,0,0
5555-RNPGT,2,0,13,2,8.74,1,1,6,1,1
1057-FOGLZ,5,1,10,13,7.94,4,1,6,5,1
9300-RENDD,8,5,6,47,8.33,2,2,4,2,1
0761-AETCS,9,2,6,61,8.95,1,1,2,2,0
8087-LGYHQ,2,0,12,34,7.58,4,1,6,2,0
4137-BTIKL,2,0,13,40,8.11,1,1,8,6,1
2190-BCXEC,6,2,5,90,7.54,3,2,3,1,2
6227-FBDXH,2,1,13,34,4.51,0,2,6,0,1
2153-MREFK,4,2,7,18,7.55,0,2,3,3,2
2911-WDXMV,1,1,14,22,8.23,3,0,8,0,3
7206-PQBBZ,3,0,10,4,9.51,1,1,3,4,0
3106-ULWFW,7,5,5,52,8.72,1,4,2,3,2
0925-VYDLG,3,2,7,47,7.92,4,1,5,2,0
4547-FZJWE,1,0,17,10,4.98,2,1,5,1,4
7422-WNBTY,4,1,10,7,4.87,1,2,6,2,1
0842-IWYCP,1,0,14,10,6.37,3,2,7,0,1
3521-HTQTV,2,1,20,15,4.12,0,1,6,2,1
3744-ZBHON,6,1,14,31,8.43,3,1,2,0,1
3373-DIUUN,2,0,10,19,8.46,2,0,6,0,0
8383-SGHJU,5,2,19,2,5.11,3,0,4,0,1
7607-QKKTJ,2,1,12,9,5.44,0,1,3,2,1
7707-PYBBH,0,0,18,9,7.63,2,0,8,2,3
8984-HPEMB,2,1,16,38,5.77,2,1,7,3,1
4349-GFQHK,6,1,3,16,10.28,5,4,1,2,2
4139-DETXS,3,0,14,4,9.02,0,3,2,1,1
9779-DPNEJ,2,0,9,7,7.81,3,1,4,3,0
9805-FILKB,1,0,7,32,4.1,1,1,8,1,0
5793-YOLJN,0,0,13,14,7.7,6,0,4,1,0
0673-IGUQO,2,1,11,56,7.07,0,2,4,0,0
4123-FCVCB,2,0,17,27,7.89,0,0,4,1,0
8819-IMISP,7,1,8,53,12.77,4,7,5,1,1
7802-EFKNY,5,1,7,37,7.98,1,1,3,1,2
8311-UEUAB,2,0,10,90,5.88,2,2,4,3,0
5858-EAFCZ,2,0,11,14,9.26,1,4,2,0,1
8035-BUYVG,2,0,6,45,11.55,4,1,4,0,1
1163-ONYEY,3,1,14,14,11.86,1,2,6,1,0
9787-XVQIU,10,4,8,86,9.1,7,0,2,2,2
8945-MUQUF,0,1,13,90,8.13,5,0,4,0,3
5656-MJEFC,3,1,13,26,6.68,1,2,4,2,1
6082-OQFBA,0,0,12,17,6.13,2,2,9,3,1
8051-HJRLT,1,0,9,8,9.44,1,4,5,1,2
8974-OVACP,0,0,10,22,7.66,1,0,6,1,1
4010-YLMVT,2,0,6,29,7.69,3,3,5,1,2
1379-FRVEB,4,1,16,13,5.7,5,3,5,1,2
8612-GXIDD,4,2,11,67,4.62,3,2,5,1,4
6288-CHQJB,4,1,10,42,7.03,0,2,5,0,3
8160-HOWOX,4,2,7,0,6.94,3,0,2,2,0
3023-GFLBR,4,2,5,0,8.7,3,2,6,1,3
6648-INWPS,4,1,7,43,9.48,1,1,3,2,3
4223-BKEOR,6,1,7,3,9.8,3,2,6,1,1
4079-VTGLK,6,1,14,22,6.98,4,0,3,0,0
1763-WQFUK,2,1,17,26,9.39,1,0,5,3,1
1391-UBDAR,5,3,15,4,10.01,3,3,5,3,0
8894-JVDCV,3,0,16,12,9.58,2,2,6,0,2
2023-VQFDL,3,1,10,41,11.41,5,1,2,1,1
1345-GKDZZ,4,0,8,3,7.12,2,2,7,3,0
2014-MKGMH,2,0,9,3,9.91,0,3,4,1,1
5628-FCGYG,4,2,9,41,7.49,2,2,6,1,1
2560-WBWXF,2,0,16,3,9.83,1,1,8,1,1
0248-IPDFW,2,0,10,5,7.05,3,0,5,1,1
7978-DKUQH,3,1,9,17,7.64,0,1,6,5,1
4335-UPJSI,2,0,16,2,5.31,1,0,4,2,2
0524-IAVZO,5,1,5,90,7.9,1,5,3,2,2
2737-YNGYW,5,2,8,66,10.74,6,0,1,1,3
1784-EZDKJ,9,2,9,12,8.9,2,3,6,1,2
9297-FVVDH,3,3,6,22,5.56,0,1,6,1,0
8007-YYPWD,2,1,13,1,9.5,1,0,4,1,1
7101-HRBLJ,3,1,10,5,9.15,0,0,5,0,1
5159-YFPKQ,7,4,8,2,10.68,6,1,4,3,5
6635-CPNUN,5,2,9,12,10.38,1,0,4,3,0
4021-RQSNY,9,4,6,26,8.88,2,4,3,3,2
5453-YBTWV,2,0,9,11,4.78,3,1,7,2,1
5039-LZRQT,3,0,12,30,6.83,1,0,3,1,1
2931-VUVJN,2,1,4,1,11.24,4,0,2,1,3
9061-TIHDA,7,6,4,4,12.38,5,2,4,1,1
8699-ASUFO,4,2,9,8,7.51,7,2,6,4,3
6418-PIQSP,1,1,12,1,4.32,1,1,7,1,0
8220-OCUFY,2,0,11,11,5.21,0,1,6,0,1
3995-WFCSM,8,0,7,18,3.52,2,3,6,0,0
1895-QTKDO,3,2,12,15,6.36,1,2,5,0,1
2038-OEQZH,3,0,6,0,8.57,2,3,7,0,1
1178-PZGAB,2,0,12,13,1.38,3,0,4,1,0
7927-AUXBZ,6,1,3,7,9.76,3,1,3,3,2
2626-VEEWG,3,2,17,28,10.11,1,0,8,2,1
2878-RMWXY,3,0,16,8,9.5,2,1,5,0,1
1657-DYMBM,3,2,12,13,8.19,3,2,7,1,0
7311-MQJCH,1,0,11,0,7.52,0,1,4,2,2
7375-WMVMT,3,0,5,0,10.68,2,4,3,2,1
1136-XGEQU,3,1,9,13,8.22,2,0,6,1,3
2530-FMFXO,1,0,10,64,6.07,0,1,6,3,1
6844-DZKRF,3,0,17,12,9.09,2,1,5,2,2
4695-WJZUE,5,2,5,40,7.13,2,1,1,3,0
7619-ODSGN,6,2,7,24,11.48,4,2,4,0,0
5970-GHJAW,1,0,12,19,8.14,1,2,6,3,1
8879-XUAHX,2,0,13,24,7.68,0,1,7,3,2
3689-MOZGR,2,1,7,23,8.88,2,1,2,0,0
4195-PNGZS,4,0,11,21,10.66,2,1,4,1,0
5003-XZWWO,2,1,14,36,9.55,1,4,4,1,2
3988-RQIXO,2,1,3,6,12.64,2,1,0,5,2
7622-FWGEW,5,0,11,5,7.64,0,1,7,2,0
6922-NCEDI,0,0,5,7,9.38,1,1,5,3,1
2514-GINMM,6,3,5,13,10.82,1,1,2,1,3
9891-NQDBD,2,0,16,14,5.94,3,2,6,0,2
6131-IUNXN,4,1,16,4,9.15,2,2,3,1,0
8548-AWOFC,1,0,6,51,7.17,3,1,4,3,0
9798-DRYDS,1,0,15,1,9.48,2,0,7,3,0
8532-UEFWH,6,1,18,29,4.24,3,0,3,0,0
6296-DDOOR,1,0,18,61,6.67,4,2,4,0,2
7951-VRDVK,2,1,12,1,5.7,0,2,6,1,2
5931-FLJJF,6,2,9,44,14.59,4,0,6,1,4
4815-YOSUK,7,2,11,26,6.31,3,1,6,0,2
2659-VXMWZ,7,3,6,14,9.81,3,4,3,1,1
0380-NEAVX,3,0,12,6,3.52,2,1,8,2,1
3207-OYBWH,8,1,1,10,13.31,3,0,2,0,2
4285-GYRQC,6,2,6,16,8.32,1,2,5,3,0
7216-EWTRS,5,2,7,11,12.95,2,3,4,3,1
4365-MSDYN,1,0,17,11,5.41,0,0,7,1,2
7036-TYDEC,2,0,12,16,5.99,1,1,8,3,0
5802-ADBRC,4,1,7,16,9.55,3,2,4,0,3
8076-FEZKJ,3,0,8,20,4.83,1,2,4,0,1
5197-YPYBZ,5,2,4,11,9.0,2,3,5,1,1
8337-MSSXB,5,1,9,90,8.37,3,0,5,2,1
4312-GVYNH,2,1,13,31,11.34,3,1,4,0,1
8495-LJDFO,4,1,10,10,11.5,1,3,7,1,1
0839-JTCUD,4,1,13,8,9.52,3,0,2,1,1
5494-WOZRZ,0,0,7,40,11.34,0,0,7,2,0
1302-UHBDD,0,1,15,12,6.3,0,2,4,1,1
2234-EOFPT,2,0,17,17,8.63,1,2,5,0,0
8619-IJNDK,4,0,12,7,4.73,1,0,5,0,0
8378-LKJAF,1,0,12,6,9.67,2,2,5,0,0
8182-BJDSI,5,1,6,3,10.58,4,5,3,0,2
2528-HFYZX,4,2,3,4,7.43,2,2,5,3,3
1153-GNOLC,4,1,6,1,7.41,2,1,3,1,1
3298-QEICA,0,0,13,11,7.49,3,4,6,0,0
0788-DXBFY,3,0,17,19,7.73,1,0,6,1,2
3597-YASZG,5,2,8,12,12.04,2,2,4,0,0
3496-LFSZU,5,2,9,14,6.19,1,4,5,0,1
5242-UOWHD,2,1,16,15,6.02,2,0,5,3,0
2482-CZGBB,3,2,4,28,3.95,1,5,5,3,2
6479-SZPLM,1,0,14,18,7.83,1,1,7,2,0
8097-VBQTZ,2,1,9,11,9.91,5,2,5,1,3
4500-HKANN,3,0,17,32,8.49,3,2,9,4,0
9917-KWRBE,4,1,9,4,6.51,1,0,6,1,0
3420-ZDBMA,3,0,9,9,6.6,1,3,6,2,2
2212-LYASK,2,1,14,22,4.75,3,2,5,2,1
1393-IMKZG,6,1,7,90,8.91,2,0,5,1,1
8069-RHUXK,3,0,16,76,5.21,4,1,5,0,0
3398-GCPMU,2,0,9,1,4.4,0,1,5,2,2
2908-WGAXL,3,1,17,45,8.72,6,0,7,1,0
3378-AJRAO,0,0,12,14,5.88,2,0,6,2,4
1013-QCWAM,4,1,11,50,8.81,3,2,5,2,2
0866-QLSIR,8,2,4,90,3.07,2,3,2,2,2
6050-FFXES,2,0,6,45,6.9,0,1,4,2,0
7181-BQYBV,4,2,7,34,9.38,1,1,3,2,1
0362-RAOQO,3,1,15,1,10.46,2,2,5,2,0
9554-DFKIC,2,1,10,47,7.09,3,5,7,2,2
5527-ACHSO,2,1,11,50,2.18,0,1,5,3,1
0829-DDVLK,3,1,8,30,6.21,1,0,6,1,2
1399-UBQIU,2,0,13,31,7.87,2,3,5,1,0
1813-JLKWR,6,2,18,90,10.02,3,2,5,2,1
0336-PIKEI,3,0,15,1,5.82,4,0,5,0,0
7322-OCWHC,2,1,11,0,7.04,0,2,5,2,4
9537-VHDTA,1,0,11,8,6.82,2,1,5,1,0
4957-TIALW,3,2,10,7,13.3,3,5,7,0,1
2054-PJOCK,2,0,7,8,8.23,0,2,3,1,1
9150-HEPMB,4,1,13,25,7.02,2,1,5,1,4
9030-QGZNL,3,1,9,11,9.66,3,2,7,1,0
6204-IEUXJ,5,5,8,86,7.39,4,1,3,0,4
3126-WQMGH,3,0,12,11,5.55,5,3,7,1,4
4529-CKBCL,4,2,8,6,8.77,6,2,4,1,2
2506-CLAKW,4,1,5,40,6.16,4,2,4,3,1
7176-WRTNX,3,2,10,89,9.63,0,2,5,1,0
1583-IHQZE,8,4,1,5,8.25,4,2,1,4,0
5732-IKGQH,2,1,7,1,8.06,0,0,5,1,2
9239-GZHZE,2,0,10,10,5.98,2,0,6,0,1
7205-BAIAD,2,1,17,11,6.87,1,0,8,0,0
0151-ONTOV,8,3,8,23,13.93,1,2,2,2,2
4140-MUHUG,3,1,2,10,9.17,2,4,3,2,3
0093-EXYQL,0,1,14,14,6.62,0,1,5,0,0
8064-RAVOH,2,1,6,5,5.54,5,2,7,1,1
0219-QAERP,3,0,12,2,7.02,1,1,5,3,1
0320-JDNQG,6,3,5,58,5.85,2,4,4,2,0
7180-PISOG,6,0,7,0,12.85,1,2,4,2,2
9168-INPSZ,1,0,3,82,6.13,3,6,2,3,0
3571-RFHAR,3,1,9,9,7.91,6,8,3,2,2
0015-UOCOJ,3,1,10,41,7.36,1,3,5,0,1
5334-AFQJB,2,0,19,64,7.48,1,1,5,0,1
2754-SDJRD,4,2,8,26,8.05,0,0,8,1,0
9578-VRMNM,1,1,4,18,12.25,0,0,5,2,0
1587-FKLZB,2,1,11,50,8.94,1,1,4,1,1
6140-QNRQQ,6,2,7,5,8.21,4,3,3,1,2
8963-JLGJT,3,1,7,6,7.8,2,1,7,2,1
4307-KTUMW,4,2,6,29,9.56,5,1,5,0,0
1465-LNTLJ,3,0,6,22,10.11,2,1,4,1,0
5440-FLBQG,8,1,9,90,11.67,5,2,3,1,1
2135-DQWAQ,5,1,8,1,7.39,3,3,5,3,0
4056-QHXHZ,1,1,12,4,3.1,1,1,5,2,0
7470-MCQTK,6,2,5,59,11.15,4,1,7,1,3
7488-MXJIV,1,1,5,0,7.3,4,0,4,2,1
7401-JIXNM,2,1,8,56,7.46,3,1,4,2,2
9339-FIIJL,1,0,18,8,7.84,1,3,10,4,1
2027-FECZV,7,0,5,3,13.85,4,3,2,0,1
2672-DZUOY,1,0,6,29,14.62,2,4,5,4,2
4706-DGAHW,3,1,8,25,9.9,4,4,3,3,1
3870-MQAMG,0,0,3,62,5.56,8,3,2,1,3
6670-MFRPK,3,1,7,0,4.63,2,1,6,2,2
6177-PEVRA,7,4,15,1,6.58,0,1,6,0,2
4800-CZMPC,3,0,4,34,9.05,4,1,3,2,0
4813-HQMGZ,1,0,10,46,8.0,1,1,5,1,2
7579-KKLOE,1,0,14,2,5.93,0,0,8,1,0
7377-DMMRI,9,6,3,9,7.32,2,2,5,1,2
8402-EIVQS,4,2,8,90,8.79,2,2,10,2,1
4947-DSMXK,0,1,7,21,5.67,0,1,7,1,1
7245-NIIWQ,7,2,8,31,9.26,2,1,4,2,2
0002-ORFBO,2,2,12,10,11.15,6,1,5,2,0
3324-OIRTO,5,1,10,4,5.82,0,1,6,1,2
5414-OFQCB,2,0,11,2,7.81,2,2,5,2,0
4967-WPNCF,3,1,8,6,6.57,2,2,4,1,0
8552-OBVRU,2,1,9,65,6.1,4,3,3,4,1
8499-BRXTD,3,1,8,77,8.17,3,2,5,0,0
9154-QDGTH,1,0,9,1,5.8,1,1,3,2,2
8197-BFWVU,3,1,14,28,8.94,4,4,6,0,3
2577-GVSIL,0,0,12,9,8.71,2,1,4,2,2
9367-OIUXP,3,0,13,5,11.16,2,2,7,1,2
6770-UAYGJ,2,1,9,18,8.96,3,2,8,2,0
6463-HHXJR,2,1,9,11,9.76,1,3,4,2,0
7928-VJYAB,4,0,4,45,3.85,3,2,2,2,0
1187-WILMM,1,0,6,24,9.18,2,0,8,0,2
9776-OJUZI,5,2,9,14,10.06,2,2,5,1,0
1306-RPWXZ,3,2,13,79,6.14,1,2,6,1,1
8949-JTMAY,2,1,3,40,13.65,3,3,1,4,2
2774-LVQUS,5,3,6,78,11.77,4,2,6,2,1
3097-PYWXL,4,2,5,32,8.62,5,2,1,0,1
2266-SJNAT,1,0,12,9,7.73,0,1,4,0,1
0869-PAPRP,4,1,8,11,9.62,0,2,6,4,1
4238-JSSWH,6,2,4,4,8.47,5,4,3,3,2
2972-YDYUW,2,2,13,6,7.67,2,2,6,2,3
1104-FEJAM,3,0,13,12,9.96,2,1,6,2,1
2809-ILCYT,2,2,13,19,3.44,0,0,7,1,3
5499-ECUTN,4,1,16,28,7.67,1,1,7,0,1
4981-FLTMF,4,0,10,37,10.56,0,2,4,2,1
9121-PHQSR,3,1,9,61,8.08,4,3,8,2,2
3113-IWHLC,4,0,9,25,9.4,1,2,5,0,2
3211-ILJTT,4,2,5,41,9.97,6,1,4,2,1
4612-THJBS,4,1,5,15,7.83,1,3,6,1,0
4277-BWBML,4,2,4,9,9.43,3,2,5,3,0
4094-NSEDU,9,4,2,35,12.97,7,3,7,3,2
0234-TEVTT,1,1,13,4,6.71,1,3,2,2,1
4304-TSPVK,3,0,8,38,8.36,2,3,8,1,1
1552-AAGRX,3,1,20,34,7.45,0,1,5,2,0
2637-FKFSY,2,1,8,4,6.87,2,1,3,1,3
9796-MVYXX,3,1,12,47,10.15,0,1,9,2,3
7874-ECPQJ,1,0,16,17,6.73,2,1,4,2,0
0020-INWCK,2,2,13,30,5.1,4,4,4,1,3
7089-RKVSZ,0,1,10,3,6.15,1,1,7,2,1
2683-JXWQQ,2,1,7,16,7.88,4,1,6,2,1
9548-ZMVTX,3,0,5,12,6.3,3,0,5,0,0
8739-XNIKG,4,2,11,21,7.33,3,0,3,0,0
9755-JHNMN,2,0,11,17,5.05,3,1,5,2,0
3981-QSVQI,4,1,9,8,7.04,3,0,5,0,1
2789-HQBOU,1,1,7,64,8.62,2,2,3,2,1
9424-CMPOG,2,0,11,30,4.78,0,4,5,3,1
5067-WJEUN,2,0,13,14,3.7,0,2,9,0,0
3450-WXOAT,3,1,14,86,5.54,2,3,6,2,1
9251-WNSOD,2,0,13,8,6.87,3,1,7,2,0
6974-DAFLI,2,1,7,8,6.82,3,2,4,1,0
2616-UUTFK,2,0,11,79,4.97,1,2,3,0,1
7064-JHXCE,3,1,10,90,5.24,0,3,8,0,3
5103-MHMHY,2,1,11,49,9.59,3,0,2,1,1
7989-AWGEH,1,1,9,23,6.75,1,1,3,0,1
4373-VVHQL,3,1,12,15,7.92,5,0,5,1,4
4559-UWIHT,2,0,9,83,12.16,1,0,4,1,1
7268-IGMFD,6,5,5,7,9.12,7,1,3,1,4
1846-XWOQN,3,2,5,58,6.15,8,4,1,5,0
0235-KGSLC,12,5,6,12,8.55,3,4,1,0,1
6650-BWFRT,4,1,14,26,7.47,2,0,6,1,0
9570-KYEUA,3,0,7,11,6.31,2,0,4,0,2
6993-YGFJV,2,0,11,52,4.68,0,0,8,3,1
2712-SYWAY,2,1,13,4,9.57,5,1,6,0,1
0730-BGQGF,1,1,15,5,6.04,1,0,6,3,0
5498-IBWPI,3,0,7,10,6.03,1,2,5,0,2
9101-NTIXF,1,0,10,23,5.76,0,0,8,2,1
0013-SMEOE,1,1,15,2,9.46,1,1,9,1,0
9314-QDMDW,2,1,8,15,5.38,7,3,7,2,1
9308-ANMVE,2,1,11,4,6.93,2,2,7,1,1
2884-GBPFB,6,1,6,12,9.55,3,3,3,1,3
3757-NJYBX,7,3,3,5,11.21,10,4,6,2,1
3413-DHLPB,4,1,11,37,5.95,3,2,5,0,0
7649-PHJVR,2,0,11,43,5.91,2,4,5,2,0
6114-TCFID,0,0,17,11,7.93,1,1,6,0,0
3787-TRIAL,7,1,15,7,12.5,3,0,4,0,1
2573-GYRUU,3,1,6,16,7.05,2,3,5,2,2
5156-UMKOW,3,0,13,29,6.08,1,0,4,3,0
1247-QBVSH,6,1,19,5,11.63,1,3,5,0,0
6734-GMPVK,4,0,11,36,7.68,0,4,6,1,1
9822-OAOVB,2,0,10,20,7.73,4,2,5,1,1
6161-ERDGD,2,2,12,36,7.57,0,0,6,0,0
1226-JZNKR,3,1,11,6,7.28,1,0,4,2,0
7318-EIVKO,2,0,10,42,8.73,2,0,8,3,3
3771-PZOBW,3,1,12,90,9.02,3,1,5,2,2
5136-KCKGI,5,1,10,24,7.08,3,1,3,0,2
8231-BSWXX,6,1,10,13,6.38,1,0,6,0,0
6486-LHTMA,3,0,14,45,9.38,1,3,6,0,1
4083-BFNYK,4,2,11,10,2.73,2,0,6,1,1
3722-WPXTK,4,0,5,1,7.28,3,4,2,0,1
7389-KBFIT,1,1,8,12,8.82,2,2,4,3,1
7176-WIONM,3,1,18,17,8.14,0,1,4,1,2
5141-ZUVBH,5,1,16,31,6.47,2,0,1,2,3
1089-HDMKP,2,1,8,30,9.06,2,3,7,3,0
7623-HKYRK,3,1,15,15,8.73,3,5,9,1,1
0310-SUCIN,3,1,8,8,4.86,0,1,9,0,0
5197-PYEPU,2,1,15,2,6.82,2,1,7,2,0
2929-ERCFZ,3,1,9,7,7.5,5,4,4,0,2
7548-SEPYI,4,0,9,30,12.23,7,3,4,5,0
8835-VSDSE,7,4,8,61,6.78,4,1,4,1,0
6619-RPLQZ,2,0,19,6,5.66,0,0,6,1,1
3275-RHRNE,5,3,11,23,8.49,2,0,5,1,0
3503-TYDAY,3,0,9,9,11.62,4,3,2,1,2
6901-GOGZG,4,1,14,0,7.67,2,1,5,1,1
1623-NLDOT,6,2,5,57,15.18,4,3,3,3,1
7021-XSNYE,1,0,9,47,4.25,1,0,6,3,1
9621-OUPYD,2,2,7,27,8.94,1,1,6,3,0
9898-KZQDZ,4,1,5,23,8.54,2,0,3,4,1
8982-NHAVY,5,1,16,24,10.38,0,1,6,1,2
4307-KWMXE,1,0,17,38,7.42,1,1,4,2,0
0141-YEAYS,3,0,11,22,6.23,2,1,5,0,0
2450-ZKEED,3,0,9,20,8.54,2,3,7,1,1
3694-DELSO,0,0,10,23,5.88,0,0,5,0,2
3893-JRNFS,3,1,9,1,4.72,3,0,5,1,1
9603-OAIHC,4,1,8,16,8.24,5,4,1,3,2
1133-KXCGE,6,4,9,35,9.01,1,2,9,1,3
5236-PERKL,1,0,7,20,9.55,4,0,1,0,4
0142-GVYSN,4,2,5,10,7.57,2,1,6,1,2
1049-FYSYG,1,0,14,4,8.59,5,4,5,1,0
7854-FOKSF,6,3,8,11,5.06,4,1,2,0,1
2519-FAKOD,6,2,8,52,15.61,2,4,5,2,4
8406-LNMHF,5,2,10,11,8.22,4,2,5,0,0
1821-BUCWY,1,1,12,18,8.31,3,2,5,0,0
8263-JQAIK,9,4,10,11,12.91,3,3,3,1,0
0023-UYUPN,3,0,5,17,4.75,1,1,5,1,1
8314-DPQHL,5,2,16,10,4.75,5,1,6,0,1
1465-WCZVT,5,1,14,35,10.78,1,0,6,0,2
9481-SFCQY,2,0,15,24,5.54,2,1,5,1,1
6360-SVNWV,2,1,12,47,6.73,0,0,6,1,1
0567-GGCAC,3,2,13,20,6.51,0,2,4,1,3
7089-IVVAZ,1,0,3,47,3.92,7,3,3,1,1
8884-MRNSU,4,1,13,59,6.7,1,1,6,0,0
2171-UDMFD,4,2,16,43,7.48,5,1,6,0,1
9050-IKDZA,8,3,10,0,10.48,3,3,4,1,2
2205-YMZZJ,6,2,5,90,8.97,7,1,1,2,3
9802-CAQUT,9,1,11,4,6.43,2,0,5,3,1
1254-IZEYF,6,1,6,65,11.0,3,2,3,3,2
0187-WZNAB,3,1,7,28,10.71,1,3,1,1,1
9492-TOKRI,3,1,9,66,7.53,2,2,3,4,4
1475-VWVDO,2,0,16,14,3.98,0,2,4,2,0
9221-OTIVJ,7,3,6,28,14.38,4,2,2,2,6
1357-MVDOZ,3,1,8,5,11.19,1,1,3,1,1
7602-MVRMB,3,0,18,11,5.65,2,4,7,0,0
3325-FUYCG,5,3,4,0,9.17,4,1,1,3,1
5908-QMGOE,7,3,8,22,9.81,3,2,4,4,2
1197-BVMVG,4,1,12,1,6.16,2,2,6,0,2
5406-KGRMX,2,0,19,65,5.8,0,3,8,1,1
8481-YYXWG,6,2,7,0,9.63,5,0,3,0,1
5968-HYJRZ,2,1,10,1,4.73,2,2,7,0,0
5198-EFNBM,1,1,12,61,12.03,0,3,5,0,1
7516-GMHUV,3,1,24,13,3.13,0,0,6,0,2
7140-ADSMJ,1,0,12,24,2.46,2,4,7,2,1
2230-XTUWL,1,0,14,57,8.21,0,0,6,0,1
7706-YLMQA,0,0,12,5,5.49,1,0,5,0,0
2585-KTFRE,4,1,12,70,8.46,1,6,3,1,1
7994-UYIVZ,4,0,15,7,7.35,4,1,7,2,0
2609-IAICY,7,1,5,89,9.09,2,2,3,3,0
1740-CSDJP,10,5,2,42,9.61,7,2,3,1,1
7717-BICXI,2,1,12,90,7.59,2,1,7,2,0
6559-RAKOZ,4,2,4,49,10.47,3,2,3,2,0
2636-OHFMN,3,1,9,3,8.36,7,3,4,2,3
4716-MRVEN,4,2,18,34,8.09,2,4,5,0,0
2143-LJULT,1,0,20,20,5.81,0,2,4,1,1
1323-OOEPC,7,3,5,19,9.1,9,1,2,4,2
3200-MNQTF,2,0,10,8,5.39,2,0,8,0,1
6164-HXUGH,2,1,10,0,7.37,3,1,4,0,2
5630-IXDXV,4,1,9,17,5.1,1,2,6,0,0
0320-DWVTU,3,0,7,33,5.08,1,3,7,1,0
9135-MGVPY,3,0,21,4,4.12,0,1,6,0,2
1212-GLHMD,3,0,14,48,3.53,3,1,8,0,1
7878-JGDKK,4,0,15,23,6.14,1,0,6,2,1
1088-AUUZZ,2,0,15,24,5.87,1,0,5,2,1
0397-GZBBC,8,3,9,49,10.61,5,3,3,4,0
6614-YWYSC,2,1,15,51,3.87,0,0,0,1,2
9588-OZDMQ,8,2,8,0,7.91,3,2,5,5,1
7641-EUYET,3,2,5,16,10.6,2,3,7,1,1
6476-EPYZR,6,2,6,90,7.04,1,1,5,1,1
9921-ZVRHG,4,2,6,12,10.22,8,5,2,2,0
1174-FGIFN,4,1,7,46,8.11,0,2,6,2,1
6620-HVDUJ,5,1,8,12,7.25,1,4,2,1,1
4701-MLJPN,4,0,3,0,8.52,2,2,5,4,1
1032-MAELW,1,0,14,43,7.5,0,1,5,0,0
7641-TQFHN,2,0,9,2,5.59,0,0,4,1,3
1552-TKMXS,1,0,11,18,2.62,1,0,5,0,0
9206-GVPEQ,1,1,8,40,8.37,7,2,4,4,1
8622-ZLFKO,3,1,6,15,6.6,1,3,6,0,3
1596-BBVTG,3,1,9,6,10.13,4,3,3,2,4
6188-UXBBR,5,1,9,33,8.34,4,1,6,0,1
2333-KWEWW,3,1,12,45,5.77,0,0,6,1,2
5702-SKUOB,2,1,14,6,6.65,5,0,4,1,1
1134-YWTYF,1,1,9,37,9.27,4,3,6,4,0
6061-GWWAV,2,0,13,15,7.29,4,1,6,0,0
0679-TDGAK,6,3,9,53,5.64,1,2,5,1,0
6585-WCEWR,0,0,15,78,6.44,1,3,7,0,2
9067-YGSCA,1,0,10,12,8.85,3,1,5,0,2
9067-SQTNS,2,0,10,7,4.38,2,1,6,4,0
8433-WXGNA,6,2,3,37,11.16,4,3,1,2,4
1776-SPBWV,3,1,14,21,6.41,8,0,7,0,0
8735-SDUFN,5,1,8,16,9.95,2,3,7,1,0
9668-PUGNU,4,0,12,20,7.84,0,1,4,1,0
9405-GPBBG,3,0,7,7,8.87,3,1,3,0,0
1926-QUZNN,2,1,15,54,8.53,1,1,6,1,0
3707-GNWHM,4,2,1,2,11.93,1,0,6,0,2
7016-NVRIC,1,1,13,8,9.94,2,3,6,1,1
5829-NVSQN,4,2,9,39,5.31,1,0,5,3,0
9565-AXSMR,2,1,14,40,8.86,1,1,5,2,1
8922-LIEGH,8,1,6,33,7.1,6,3,2,5,0
8869-LIHMK,3,2,14,36,4.52,0,1,7,2,0
8245-UMPYT,6,2,2,90,9.61,2,2,2,1,0
5186-SAMNZ,4,1,11,9,12.31,4,1,5,0,1
0447-RXSGD,1,1,6,33,7.83,1,0,5,0,2
4927-WWOOZ,0,0,7,9,5.64,3,1,3,2,3
5788-YPOEG,2,0,15,17,8.16,2,1,6,0,0
5373-SFODM,8,5,8,7,8.89,2,2,3,1,4
0661-KBKPA,1,0,11,11,7.76,2,0,4,0,0
9081-WWXKP,3,0,10,23,6.32,1,1,6,0,0
0784-ZQJZX,5,3,13,90,5.92,3,0,6,2,1
3133-PZNSR,4,2,11,6,9.8,1,2,6,0,4
5766-ZJYBB,4,3,4,16,6.47,3,4,3,1,1
8931-GJJIQ,4,1,11,32,7.99,5,2,3,1,4
4277-PVRAN,1,1,5,0,11.1,6,0,1,5,4
0022-TCJCI,2,1,2,40,15.43,5,0,3,2,0
0722-SVSFK,2,1,8,16,5.0,2,3,5,0,2
3612-YVGSJ,1,0,12,7,6.93,1,1,5,1,0
9825-YCXWZ,2,1,7,11,2.84,2,2,6,1,1
5397-NSKQG,2,0,12,51,6.69,0,4,4,1,1
8565-HBFNN,2,1,10,5,5.81,4,2,6,0,2
2000-DHJUY,5,1,18,2,7.63,2,4,5,4,2
0203-HHYIJ,3,1,2,32,12.49,3,1,5,3,0
8670-ERCJH,2,0,12,4,8.08,1,1,7,1,1
7758-UJWYS,3,1,14,23,6.88,4,3,4,0,2
2050-ONYDQ,3,1,11,38,8.67,2,1,7,4,2
7055-JCGNI,5,2,7,13,7.61,1,2,5,1,2
0739-UUAJR,1,0,12,15,5.05,0,2,5,1,0
4826-DXMUP,2,0,7,20,6.79,1,0,5,0,0
0952-KMEEH,6,2,7,6,10.78,5,5,3,2,4
7285-KLOTR,0,0,11,19,14.8,3,2,7,1,3
0654-PQKDW,2,0,17,58,9.35,0,0,7,0,0
7175-NTIXE,3,1,16,13,8.85,0,0,7,1,0
7963-SHNDT,3,0,10,47,4.46,2,3,6,1,1
9796-BPKIW,6,1,12,12,7.55,2,0,7,2,0
0188-GWFLE,5,2,11,2,10.78,3,1,5,0,1
8129-GMVGI,2,0,11,1,7.26,2,2,3,0,0
2882-DDZPG,2,0,15,25,9.9,3,3,8,2,0
3547-LQRIK,0,0,14,35,8.09,3,0,6,0,1
9137-NOQKA,1,0,10,8,9.02,1,1,7,0,1
5843-TTHGI,2,0,7,9,4.4,2,1,1,0,1
1849-RJYIG,8,0,16,7,11.0,1,2,7,1,1
8868-GAGIO,2,0,14,2,8.37,1,0,9,1,1
4061-UKJWL,4,2,11,37,10.47,2,1,8,3,2
5380-XPJNZ,6,0,9,13,8.13,8,2,3,0,0
8263-QMNTJ,4,3,12,9,9.3,4,3,2,0,0
8178-EYZUO,7,3,9,10,11.38,2,2,2,5,2
3230-JCNZS,2,1,15,18,6.97,2,0,6,1,0
0277-ORXQS,1,1,14,32,6.11,1,1,6,1,3
5130-IEKQT,6,2,6,29,7.72,2,4,2,3,3
3230-WYKIR,6,3,8,33,9.62,3,2,4,1,1
7996-BPXHY,3,0,16,7,5.01,3,0,5,2,2
3227-WLKLI,3,0,16,4,5.68,1,1,5,1,1
0407-BDJKB,6,3,6,1,12.85,3,2,3,3,2
2266-FUBDZ,1,0,11,6,9.54,0,0,4,0,0
8237-ULIXL,2,1,6,26,6.54,2,2,5,3,0
9600-UDOPK,2,1,5,56,12.55,1,4,3,1,2
8216-AZUUZ,4,1,8,8,7.57,1,1,4,1,1
9153-BTBVV,1,0,8,15,7.01,1,1,4,1,3
4074-SJFFA,9,5,6,90,10.63,1,2,3,3,1
3269-ATYWD,5,0,5,2,8.4,2,1,1,0,2
5186-PEIZU,5,2,9,23,7.11,4,3,7,1,1
1074-AMIOH,4,0,15,87,10.08,0,2,8,0,1
4910-GMJOT,8,1,1,1,10.54,6,1,3,2,2
0354-WYROK,6,2,5,16,10.7,7,0,4,1,1
4361-FEBGN,2,0,14,5,7.34,2,3,6,5,0
7748-UMTRK,3,0,9,6,7.1,2,4,7,3,1
0380-ZCSBI,1,1,12,13,8.38,5,4,5,1,1
7145-FEJWU,0,0,10,13,9.67,2,2,6,2,3
6463-MVYRY,2,1,15,17,8.04,3,0,6,2,3
3969-JQABI,1,1,12,3,8.95,3,1,4,2,1
9624-EGDEQ,1,1,12,12,4.05,5,1,4,1,0
1051-EQPZR,1,1,10,6,5.59,4,1,4,2,1
5849-ASHZJ,3,1,9,28,6.67,3,0,3,0,2
5780-INQIK,2,0,14,69,8.93,3,1,4,2,2
7576-OYWBN,10,3,3,7,10.67,3,3,3,2,2
4526-ZJJTM,3,0,7,90,8.92,1,0,4,1,1
8384-FZBJK,1,0,8,37,8.17,1,2,3,3,2
3750-RNQKR,3,2,7,7,8.13,1,2,3,2,1
0962-CQPWQ,1,0,16,9,10.96,0,0,7,2,0
3096-YXENJ,3,1,16,37,6.56,2,0,7,0,1
1265-BCFEO,0,0,13,11,2.86,0,1,7,0,1
5837-LXSDN,7,4,6,86,8.81,3,3,4,1,1
5945-AZYHT,4,0,7,4,10.03,4,3,5,0,2
8325-QRPZR,2,0,12,9,9.52,2,4,6,0,2
6384-VMJHP,6,3,11,5,6.88,2,0,3,0,0
2262-SLNVK,1,0,10,31,7.43,5,1,5,2,0
7730-CLDSV,2,1,9,57,9.51,2,0,4,1,1
1135-HIORI,4,1,15,1,7.79,2,1,3,1,2
0164-APGRB,6,3,11,14,8.72,1,1,4,2,2
6481-ESCNL,1,0,8,50,7.28,5,3,4,0,1
1790-NESIO,2,1,13,17,7.5,3,0,5,0,1
1550-EENBN,3,1,10,90,6.54,2,1,7,4,1
5539-TMZLF,4,2,5,14,9.49,3,3,5,1,2
4323-SADQS,2,1,8,28,7.76,2,3,3,1,3
4446-BZKHU,6,3,4,41,8.22,4,4,4,1,0
5202-IVJNU,6,3,8,32,6.9,8,2,3,3,0
5976-JCJRH,6,1,5,4,6.79,7,3,3,3,3
8198-RKSZG,0,1,8,0,5.49,3,0,7,3,0
0137-OCGAB,5,2,4,60,10.73,0,3,2,2,1
3351-NQLDI,5,0,2,34,10.18,4,3,3,1,1
9297-EONCV,3,1,15,24,8.31,0,0,6,1,0
7593-JNWRU,6,3,6,37,8.96,5,4,2,0,1
4588-YBNIB,3,2,4,11,6.89,4,2,4,3,0
1069-QJOEE,1,1,18,16,7.72,3,2,7,3,1
3336-JORSO,6,2,8,90,9.91,1,5,4,0,2
7799-DSEWS,4,3,12,12,7.26,6,0,6,1,0
8766-PAFNE,0,0,15,36,4.46,2,1,5,1,0
5315-CKEQK,3,1,6,5,7.51,1,0,5,2,2
3130-ICDUP,2,1,6,38,9.45,1,0,6,1,2
0820-FNRNX,3,0,18,0,4.97,2,0,4,1,1
0880-FVFWF,5,3,14,52,4.25,2,1,3,2,0
4611-ANLQC,3,1,15,4,8.24,0,3,5,2,0
4213-HKBJO,2,0,9,39,6.28,3,3,5,1,1
2792-LSHWX,3,1,17,7,9.08,2,3,7,2,1
5028-GZLDO,2,0,7,79,9.22,2,3,5,1,0
0014-BMAQU,1,0,11,20,5.28,0,0,5,2,2
6861-XWTWQ,9,1,7,33,10.17,6,5,3,0,1
9018-PCIOK,2,1,17,3,6.96,2,1,5,2,2
4837-QUSFT,0,0,8,3,7.25,4,0,4,1,0
6877-TJMBR,5,2,5,22,7.77,2,2,2,1,4
9953-ZMKSM,5,1,19,32,10.07,1,2,3,2,3
0907-HQNTS,3,2,14,25,6.05,4,1,5,1,1
7665-NKLAV,4,2,13,18,9.9,1,2,5,0,1
6769-DCQLI,5,4,7,22,6.44,4,1,4,1,1
2433-KMEAS,7,2,12,90,11.59,4,2,5,5,1
4391-LNRXK,1,0,10,11,9.19,2,3,5,4,1
8250-ZNGGW,4,2,11,6,7.18,4,5,6,2,2
2195-ZRVAX,6,1,6,31,6.53,6,3,4,6,1
3550-SAHFP,8,1,6,90,9.98,3,3,3,1,3
2011-TRQYE,5,4,2,0,6.21,2,4,6,0,2
8562-GHPPI,2,0,8,0,6.73,2,1,6,2,2
5893-PYOLZ,2,0,8,39,9.46,1,0,4,3,2
4986-MXSFP,2,0,7,21,7.06,0,0,5,1,1
6131-FOYAS,1,0,11,4,7.53,3,3,4,1,0
3027-YNWZU,2,2,6,31,10.96,2,2,5,2,6
5609-IMCGG,3,0,9,36,7.68,0,2,3,1,1
4873-ILOLJ,6,2,4,7,13.24,4,3,3,2,2
4727-MCYZG,4,1,8,90,7.65,5,1,1,1,0
9481-WHGWY,5,1,6,4,8.6,0,1,8,0,0
2725-KXXWT,4,2,4,36,9.6,3,3,3,5,3
9565-DJPIB,3,2,9,36,10.55,3,0,7,2,3
4328-VUFWD,4,1,15,18,5.83,0,1,5,1,2
3301-LSLWQ,2,0,11,8,7.84,1,1,5,0,1
7473-ZBDSN,2,0,8,3,7.76,0,0,4,0,2
3166-PNEOF,2,0,8,3,7.52,3,1,5,2,0
5639-NTUPK,4,2,15,3,3.68,3,0,8,1,3
8780-YRMTT,6,2,12,8,8.7,3,0,6,1,2
8348-HFYIV,5,0,7,2,10.48,2,3,5,1,4
5140-FOMCQ,4,2,14,11,7.47,1,0,6,1,0
6242-SGYTS,5,2,11,7,10.13,1,2,8,2,1
8166-ORCHU,3,1,7,0,7.68,0,0,6,2,2
8414-OOEEL,2,1,21,11,8.16,1,2,5,1,0
8454-AATJP,2,2,10,7,8.69,0,2,6,0,0
6849-WLEYG,6,1,7,23,9.32,4,3,5,2,0
4659-NZRUF,2,1,10,19,9.89,3,3,0,0,1
4531-AUZNK,2,2,16,47,6.14,1,0,4,1,1
4191-XOVOM,4,1,12,14,3.68,7,1,2,2,2
2150-OEGBV,0,0,18,58,5.43,2,0,7,1,1
8429-XIBUM,0,0,5,77,7.14,3,2,4,3,2
1855-CFULU,2,0,10,12,4.7,3,0,5,0,0
4878-BUNFV,2,2,6,21,5.89,0,3,5,1,3
1872-EBWSC,6,1,12,11,12.69,1,1,5,0,0
2608-BHKFN,3,1,3,51,7.58,2,1,4,3,3
7026-YMSBE,4,0,13,25,7.27,1,1,10,0,3
7341-LXCAF,3,3,9,75,6.16,2,3,3,1,3
6997-UVGOX,2,0,14,24,8.22,4,1,5,3,0
9674-EHPPG,2,1,15,0,8.33,2,3,7,2,3
9462-MJUAW,3,1,3,6,7.67,1,1,5,2,2
8128-YVJRG,6,4,2,66,8.56,3,5,3,1,2
5440-VHLUL,1,0,18,13,4.66,3,1,7,1,2
5781-BKHOP,7,3,12,89,8.36,2,3,5,2,2
4283-FUTGF,4,2,6,29,10.41,0,0,3,1,0
5213-TWWJU,5,0,8,11,9.58,2,0,9,0,3
1569-TTNYJ,4,1,1,31,9.62,4,3,3,2,2
8628-MFKAX,1,0,14,2,3.34,1,1,9,2,1
2397-BRLOM,5,2,3,22,7.62,3,3,3,4,1
7629-WIXZF,5,1,13,43,4.22,0,1,4,2,0
5445-GLVOT,7,1,11,7,6.09,7,1,3,3,1
3976-HXHCE,0,1,15,1,5.62,3,0,5,1,1
2466-NEJOJ,2,1,10,8,7.39,3,1,2,1,3
0254-KCJGT,2,1,8,90,7.26,1,3,7,4,3
5472-CVMDX,3,1,17,3,3.51,2,2,5,2,0
6461-SZMCV,3,0,16,24,8.69,3,2,6,3,1
8150-QUDFX,2,0,11,61,8.46,1,1,3,1,0
9508-ILZDG,3,0,11,13,7.0,3,0,3,1,2
2346-DJQTB,1,1,14,35,7.08,0,3,3,4,4
1697-LYYYX,1,0,17,32,5.4,0,1,8,3,0
1942-OQFRW,3,1,7,20,7.55,5,1,6,2,1
4749-VFKVB,4,1,7,16,10.79,3,2,3,2,0
9640-ZSLDC,1,0,9,1,6.85,2,1,4,0,0
4231-LZUYM,2,1,15,18,7.45,1,1,6,0,0
7598-UAASY,4,2,12,21,10.06,5,0,5,4,2
7938-OUHIO,3,2,8,3,8.55,3,3,6,1,6
8510-AWCXC,3,0,10,34,6.68,1,2,7,0,2
6128-AQBMT,5,3,7,87,10.57,0,2,6,2,2
3594-BDSOA,4,2,7,0,8.39,1,1,4,1,0
0431-APWVY,10,8,4,70,12.44,2,1,4,1,2
5133-VRSAB,2,0,15,64,6.65,2,2,4,2,1
5996-DAOQL,5,1,17,33,7.81,2,1,7,0,1
6838-YAUVY,3,2,19,6,6.06,2,0,8,2,2
0484-JPBRU,2,1,14,24,8.91,2,2,5,0,0
7883-ROJOC,6,0,12,12,10.85,2,0,6,0,1
0244-LGNFY,2,1,6,14,10.11,0,1,7,0,0
7274-CGTOD,3,2,18,33,7.65,3,1,3,0,2
4295-YURET,2,1,8,22,8.09,1,0,8,1,0
3426-NIYYL,12,4,7,3,10.93,3,4,3,3,0
8225-BTJAU,6,3,8,30,10.22,3,1,2,5,1
4635-EJYPD,3,1,17,15,7.13,0,2,4,0,0
1866-ZSLJM,4,1,11,0,6.2,2,0,6,0,1
4636-TVXVG,7,2,12,5,3.66,2,3,7,3,1
4236-UJPWO,1,0,9,10,8.62,2,0,8,0,0
9392-XBGTD,2,0,11,1,4.52,0,5,5,3,5
3387-VATUS,3,2,3,15,8.2,2,1,5,1,0
6402-SSEJG,4,1,5,53,7.41,3,1,7,0,1
1143-NMNQJ,3,0,6,17,12.88,1,3,3,1,3
1169-SAOCL,5,2,11,35,6.65,5,2,7,0,0
1110-KYLGQ,1,1,9,2,5.34,0,2,4,1,2
9929-PLVPA,0,1,12,79,6.03,1,2,7,1,1
3518-PZXZQ,2,0,14,15,7.14,3,0,5,0,1
2371-JUNGC,3,1,10,1,7.25,0,2,4,0,0
7693-QPEFS,1,0,13,6,5.39,1,0,5,3,1
0924-BJCRC,3,0,8,43,7.91,1,3,5,3,2
5074-FBGHB,3,0,9,77,3.92,4,2,4,2,3
2351-BKRZW,4,1,5,16,6.16,0,3,6,1,0
4455-BFSPD,0,0,11,16,10.76,5,2,5,2,1
0415-MOSGF,1,0,4,8,7.5,6,2,3,2,2
1724-BQUHA,3,2,3,73,9.66,4,0,1,1,5
3948-KXDUF,0,1,17,21,7.36,4,0,7,0,0
2323-ARSVR,3,0,15,9,10.25,3,2,8,2,0
0815-MFZGM,3,2,10,90,10.97,3,2,6,1,3
4826-XTSOH,5,2,3,17,11.24,3,2,3,1,2
5480-XTFFL,2,0,13,22,5.55,1,2,5,0,1
8295-FHIVV,1,0,11,6,5.55,4,3,6,2,2
2495-INZWQ,9,5,2,47,8.93,1,2,3,1,1
9086-YJYXS,1,0,21,24,12.41,4,2,7,1,1
1179-INLAT,2,1,10,4,8.48,5,0,6,1,2
7909-FIOIY,4,0,15,1,7.34,1,2,3,1,3
4139-SUGLD,4,0,5,5,10.14,3,5,4,1,2
6857-VWJDT,4,2,5,18,12.62,5,2,2,0,3
6351-SCJKT,1,0,11,49,7.0,0,0,3,0,1
5468-BPMMO,5,2,7,56,7.29,0,1,4,2,1
5624-BQSSA,8,4,5,11,9.44,1,1,2,2,1
0197-PNKNK,4,0,10,36,6.02,2,2,3,1,0
2439-QKJUL,3,2,14,65,7.56,1,0,4,0,2
1194-SPVSP,3,0,6,7,8.83,5,1,6,3,1
9534-NSXEM,1,0,16,90,7.4,1,1,6,1,1
2408-WITXK,6,2,4,69,12.61,3,4,1,4,0
8929-KSWIH,5,0,10,6,5.96,1,1,4,3,1
2250-IVBWA,7,3,5,33,8.83,2,3,8,2,1
1810-MVMAI,1,1,15,14,5.16,0,0,6,2,3
9506-UXUSK,3,0,9,2,7.67,2,3,5,0,0
1229-RCALF,3,0,15,5,3.51,1,1,6,1,2
3572-UOLYZ,2,1,10,0,9.53,3,2,2,4,3
1429-UYJSV,4,0,10,24,11.29,5,0,3,1,1
5577-OTWWW,6,4,6,3,11.96,6,5,1,4,0
6100-QQHEB,7,0,8,15,9.15,4,2,2,2,3
6366-XIVKZ,4,0,9,0,9.9,1,2,3,0,0
3470-OBUET,3,0,13,12,3.91,0,1,6,4,1
2770-NSVDG,4,1,12,4,8.64,4,0,7,3,2
9375-MHRRS,6,3,11,4,12.57,1,2,7,0,3
2634-HCZGT,5,2,7,0,10.79,2,1,2,2,6
7503-QQRVF,1,0,7,90,9.38,4,3,3,1,0
4860-YZGZM,2,0,11,6,6.99,2,0,6,2,0
6599-GZWCM,2,0,10,25,8.31,4,3,5,0,0
2691-NZETQ,5,2,6,44,9.77,4,2,3,1,1
4404-HIBDJ,6,3,6,27,8.92,3,2,4,4,0
5533-NHFRF,2,0,13,13,7.37,0,0,6,1,0
7037-MTYVW,1,1,11,23,4.04,3,1,7,2,1
4760-THGOT,5,2,11,24,9.95,1,2,4,1,2
7295-JOMMD,3,3,2,5,12.03,2,1,4,3,6
4016-BJKTZ,4,1,5,1,9.11,3,1,1,1,1
6584-VQMYT,1,0,12,14,6.46,1,4,6,0,1
9838-BFCQT,6,0,15,9,7.66,2,0,7,3,1
2790-XUYMV,4,2,3,24,7.79,1,0,4,0,0
0581-MDMPW,2,0,14,11,7.07,2,1,7,2,2
5013-SBUIH,5,2,7,3,12.19,3,3,0,1,2
1023-BQXZE,5,1,9,9,8.65,4,2,3,0,2
9163-GHAYE,3,1,8,5,9.47,2,2,5,3,3
3904-UKFRE,3,1,5,20,8.58,3,1,1,2,0
5353-WILCI,3,1,11,0,5.3,5,1,5,2,0
0709-TVGUR,4,0,3,43,5.46,3,2,5,3,3
0058-EVZWM,4,2,7,20,7.05,1,2,5,0,5
6023-YEBUP,7,4,2,9,8.18,3,3,2,3,3
7209-JCUDS,4,0,9,24,9.76,3,2,5,0,0
7009-PCARS,2,0,11,75,4.39,1,2,3,2,0
0519-DRGTI,2,2,8,0,5.2,3,1,6,1,1
1017-FBQMM,2,0,18,25,3.71,1,1,5,1,2
3001-CBHLQ,2,1,6,18,7.13,0,1,1,4,2
1985-MBRYP,0,0,14,21,5.67,2,2,5,0,0
6158-DWPZT,3,1,6,5,8.56,6,2,3,7,0
9372-TXXPS,1,0,15,2,9.15,3,1,6,2,2
3259-QMXUN,2,1,6,1,7.44,4,0,7,0,0
1015-JPFYW,5,0,11,11,3.03,0,0,6,1,1
6645-MXQJT,5,1,12,3,7.71,1,4,4,3,2
4360-QRAVE,0,0,14,14,8.13,2,0,5,3,0
8433-WPJTV,1,0,10,33,2.35,2,2,5,2,0
5804-JMYIO,1,0,14,19,9.34,3,1,9,1,0
3763-GCZHZ,3,1,5,4,10.65,7,2,5,0,0
6484-LATFU,1,1,12,14,9.5,4,1,4,1,0
7599-NTMDP,1,0,11,22,7.96,0,2,6,3,0
0772-GYEQQ,6,1,9,25,8.99,2,2,2,5,0
0536-ACXIP,5,2,7,6,6.6,0,1,6,3,0
0936-NQLJU,1,0,13,55,6.53,3,1,1,0,3
4831-EOBFE,4,0,6,8,11.54,6,6,1,2,3
1575-KRZZE,4,3,12,16,6.71,3,1,4,1,0
3251-YMVWZ,2,0,14,10,6.93,1,2,7,1,0
4102-OQUPX,5,2,5,90,12.19,5,4,3,2,0
9170-GYZJC,4,2,2,43,10.32,1,1,1,0,1
4884-LEVMQ,3,1,9,17,6.72,2,2,7,0,1
8857-CUPFQ,6,1,9,15,7.85,0,1,5,0,2
7610-TVOPG,2,0,7,17,6.43,2,1,5,1,1
3638-DIMPH,1,0,13,67,3.97,0,0,3,0,1
1845-ZLLIG,3,1,9,76,6.57,2,4,7,2,1
8559-WNQZS,1,0,19,29,4.84,1,1,6,0,1
3999-QGRJH,6,2,2,24,10.62,3,2,5,0,0
1699-UOTXU,1,0,20,44,4.97,1,2,6,3,0
2454-RPBRZ,6,3,7,0,8.38,2,1,0,1,1
0635-WKOLD,1,0,8,6,9.12,5,1,6,3,0
5993-JSUWV,1,1,15,0,7.28,2,2,7,0,2
4518-FZBSX,3,1,13,30,9.77,2,2,3,0,2
5387-ASZNZ,3,1,11,67,6.87,3,1,7,3,1
6988-CJEYV,3,1,10,23,5.2,4,4,4,3,5
2002-MZHWP,3,0,6,19,14.15,7,4,5,1,1
3097-FQTVJ,2,1,11,11,8.95,0,0,5,0,2
5465-BUBFA,5,0,13,1,5.98,3,0,5,0,2
7299-GNVPL,0,0,13,2,9.56,6,0,4,0,1
9743-DQKQW,2,0,16,1,8.8,1,1,7,5,1
1215-VFYVK,2,1,6,90,10.43,1,2,6,1,2
9371-BITHB,4,0,16,8,7.92,1,4,6,2,0
2265-CYWIV,2,0,5,16,9.05,3,1,4,2,0
9093-FPDLG,2,0,13,3,8.21,1,2,7,2,1
0541-FITGH,5,2,11,1,9.38,1,4,7,2,0
6985-HAYWX,3,0,13,29,6.02,2,0,8,2,1
7508-KBIMB,3,1,7,12,7.71,0,3,7,3,3
6838-HVLXG,3,2,6,23,5.74,0,0,8,4,2
2277-DJJDL,6,2,17,24,8.98,4,3,4,1,1
1897-OKVMW,2,1,9,18,7.87,1,0,4,2,0
5485-ITNPC,2,0,6,21,8.99,2,2,8,3,5
0233-FTHAV,3,0,9,23,9.48,0,1,6,1,1
4644-PIZRT,0,0,9,16,5.47,1,2,5,2,2
8922-NPKBJ,4,3,10,81,8.29,0,2,4,0,1
2740-TVLFN,1,0,9,88,8.37,1,0,6,0,0
7771-CFQRQ,6,0,17,61,5.88,0,2,5,1,3
9512-PHSMG,4,0,15,7,5.53,1,2,4,1,2
6963-EZQEE,1,0,17,14,9.72,0,1,6,1,0
2452-KDRRH,2,0,9,24,6.28,1,0,6,2,2
2004-OCQXK,3,2,5,56,9.08,3,0,4,0,2
5027-QPKTE,4,1,4,80,9.38,5,2,2,1,1
4146-SVFUD,2,1,6,33,9.98,3,1,3,3,1
1564-HJUVY,3,2,11,48,6.21,6,2,7,0,0
3617-XLSGQ,2,0,14,19,5.1,2,1,6,1,0
7517-LDMPS,3,3,6,40,8.69,0,1,7,1,1
7244-KXYZN,4,3,12,21,9.38,2,0,5,0,4
5226-NOZFC,2,0,14,4,9.05,1,1,4,1,1
2672-HUYVI,3,1,7,33,8.68,4,1,1,3,1
1400-WIVLL,3,1,13,1,4.44,0,2,5,1,3
7508-MYBOG,7,4,9,10,7.95,1,0,2,1,4
8148-NLEGT,0,0,10,8,7.45,2,0,6,0,0
0148-DCDOS,5,2,5,0,10.86,2,3,1,1,1
8347-GDTMP,6,1,13,25,6.13,1,0,6,2,1
9992-RRAMN,9,5,3,18,8.71,5,1,3,4,2
6746-WAUWT,6,0,20,1,4.11,3,1,4,2,0
0310-MVLET,6,3,9,38,9.74,2,4,3,1,3
0428-IKYCP,1,0,9,15,8.89,3,4,4,1,1
4550-VBOFE,9,5,2,17,8.57,6,3,3,4,1
2187-PKZAY,2,1,10,22,10.2,3,0,4,1,2
4003-OCTMP,4,0,8,0,5.74,1,0,7,1,0
6652-YFFJO,2,1,17,38,6.66,1,0,2,4,2
7225-IILWY,2,1,9,14,7.29,2,1,7,1,0
5248-RPYWW,2,0,10,33,7.43,0,0,3,0,1
7923-IYJWY,3,1,9,42,7.09,2,0,6,0,0
3170-GWYKC,5,1,16,27,8.55,3,1,3,0,3
5696-QURRL,4,0,8,19,10.33,3,3,4,3,1
7409-KIUTL,6,3,8,90,12.28,1,3,4,1,1
9830-ECLEN,2,0,10,4,7.03,2,0,5,0,1
1732-VHUBQ,2,1,5,22,9.2,2,7,4,0,0
0495-RVCBF,3,0,8,28,10.73,3,2,2,5,2
2668-TZSPS,3,0,11,23,4.13,5,0,7,1,0
7854-EDSSA,7,3,6,5,7.11,1,2,2,3,1
8869-TORSS,4,1,9,45,11.57,3,4,2,2,1
7446-SFAOA,3,1,15,35,5.43,1,1,6,0,0
9522-ZSINC,2,0,8,73,6.35,2,0,6,1,2
8234-GSZYK,2,1,13,18,8.04,3,2,4,1,0
6505-OZNPG,4,1,12,58,6.56,0,3,6,1,1
6164-HAQTX,3,1,8,16,9.33,3,2,5,0,0
0679-IDSTG,1,1,5,30,9.07,3,1,5,0,2
7765-LWVVH,5,0,6,0,9.33,1,1,7,1,1
1658-TJVOA,2,1,8,4,7.98,6,2,3,1,2
0953-LGOVU,6,2,18,21,9.27,2,1,1,2,0
2115-BFTIW,5,3,6,1,10.05,0,4,1,2,3
4692-NNQRU,5,0,14,26,6.11,2,2,7,2,1
7742-MYPGI,4,0,8,4,8.1,1,3,7,2,2
0611-DFXKO,7,2,3,36,10.11,6,1,2,2,3
7780-OTDSO,3,1,3,42,9.67,5,1,3,3,2
9619-GSATL,5,0,13,28,6.06,3,0,5,3,1
5622-UEJFI,3,0,8,17,9.76,3,1,6,1,1
9747-DDZOS,1,0,6,20,10.44,3,1,5,2,0
0674-DGMAQ,6,0,13,11,3.79,2,0,6,5,2
6203-HBZPA,0,0,11,2,6.36,1,0,5,1,1
0484-FFVBJ,3,1,12,1,8.37,2,0,4,1,0
0301-FIDRB,2,2,8,71,3.98,1,0,5,2,1
4139-JPIAM,5,1,15,5,6.85,5,0,8,3,3
2181-TIDSV,2,0,8,32,9.79,1,2,6,4,2
2761-XECQW,3,0,8,26,7.62,1,3,6,0,1
1936-CZAKF,3,1,7,50,7.89,1,1,5,0,0
9453-PATOS,1,1,8,14,4.23,1,2,5,1,1
0564-JJHGS,5,1,4,2,8.21,2,1,2,4,2
3348-CFRNX,6,0,4,8,7.12,5,1,2,2,1
4402-FTBXC,0,0,11,22,3.71,3,1,7,0,0
1428-GTBJJ,5,2,7,3,4.77,2,1,5,1,0
2931-XIQBR,3,0,10,0,12.01,4,2,6,0,1
0106-UGRDO,2,1,17,43,6.47,2,1,4,2,1
5542-TBBWB,1,0,7,14,8.89,3,4,4,1,0
1930-QPBVZ,0,0,24,20,8.86,0,1,10,1,1
2606-PKWJB,3,1,14,11,7.27,0,0,7,1,3
5322-ZSMZY,3,1,18,28,6.59,0,0,5,2,0
8059-UDZFY,5,1,8,38,9.09,6,1,3,0,3
7740-BTPUX,1,1,8,1,12.35,1,0,6,1,0
5220-AGAAX,2,0,21,4,7.68,3,4,6,2,1
0208-BPQEJ,1,0,5,37,4.38,3,2,4,0,1
9435-JMLSX,3,0,14,6,3.47,0,2,8,1,1
3352-ALMCK,4,0,11,2,5.06,1,0,4,1,0
5312-IRCFR,5,0,10,17,7.83,4,0,7,1,0
5294-IMHHT,1,0,7,14,4.75,1,3,5,0,0
8802-UNOJF,6,4,4,29,8.68,0,1,4,3,0
6313-GIDIT,3,0,5,2,9.6,4,4,5,1,2
6176-YJWAS,1,0,14,29,9.89,1,2,4,0,0
5310-NOOVA,4,1,17,12,5.54,1,0,6,0,0
4526-EXKKN,0,0,17,12,8.15,0,0,9,1,1
5311-IHLEI,1,1,15,1,8.09,1,2,8,0,0
3987-KQDDU,2,0,10,46,9.63,3,1,1,4,0
3404-JNXAX,4,2,12,6,3.89,4,2,5,3,1
5131-PONJI,1,0,8,31,4.42,4,1,7,3,2
2845-AFFTX,8,5,5,18,6.85,2,1,5,2,0
3489-VSFRD,3,0,8,20,10.35,1,2,6,1,2
3345-JHUEO,4,0,12,11,5.76,2,3,8,1,1
5815-HGGHV,2,0,11,2,5.24,2,2,5,1,1
5260-UMPWX,7,2,6,12,7.22,2,3,10,1,1
2249-YPRNG,6,2,4,2,13.86,5,3,2,4,0
7410-YTJIK,5,2,8,0,8.41,4,2,4,0,1
4626-GYCZP,6,1,14,82,8.53,1,2,2,4,2
5649-RXQTV,3,0,7,4,10.16,0,1,7,3,0
2674-MIAHT,7,2,13,18,8.51,2,2,5,0,0
2576-HXMPA,2,0,5,0,7.79,0,2,2,2,1
7587-AOVVU,7,4,6,20,7.9,2,2,1,6,4
5590-BYNII,9,5,4,2,10.42,4,4,1,5,4
6898-MDLZW,5,0,8,15,2.26,1,0,2,2,2
3237-AJGEH,5,2,6,90,10.41,2,3,4,2,1
4707-YNOQA,2,0,15,64,4.24,0,1,5,0,2
9357-UJRUN,2,1,11,17,10.33,2,2,6,2,1
1591-NFNLQ,5,2,7,2,11.87,3,3,4,2,3
8648-PFRMP,3,1,7,4,10.09,2,3,2,2,1
7663-CUXZB,3,1,20,29,11.16,0,0,5,0,0
0258-NOKBL,5,0,7,10,14.24,6,4,7,1,1
1163-VIPRI,3,0,17,31,7.49,2,1,7,2,0
2815-CPTUL,3,1,6,8,9.99,2,1,4,5,4
9348-ROUAI,1,0,12,56,8.44,3,3,6,0,1
9443-JUBUO,1,0,11,9,8.19,1,0,6,0,0
0596-BQCEQ,4,3,5,9,5.08,1,5,2,4,3
1481-ZUWZA,7,3,7,43,9.31,4,2,6,2,2
3043-TYBNO,1,1,10,12,6.03,0,0,2,3,0
4830-FAXFM,3,0,18,39,8.04,2,3,3,0,1
5906-BFOZT,6,3,6,16,8.52,2,1,5,1,2
2960-NKRSO,3,1,8,54,7.82,2,2,5,2,2
8996-ZROXE,4,2,8,12,7.03,3,3,7,1,2
5598-IKHQQ,3,1,10,2,5.82,3,1,3,1,1
0397-ZXWQF,6,2,12,21,11.45,1,2,6,2,1
5266-PFRQK,3,1,16,16,2.11,1,1,6,0,0
4674-HGNUA,2,1,15,6,13.18,0,3,6,2,1
6765-MBQNU,0,0,11,3,10.2,0,0,4,0,1
9786-IJYDL,2,0,12,6,6.85,1,3,5,1,1
1303-SRDOK,1,1,17,23,8.73,1,1,5,2,2
3769-MHZNV,6,3,10,50,7.7,0,1,9,1,2
6295-OSINB,2,0,6,0,7.26,0,3,6,2,1
3308-MHOOC,3,2,8,17,7.42,4,1,3,1,1
2309-OSFEU,1,1,6,24,8.53,2,4,6,2,3
2207-QPJED,4,1,7,12,10.2,5,2,5,2,1
4177-JPDFU,3,0,11,53,5.89,3,1,5,2,3
2239-CFOUJ,2,1,4,1,8.52,2,2,4,1,1
8046-DNVTL,3,0,20,4,5.95,1,2,5,4,2
2209-XADXF,3,0,13,1,11.22,1,1,6,0,1
6620-JDYNW,6,3,11,2,9.18,3,0,7,0,3
1891-FZYSA,5,3,6,33,8.45,4,2,3,2,2
4770-UEZOX,4,2,6,44,11.11,0,5,4,0,1
1038-RQOST,2,1,10,33,8.25,1,2,6,2,0
7613-LLQFO,5,1,5,16,12.14,3,3,4,1,0
4568-TTZRT,4,1,11,45,9.91,2,0,5,0,1
9513-DXHDA,2,1,9,15,5.44,2,2,6,2,2
2640-PMGFL,4,2,4,90,10.96,8,4,2,1,2
3801-HMYNL,9,2,14,25,9.75,3,3,4,1,2
0516-QREYC,3,1,15,4,11.39,1,1,3,1,0
9685-WKZGT,8,2,5,37,7.96,4,2,4,1,3
6022-UGGSO,3,1,9,11,11.36,1,2,1,4,2
8084-OIVBS,2,0,11,23,4.66,2,0,7,0,0
8896-BQTTI,1,1,7,8,12.41,5,3,6,3,0
3865-QBWSJ,4,1,3,2,10.04,1,3,5,2,0
3352-RICWQ,1,0,11,30,6.01,1,2,5,4,1
2160-GPFXD,8,4,7,19,9.73,2,0,6,2,1
2065-MMKGR,1,1,18,7,10.77,2,2,7,2,0
5857-TYBCJ,3,0,10,32,9.37,3,2,5,6,0
1498-NHTLT,7,3,19,22,6.57,4,3,5,1,0
4484-CGXFK,4,3,7,28,7.53,2,3,3,0,1
1402-PTHGN,5,0,14,30,5.73,0,3,9,0,0
4176-RELJR,2,1,13,4,4.74,2,0,4,0,1
6214-EDAKZ,7,2,11,90,12.04,3,3,0,1,2
5199-FPUSP,1,1,10,8,8.88,2,0,3,0,1
6377-KSLXC,4,0,9,23,6.17,1,4,4,2,2
1796-JANOW,3,1,16,32,10.36,0,0,4,2,0
0238-WHBIQ,0,1,12,14,5.95,1,3,6,0,2
8735-NBLWT,3,0,13,51,6.4,4,2,7,0,2
6651-RLGGM,5,2,10,28,7.92,2,0,9,1,0
6127-ISGTU,5,1,8,5,9.73,5,1,3,2,2
1614-JBEBI,3,0,13,27,3.32,1,1,6,2,0
8740-XLHDR,5,4,4,20,9.06,2,4,6,3,3
1208-DNHLN,2,2,7,40,7.02,4,4,4,2,1
1761-AEZZR,5,3,4,7,6.35,2,1,4,5,2
3923-CSIHK,5,3,6,0,8.6,1,4,5,6,2
5696-EXCYS,1,0,8,3,6.34,2,0,6,0,2
5795-KTGUD,1,0,7,3,4.72,1,1,3,3,0
7120-RFMVS,8,5,9,14,10.02,8,2,3,4,1
7924-GJZFI,5,3,6,0,8.54,5,1,3,0,2
4702-HDRKD,3,0,7,26,8.45,5,0,5,2,0
8512-WIWYV,2,0,12,11,6.67,2,0,5,3,0
5897-ZYEKH,1,0,18,31,8.63,1,3,6,1,0
5456-ITGIC,1,0,18,48,8.66,2,0,6,3,1
7317-GGVPB,3,2,4,30,6.74,4,0,1,6,2
1406-PUQVY,1,0,10,57,11.36,5,2,7,2,2
1322-AGOQM,2,1,2,1,12.26,4,4,4,3,2
3677-IYRBF,10,3,4,81,9.26,3,3,1,2,1
5692-FPTAH,5,3,6,37,7.92,0,2,4,1,0
9114-AAFQH,4,2,14,14,8.81,2,1,9,2,0
8715-KKTFG,2,0,14,56,6.18,4,2,5,1,0
1550-LOAHA,8,5,5,4,7.74,4,0,3,0,1
1728-BQDMA,4,1,13,34,7.61,2,3,2,2,1
0268-QKIWO,5,1,9,56,12.33,2,1,2,0,2
0876-WDUUZ,2,1,5,36,12.85,2,4,3,4,3
5117-ZSMHQ,5,0,9,3,10.24,0,0,7,0,1
5151-HQRDG,3,0,11,6,6.62,1,1,5,1,0
0960-HUWBM,3,1,20,9,6.96,1,3,6,1,0
6465-GSRCL,3,0,9,51,6.76,0,0,8,1,4
0617-FHSGK,3,2,4,4,8.54,3,2,3,1,4
0263-FJTQO,3,1,16,3,5.5,0,0,8,1,0
7319-ZNRTR,5,0,7,0,6.3,2,1,5,2,0
2858-MOFSQ,2,0,9,16,13.54,5,1,5,3,3
7503-EPSZW,4,0,11,3,5.15,0,0,7,1,1
7089-XXAYG,4,1,10,7,8.23,2,2,4,0,0
8118-LSUEL,6,1,7,39,11.13,7,4,2,5,0
8070-AAWZP,5,3,14,47,13.03,0,2,6,2,1
1666-JXLKU,9,1,11,33,8.75,1,1,6,1,0
7855-DIWPO,7,1,15,24,7.44,2,0,3,1,1
5133-POWUA,3,1,11,5,5.77,3,0,5,1,2
5652-MSDEY,2,0,7,1,6.3,2,0,6,2,0
7005-CCBKV,3,1,4,2,9.9,3,2,0,2,1
1810-BOHSY,6,2,3,25,7.75,3,0,5,1,0
1784-BXEFA,3,0,15,50,7.15,5,0,7,1,2
7351-MHQVU,4,1,12,4,9.28,3,0,5,1,1
9224-VTYID,1,1,11,14,5.91,2,0,7,1,0
9500-IWPXQ,2,0,18,1,7.2,1,2,5,4,1
5762-TJXGK,4,1,9,90,9.56,2,2,8,1,0
4504-YOULA,5,1,11,4,4.55,5,0,0,1,1
5569-IDSEY,1,1,13,4,7.21,0,2,4,0,1
4250-FDVOU,6,1,3,90,12.77,3,4,4,2,4
7284-ZZLOH,0,0,12,7,7.07,1,1,7,0,0
5277-ZLOOR,6,2,9,41,8.63,4,3,1,1,0
2141-RRYGO,9,4,7,3,11.15,2,2,5,3,0
1777-JYQPJ,3,0,12,90,6.44,4,0,4,1,1
6376-GAHQE,5,3,6,5,11.64,0,2,4,2,3
3401-URHDA,2,0,11,4,8.15,3,1,2,1,0
1599-EAHXY,1,1,17,18,10.59,1,1,4,1,2
8631-XVRZL,7,3,14,9,6.81,3,2,7,1,1
5052-PNLOS,4,2,6,17,10.81,6,1,6,3,1
3853-LYGAM,7,2,14,29,6.69,1,1,6,1,0
6979-ZNSFF,8,3,8,84,10.1,4,3,3,1,2
5751-USDBL,1,1,5,90,5.49,2,4,3,1,0
5680-LQOGP,1,0,14,1,10.17,1,1,4,2,0
2386-LAHRK,7,4,4,7,10.4,4,1,2,1,1
8189-DUKMV,4,1,8,47,7.0,2,1,5,0,1
6032-IGALN,5,3,6,9,11.74,4,1,1,1,0
9931-DCEZH,2,0,15,6,9.84,0,0,7,0,1
1898-JSNDC,1,0,10,19,12.6,0,3,4,0,1
0315-LVCRK,1,0,14,1,5.94,5,2,7,0,1
3911-RSNHI,2,0,13,21,9.09,1,1,4,2,2
2410-CIYFZ,1,0,11,7,9.31,0,1,5,1,0
4248-HCETZ,1,1,5,35,9.78,3,2,3,1,0
5505-OVWQW,3,0,15,46,6.26,1,1,5,2,1
7271-AJDTL,3,2,9,35,9.64,1,1,3,3,1
1867-TJHTS,5,2,6,0,5.71,2,1,6,1,3
0516-WJVXC,3,2,6,26,10.75,3,3,4,0,2
9174-FKWZE,5,3,8,15,8.54,2,3,4,5,2
6860-YRJZP,2,0,5,90,8.34,2,3,6,0,0
4429-WYGFR,4,2,7,22,4.56,3,2,4,0,1
2817-LVCPP,2,0,10,37,5.42,4,1,9,1,0
5038-ETMLM,2,0,14,18,3.75,2,3,5,1,1
5056-FIMPT,4,0,8,31,12.08,3,2,6,0,0
4521-WFJAI,4,0,9,2,3.77,0,0,7,3,2
6569-KTMDU,1,0,15,28,9.61,1,4,8,0,0
8809-RIHDD,3,1,4,14,8.4,0,3,3,0,2
8809-XKHMD,5,4,11,9,3.34,2,2,7,1,1
0396-YCHWO,6,1,6,45,8.94,3,1,5,0,3
0867-LDTTC,4,2,12,2,13.02,3,1,2,2,1
4822-NGOCH,8,4,9,90,8.37,4,2,3,2,2
9391-DXGGG,0,1,16,2,10.87,5,4,5,0,0
9844-FELAJ,4,2,10,20,11.51,0,3,8,1,4
2122-SZZZD,1,1,13,9,4.54,2,2,5,0,1
5307-DZCVC,6,1,6,86,6.39,5,4,2,1,0
3148-AOIQT,4,1,15,30,5.62,1,1,4,0,2
8679-JOEVF,4,1,5,38,12.09,4,2,4,0,0
8395-ETZKQ,3,0,11,11,3.46,2,1,5,1,2
6692-YQHXC,7,2,9,47,9.19,6,2,5,1,0
3889-VWBID,3,1,13,1,7.34,1,3,6,1,1
5222-JCXZT,2,2,10,21,6.67,2,1,2,1,4
9754-CLVZW,6,1,14,10,6.62,5,2,2,4,0
1432-FPAXX,6,4,6,72,9.54,4,2,5,2,3
2739-CCZMB,6,0,7,7,7.52,3,1,4,0,0
7080-TNUWP,4,1,10,46,10.78,2,1,6,0,2
0496-AHOOK,3,0,8,52,6.71,2,1,5,2,0
8336-TAVKX,4,2,12,9,6.58,0,0,9,0,0
2468-SJFLM,4,1,10,31,9.27,3,4,5,4,1
3181-VTHOE,2,0,15,6,4.7,4,0,7,0,2
7168-HDQHG,3,2,11,14,10.53,3,1,6,1,1
4803-AXVYP,6,2,6,45,8.21,1,1,3,4,1
3884-HCSWG,4,3,9,8,10.89,1,2,2,0,2
4567-AKPIA,2,0,9,14,7.42,1,1,5,0,3
5077-DXTCG,4,1,7,72,9.92,2,3,2,0,2
1142-WACZW,6,2,6,4,13.94,2,1,1,2,1
7901-HXJVA,1,0,9,2,8.59,0,4,4,0,1
5649-ANRML,5,3,4,33,8.57,3,2,3,2,2
4892-VLANZ,2,1,2,24,8.01,2,3,4,0,1
5924-IFQTT,4,0,12,32,10.54,3,1,3,2,1
7968-QUXNS,4,1,9,20,8.41,6,2,3,0,1
2919-HBCJO,7,3,3,7,8.9,5,2,4,0,2
4236-XPXAV,6,2,6,62,12.13,4,1,3,0,0
8903-WMRNW,2,0,8,3,6.45,3,2,7,0,2
2452-SNHFZ,4,1,14,73,6.85,3,0,2,1,4
3629-WEAAM,4,1,13,57,7.53,0,4,4,1,1
6029-CSMJE,2,1,13,1,7.2,1,2,7,2,0
7993-NQLJE,1,0,14,56,3.99,2,1,3,1,1
9909-DFRJA,5,3,16,39,6.66,0,2,6,0,0
9099-FTUHS,2,1,6,24,8.91,2,3,5,0,0
0581-BXBUB,5,2,8,14,7.25,5,1,6,1,1
4962-CHQPW,2,1,12,17,6.69,2,4,7,1,0
9467-ROOLM,6,2,10,43,6.73,4,4,3,1,2
3030-YZADT,3,3,8,29,10.43,3,2,5,3,1
7410-KTVFV,5,2,4,30,10.77,2,7,3,2,1
5150-ITWWB,4,1,9,58,10.79,1,3,5,0,1
2253-KPMNB,2,1,12,53,6.34,1,0,6,0,1
1345-ZUKID,2,1,14,37,7.0,4,2,6,1,0
6429-SHBCB,5,1,11,69,9.2,2,1,3,2,1
9281-OFDMF,3,2,11,19,8.15,4,4,5,2,1
2603-HVKCG,1,0,15,39,9.05,1,2,6,2,0
1834-WULEG,2,0,9,18,8.84,2,0,4,1,2
9097-ZUBYC,2,1,9,45,5.09,0,1,6,1,1
5148-ORICT,4,1,12,24,4.47,0,0,6,1,0
4893-GYUJU,3,1,10,13,5.45,2,1,4,1,1
4578-PHJYZ,2,1,13,65,3.24,3,0,7,1,0
7272-QDCKA,4,0,13,29,11.91,4,1,4,1,2
8908-SLFCJ,4,2,12,32,5.02,2,0,7,0,2
8393-DLHGA,4,1,5,53,12.24,4,1,3,3,1
9766-HGEDE,1,1,11,8,5.19,2,0,4,0,2
6968-MHOMU,5,2,14,8,9.62,1,0,7,2,1
7395-IGJOS,2,1,8,22,12.19,3,4,1,4,1
5044-XDPYX,3,2,10,0,4.07,2,1,6,3,1
1814-WFGVS,1,0,7,7,6.87,3,3,5,3,0
2834-SPCJV,3,1,4,4,13.34,3,2,4,2,4
3721-WKIIL,3,1,7,21,7.59,2,2,3,1,0
6734-CKRSM,3,1,15,2,9.03,2,2,3,5,3
1265-ZFOSD,1,0,15,34,6.78,0,0,8,0,0
6568-POCUI,4,0,12,8,8.82,0,1,7,1,0
7890-VYYWG,5,2,7,31,12.44,4,0,4,2,5
5197-LQXXH,2,1,6,34,7.0,1,1,7,2,1
9907-SWKKF,5,2,5,90,9.83,3,5,2,4,0
3457-PQBYH,1,1,14,9,5.92,3,1,5,0,1
7682-AZNDK,4,1,14,15,5.26,3,0,4,2,1
0587-DMGBH,6,4,8,21,11.29,0,3,2,2,5
5384-ZTTWP,3,1,10,64,7.13,3,1,8,0,0
3745-HRPHI,2,0,10,13,8.81,1,1,6,0,1
7636-OWBPG,3,1,13,2,11.28,3,1,4,1,3
1231-YNDEK,3,3,18,22,6.03,3,1,6,0,1
1407-DIGZV,0,1,7,31,5.85,1,2,5,1,0
6397-JNZZG,4,1,6,27,8.63,2,3,3,2,1
0570-BFQHT,2,1,4,48,11.51,5,3,6,2,0
4393-OBCRR,4,2,12,28,3.86,4,0,6,1,2
3523-QRQLL,7,2,4,63,10.51,1,0,4,3,3
8564-LDKFL,7,2,9,12,4.97,3,1,6,1,1
3696-DFHHB,2,1,16,1,9.74,3,1,7,2,1
0895-DQHEW,6,1,5,68,11.34,3,0,2,1,1
4717-GHADL,7,3,11,8,6.43,1,1,4,0,0
5501-TVMGM,5,1,13,3,11.39,2,0,4,2,1
5879-HMFFH,4,1,13,59,5.98,3,1,6,2,0
6772-WFQRD,3,0,14,3,7.6,2,0,5,2,1
3810-DVDQQ,0,0,11,34,2.71,0,2,6,0,2
6972-SNKKW,3,0,10,0,9.2,3,0,3,2,0
3694-GLTJM,4,1,12,8,7.16,2,1,4,3,1
8550-XSXUQ,3,0,16,5,7.18,1,0,7,0,1
8149-RSOUN,8,1,6,84,7.97,3,1,3,4,0
9055-MOJJJ,4,2,11,2,4.85,1,1,5,2,1
4359-INNWN,2,0,9,6,6.1,1,2,4,1,2
0585-EGDDA,4,0,8,24,10.95,4,2,6,1,0
4032-RMHCI,2,0,16,63,7.41,2,2,7,2,0
0549-CYCQN,2,0,10,15,6.26,1,2,5,1,2
3481-JHUZH,2,0,10,60,3.82,5,1,3,0,0
7250-EQKIY,4,2,5,6,13.74,3,3,4,2,5
3594-IVHJZ,1,1,8,12,3.34,3,2,2,0,1
6869-FGJJC,9,1,9,0,10.64,4,0,4,1,0
3896-ZVNET,5,0,11,31,8.7,1,1,5,1,1
8205-VSLRB,3,0,10,58,7.34,1,3,7,2,3
5960-MVTUK,5,3,12,3,6.82,5,0,6,0,1
6817-WTYHE,2,0,10,5,8.4,0,0,9,2,3
3082-VQXNH,1,0,16,5,8.96,1,1,4,1,0
4013-UBXWQ,2,2,8,13,12.11,2,3,4,4,0
4931-TRZWN,1,0,17,13,9.83,3,1,6,0,1
0750-EKNGL,4,0,8,3,4.22,1,1,5,3,1
7669-LCRSD,3,1,10,11,6.29,3,2,5,0,3
3567-PQTSO,7,4,12,3,6.63,2,2,7,1,2
5519-NPHVG,4,1,4,39,9.97,2,4,3,4,1
8043-PNYSD,4,1,14,30,7.37,0,3,4,0,0
9938-EKRGF,5,2,9,65,10.51,3,2,6,3,2
2703-AMTUL,1,0,13,36,6.53,2,1,7,2,1
0928-JMXNP,4,2,9,6,9.98,3,4,5,2,2
8173-RXAYP,3,1,15,5,6.24,5,2,4,1,0
4825-XJGDM,3,2,13,36,11.45,3,0,2,1,1
5402-HTOTQ,4,1,7,65,7.1,4,0,8,3,1
6734-JDTTV,4,1,12,5,6.11,3,1,5,0,1
7850-THJMU,4,1,8,5,8.2,0,1,8,3,1
3890-RTCMS,6,0,11,0,9.4,2,0,6,0,4
8849-GYOKR,9,4,3,90,8.35,6,1,4,1,3
3148-BLQJT,10,1,5,6,9.26,4,3,1,4,2
3717-FDJFU,2,1,11,8,6.69,0,5,8,0,0
3665-JATSN,1,0,9,18,5.94,4,2,5,1,0
7966-YOTQW,1,1,9,18,6.84,2,2,5,0,1
0461-CVKMU,1,1,6,3,8.56,2,3,4,2,1
8806-EAGWC,2,1,6,6,12.51,3,1,2,0,1
8853-TZDGH,4,1,14,7,6.93,0,1,9,0,0
7779-LGOVN,4,1,6,50,8.94,2,3,1,2,1
4324-BZCKL,1,0,6,65,11.54,4,2,5,1,3
6924-TDGMT,4,0,10,9,11.47,1,2,5,1,0
9710-ZUSHQ,8,1,5,17,13.35,3,3,5,2,0
1536-YHDOE,3,1,15,8,5.61,1,1,4,3,1
8123-QBNAZ,3,2,10,45,10.39,4,1,3,2,3
3629-ZNKXA,4,1,3,35,12.38,2,3,5,1,0
4827-LTQRJ,2,0,13,1,6.84,1,0,2,0,3
7711-YIJWC,3,0,15,14,6.28,1,2,3,2,0
5482-VXSXJ,1,0,11,10,7.76,2,5,3,0,3
7365-BVCJH,3,2,17,40,7.95,1,1,5,3,1
9620-ENEJV,5,1,5,6,11.48,4,1,3,1,0
4183-WCSEP,6,4,8,28,10.05,5,4,4,4,0
2378-YIZKA,1,0,9,7,5.33,1,2,7,3,0
5498-TXHLF,3,1,5,2,9.73,1,1,1,2,2
0689-DSXGL,4,2,12,9,10.89,4,3,6,1,3
6818-DJXAA,3,0,7,20,2.29,4,0,6,2,0
9722-UJOJR,4,2,5,9,10.7,1,1,3,4,3
0464-WJTKO,0,0,14,5,5.21,1,0,9,1,0
8902-ZEOVF,3,0,15,47,5.79,1,1,7,1,2
6778-EICRF,3,0,16,13,3.52,5,1,6,3,0
2662-NNTDK,3,1,18,2,7.84,1,0,6,0,0
4132-KALRO,3,3,10,45,7.88,3,3,5,3,1
3902-FOIGH,6,5,7,7,10.82,1,2,3,3,2
6772-KSATR,4,0,6,17,7.65,3,4,4,1,0
7112-OPOTK,5,3,9,7,6.09,6,1,5,3,0
2874-YXVVA,3,1,7,14,4.68,0,1,6,0,0
1245-HARPS,2,1,20,4,6.2,3,2,6,2,0
4210-QFJMF,4,0,4,10,6.31,2,2,2,2,2
4323-ELYYB,0,1,16,6,6.45,1,2,7,2,1
4293-ETKAP,3,1,9,37,9.96,3,1,8,0,1
6064-PUPMC,3,1,9,11,2.01,0,2,7,0,1
6504-VBLFL,4,0,10,19,6.73,1,3,2,0,1
6322-PJJDJ,5,1,10,90,7.64,1,0,6,4,1
0330-BGYZE,2,0,10,55,6.67,3,2,5,1,2
1085-LDWAM,3,2,4,6,10.31,2,3,6,1,1
7586-ZATGZ,3,1,17,1,6.85,1,3,4,1,3
7197-VOJMM,6,3,5,7,6.96,4,1,5,1,2
3318-OSATS,5,2,10,3,9.13,5,2,0,2,0
5828-AVIPD,3,2,8,28,10.88,2,2,3,2,2
1843-TLSGD,7,3,10,0,10.32,1,0,4,1,0
9626-VFRGG,2,0,15,8,7.34,2,1,3,1,0
7075-BNDVQ,1,0,13,5,10.67,1,1,8,3,0
9143-CANJF,3,1,13,2,8.17,2,2,4,1,2
7284-BUYEC,6,2,12,2,4.94,1,2,8,2,0
2041-JIJCI,3,0,12,24,10.41,1,6,4,4,1
1086-LXKFY,8,4,5,61,9.84,5,6,4,3,1
4900-MSOMT,1,0,11,30,10.18,0,3,6,0,2
2229-VWQJH,4,1,8,22,9.51,1,2,4,1,1
9194-GFVOI,3,2,12,79,8.96,1,1,6,1,3
1336-EZFZY,1,0,10,1,5.97,3,3,8,3,0
4282-MSACW,0,0,13,37,5.47,2,2,6,1,0
1403-LKLIK,4,1,10,14,7.37,0,2,5,1,0
2636-ALXXZ,9,4,3,54,7.25,3,4,3,1,1
7774-OJSXI,6,2,6,37,7.75,2,0,4,4,0
7786-WBJYI,5,2,7,78,8.43,3,1,3,1,1
0136-IFMYD,4,1,7,21,6.47,3,1,4,2,2
5144-TVGLP,3,2,3,69,8.18,0,2,4,3,0
9643-AVVWI,4,2,8,41,8.44,2,0,5,0,2
0253-ZTEOB,1,0,12,27,6.63,1,0,7,2,1
2706-QZIHY,1,0,13,9,4.21,0,1,6,1,1
6061-PQHMK,1,0,10,2,5.3,3,0,7,1,1
9885-CSMWE,2,0,7,17,10.36,0,2,4,2,1
6137-MFAJN,2,0,12,20,7.57,3,0,1,1,0
9122-UMROB,4,2,8,38,7.85,2,2,5,1,1
4232-JGKIY,10,4,11,0,6.21,3,2,2,0,0
2402-TAIRZ,1,0,12,13,9.01,1,2,3,1,3
9659-ZTWSM,3,2,13,1,9.43,2,0,2,0,0
9139-TWBAS,4,1,17,3,4.49,1,1,5,1,2
6685-GBWJZ,4,1,12,45,5.77,1,0,5,1,2
5016-ETTFF,5,3,3,6,6.6,3,4,3,3,1
3866-MDTUB,8,2,8,17,11.56,3,4,4,0,2
2195-VVRJF,6,2,17,24,11.4,1,1,5,1,3
3913-RDSJZ,3,0,15,4,8.67,1,1,5,0,2
8058-JMEQO,4,3,6,28,9.63,2,0,3,3,0
4203-QGNZA,6,1,11,21,8.32,2,1,5,2,2
5043-TRZWM,4,2,6,8,9.71,0,2,3,1,0
0697-ZMSWS,3,0,5,2,7.39,2,1,2,2,2
7657-DYEPJ,5,2,7,24,9.97,3,2,5,1,1
9494-BDNNC,4,1,7,12,7.53,3,3,6,2,1
1640-PLFMP,4,2,9,9,7.44,1,1,6,1,1
5366-OBVMR,2,0,12,26,6.68,1,3,6,0,3
8276-MQBYC,5,1,7,2,10.08,4,2,2,0,2
7644-OMVMY,1,0,10,9,5.26,4,1,3,1,3
7593-XFKDI,1,0,6,90,8.26,4,2,3,1,1
4573-JKNAE,3,0,12,50,7.59,1,0,8,1,3
0337-CNPZE,7,3,2,9,9.81,4,1,3,3,1
9817-APLHW,3,1,12,51,7.78,2,0,4,0,1
8380-MQINP,3,2,14,12,8.88,0,1,3,1,1
0840-DFEZH,4,1,8,15,8.18,4,2,2,0,2
1513-XNPPH,4,0,3,15,9.45,3,4,3,2,1
8690-ZVLCL,1,0,15,7,7.48,1,0,6,1,1
6015-VVHHE,3,0,8,1,13.43,1,2,2,1,0
1125-SNVCK,2,1,5,90,7.08,2,2,6,0,0
0384-LPITE,0,0,14,76,8.89,2,2,4,1,1
4616-EWBNJ,2,0,13,32,7.11,0,5,3,3,1
6347-DCUIK,4,4,5,1,7.93,3,0,5,1,2
1335-HQMKX,2,0,15,10,7.35,1,3,6,2,2
2545-EBUPK,1,1,11,3,9.62,4,1,4,1,2
6923-AQONU,1,0,8,23,5.62,4,2,4,0,3
2172-EJXVF,4,1,10,41,10.13,1,1,3,3,3
0897-FEGMU,4,1,9,7,9.09,2,1,1,0,1
7663-RGWBC,9,3,4,0,8.99,3,1,3,1,2
1120-BMWUB,2,1,9,31,11.39,2,2,4,2,1
9124-LHCJQ,3,0,4,5,10.46,5,0,2,1,0
4536-PLEQY,3,1,13,0,6.1,2,2,4,3,0
7029-IJEJK,1,0,7,72,4.28,1,0,5,2,4
8871-JLMHM,2,0,16,3,9.37,1,2,6,1,0
2235-ZGKPT,8,2,6,6,10.2,0,2,2,2,2
3891-PUQOD,4,1,8,76,13.62,7,2,4,7,0
5447-VYTKW,1,0,16,12,6.12,2,2,5,1,2
3623-FQBOX,5,2,7,65,8.4,0,3,5,3,1
0689-NKYLF,6,4,9,9,7.45,4,5,3,0,0
8659-HDIYE,2,0,15,13,4.41,2,2,6,2,0
3658-KIBGF,6,2,11,65,9.04,1,2,2,5,0
3474-BAFSJ,1,0,11,10,9.91,2,0,4,0,0
5519-YLDGW,8,4,5,61,10.39,3,1,2,3,1
3865-ZFZIB,1,0,11,21,8.73,0,0,6,1,0
1855-AGAWH,4,0,10,30,11.75,1,5,5,7,0
7109-CQYUZ,1,0,10,20,8.84,4,2,4,0,1
1370-GGAWX,7,0,10,33,9.59,4,3,4,2,2
4680-KUTAJ,4,0,9,90,8.33,2,1,6,3,0
5307-UVGNB,4,2,8,11,10.29,5,1,3,1,0
4946-EDSEW,5,3,8,42,10.52,3,2,4,0,1
2883-ILGWO,2,0,15,90,9.43,0,1,4,1,1
2516-VQRRV,7,0,7,90,9.25,3,4,4,1,1
7580-UGXNC,2,0,4,0,11.28,4,1,3,1,1
3642-BYHDO,4,0,7,64,7.54,2,1,2,0,0
9629-NHXFW,2,1,9,1,7.39,0,3,8,1,0
2696-RZVZW,2,1,19,6,4.06,3,3,8,1,1
5766-FTRTS,3,0,17,20,7.15,0,1,4,1,0
0396-HUJBP,4,1,13,5,8.5,0,1,6,4,1
5178-LMXOP,1,0,7,56,7.93,7,3,2,1,1
8879-ZKJOF,5,2,8,3,7.6,2,3,3,1,0
6285-FTQBF,1,0,4,71,8.55,2,1,3,0,1
8185-UPYBR,3,2,5,90,12.12,4,0,3,0,0
4585-HETAI,4,2,6,5,10.54,3,2,3,2,3
7526-BEZQB,7,1,5,90,11.33,0,5,4,6,0
1474-JUWSM,0,1,18,62,6.98,1,0,6,1,1
3530-CRZSB,2,1,13,16,6.84,1,3,6,1,1
8498-XXGWA,2,0,12,0,6.4,2,0,8,0,0
9617-INGJY,4,0,8,55,6.86,0,1,5,0,2
0621-TSSMU,2,0,8,4,6.03,1,0,6,2,0
7234-KMNRQ,3,0,11,15,7.87,3,2,6,1,0
7636-PEPNS,0,0,11,12,7.73,1,1,9,3,1
4683-WYDOU,0,0,15,25,7.69,5,0,6,0,0
9052-DHNKM,3,2,8,14,8.33,3,2,4,1,0
6794-HKIAJ,5,1,9,21,10.71,4,2,4,1,1
5578-NKCXI,3,0,17,37,9.51,3,0,5,0,1
1642-HMARX,3,2,13,41,7.41,3,0,7,1,0
3096-WPXBT,1,0,16,9,9.49,3,2,5,1,2
8434-PNQZX,3,0,13,3,9.71,3,2,6,0,0
5950-AAAGJ,3,3,10,11,8.44,1,1,6,1,0
4299-OPXEJ,0,0,11,63,6.27,1,0,7,1,2
4951-UKAAQ,4,2,6,23,9.18,2,6,3,0,0
9618-LFJRU,6,1,8,36,8.39,1,1,6,2,2
6693-DJWTY,1,0,13,8,5.75,2,1,7,0,1
0744-GKNGE,1,1,7,8,5.17,1,4,4,0,0
6447-EGDIV,2,1,5,52,5.47,3,0,5,0,3
1167-OYZJF,3,0,7,8,7.14,3,0,5,0,0
2108-YKQTY,10,6,4,76,8.73,2,3,7,3,0
4806-DXQCE,0,0,7,9,3.83,2,1,7,2,2
4918-QLLIW,8,4,6,74,11.43,4,5,4,3,1
7056-IMHCC,3,0,8,90,11.9,4,2,1,2,2
4854-SSLTN,1,0,14,4,8.55,2,2,5,4,0
5294-DMSFH,4,2,7,21,3.52,3,3,2,1,3
4837-PZTIC,5,1,13,3,6.15,1,1,3,0,2
1625-JAIIY,3,0,3,90,10.77,5,2,3,1,3
0603-OLQDC,3,1,13,60,10.24,3,1,4,3,0
3272-VUHPV,5,0,16,38,12.5,4,3,4,3,1
4176-FXYBO,2,0,10,29,8.1,0,2,6,0,3
1063-DHQJF,3,0,6,31,8.24,4,1,3,2,2
8663-UPDGF,3,0,7,9,8.61,1,1,6,1,1
6719-FGEDO,5,0,13,17,6.07,0,0,6,3,0
1837-YQUCE,5,2,9,17,6.03,2,0,6,1,3
2947-DOMLJ,7,4,6,15,11.6,1,1,4,3,1
4112-LUEIZ,6,2,4,90,11.33,4,4,4,2,2
0369-ZGOVK,2,1,10,11,7.27,3,1,5,1,0
4510-HIMLV,2,1,2,74,6.79,3,4,2,0,2
9919-KNPOO,7,5,9,14,4.08,1,2,3,1,1
8749-JMNKX,7,4,4,3,9.8,0,2,0,2,1
7872-BAAZR,5,3,13,46,7.41,3,1,8,1,1
9391-LMANN,2,1,18,6,6.27,2,1,10,2,0
2430-USGXP,3,2,5,46,11.74,2,5,2,3,2
8174-TBVCF,2,0,9,2,7.26,2,0,6,1,1
1698-XFZCI,5,2,8,7,3.67,1,3,6,3,0
1877-HKBQX,2,1,14,16,10.58,0,2,6,2,1
4450-DLLMH,2,0,6,33,3.22,3,2,4,3,1
0428-AXXLJ,1,0,12,10,5.76,0,3,6,1,1
2746-DIJLO,4,1,11,24,5.18,1,1,8,3,2
5955-ERIHD,6,2,2,3,10.87,1,3,3,2,1
0917-EZOLA,8,6,8,57,7.35,5,0,4,5,1
3508-VLHCZ,7,1,8,55,9.33,3,2,4,1,0
4086-ATNFV,0,0,8,4,6.56,3,1,6,4,1
0468-YRPXN,2,0,10,4,9.37,4,1,6,1,0
5996-NRVXR,4,1,9,2,2.57,5,1,5,1,0
3739-YBWAB,7,3,8,19,7.32,0,4,4,4,3
7047-FWEYA,2,1,15,12,8.86,0,1,3,2,0
2000-MPKCA,0,0,10,69,5.09,1,0,4,1,1
9762-YAQAA,1,1,6,90,8.54,1,3,7,0,1
5949-EBSQK,7,2,6,1,10.41,2,2,3,1,1
5473-KHBPS,2,0,10,9,7.86,2,3,3,0,2
0100-DUVFC,0,0,13,8,6.1,3,1,3,0,2
5397-TUPSH,3,1,10,30,9.26,2,2,6,1,0
8950-MTZNV,1,0,5,83,9.28,2,1,2,0,3
0326-VDYXE,5,2,6,1,8.46,1,1,3,1,2
6773-LQTVT,2,0,8,65,7.24,2,1,5,4,1
7274-RTAPZ,2,2,6,36,7.92,6,1,5,3,1
0436-TWFFZ,2,0,9,1,8.1,1,1,7,1,0
8566-YPRGL,4,0,11,10,5.84,1,0,3,1,1
0311-UNPFF,7,3,4,3,12.77,2,2,4,2,0
6609-MXJHJ,4,1,10,21,11.65,3,2,7,1,0
2669-OIDSD,7,5,7,8,6.46,1,2,3,1,1
8400-WZICQ,2,0,5,9,5.36,0,1,6,0,0
3834-XUIFC,9,2,7,12,10.73,4,4,5,3,3
9576-SYUHJ,3,2,9,0,8.0,1,0,7,1,1
0410-IPFTY,3,1,10,4,8.06,2,2,2,0,0
2831-EBWRN,7,3,9,4,9.93,2,2,3,1,2
9430-NKQLY,4,0,6,28,9.12,2,3,5,0,2
8414-MYSHR,8,3,6,90,8.3,2,1,3,0,2
0247-SLUJI,3,3,15,7,6.67,3,0,4,2,1
9402-ORRAH,3,2,12,14,4.9,3,1,2,3,3
6483-OATDN,3,2,13,17,3.53,2,2,5,1,1
1293-HHSHJ,3,1,13,22,5.09,3,2,5,2,0
4840-ORQXB,4,1,15,36,7.9,4,1,5,1,0
7599-FKVXZ,3,1,11,48,11.51,3,7,2,2,1
3982-DQLUS,4,0,6,2,8.66,2,2,5,0,0
8610-ZIKJJ,5,2,11,45,8.54,1,2,2,0,2
3756-VNWDH,1,0,12,1,6.16,3,0,7,2,2
7801-KICAO,3,1,15,13,12.51,4,0,5,1,1
7673-LPRNY,5,1,12,1,5.61,1,2,6,0,0
8229-TNIQA,2,0,10,12,9.38,0,0,2,3,1
6060-QBMGV,1,1,10,7,7.43,3,1,6,1,0
7339-POGZN,0,1,10,16,6.16,4,1,5,3,2
2828-SLQPF,7,2,7,39,7.52,1,1,4,0,0
4465-VDKIQ,4,0,5,26,5.79,2,2,4,1,1
2921-XWDJH,3,2,2,17,7.86,1,1,6,3,1
6221-AVQYL,4,2,4,69,12.88,3,1,3,3,1
2558-BUOZZ,2,1,12,20,8.11,1,0,6,0,0
9257-AZMTZ,1,1,14,3,11.09,2,1,7,0,0
0003-MKNFE,1,0,18,42,10.59,2,2,3,0,0
0975-UYDTX,3,1,21,35,4.12,1,0,7,1,2
7743-EXURX,5,3,7,41,7.54,7,1,3,2,1
4682-BLBUC,2,0,11,12,9.71,1,1,7,1,1
0975-VOOVL,7,1,8,9,7.39,0,2,5,1,0
5968-VXZLG,2,0,8,26,4.89,2,2,4,0,1
5569-KGJHX,6,3,2,42,11.85,2,1,0,3,2
4988-IQIGL,7,2,1,23,13.0,2,2,7,3,1
5201-FRKKS,6,4,10,8,11.35,1,1,3,0,1
9799-CAYJJ,3,1,6,54,9.72,3,0,4,2,1
7730-IUTDZ,6,3,7,90,12.28,0,4,1,2,1
0426-TIRNE,5,0,7,31,10.95,1,4,1,0,1
5443-SCMKX,4,1,8,27,5.52,1,1,5,1,0
8295-KMENE,3,1,10,0,9.96,2,1,4,1,1
6738-ISCBM,3,1,11,20,7.24,3,0,4,2,0
9821-BESNZ,3,0,13,7,10.63,2,1,5,0,1
3678-MNGZX,2,0,9,12,6.42,2,0,7,1,0
1335-NTIUC,3,2,6,17,8.15,2,3,5,1,0
2916-BQZLN,5,2,10,45,5.89,0,3,3,4,1
4558-CGYCZ,3,1,10,31,9.39,2,0,7,4,2
2368-GAKKQ,5,2,10,27,11.39,4,0,4,0,2
8710-YGLWG,3,1,12,43,8.81,2,1,3,2,1
3199-XGZCY,4,1,11,18,8.57,2,6,5,2,1
3785-KTYSH,0,0,13,37,5.46,3,1,5,0,1
6814-ZPWFQ,2,0,13,0,5.57,1,0,2,0,1
4063-EIKNQ,6,1,8,17,10.65,1,1,4,0,2
6993-YCOBK,3,1,17,2,6.49,2,1,6,2,2
5206-HPJKM,3,2,12,19,3.35,0,1,5,0,0
7587-RZNME,11,5,9,2,15.93,6,1,1,3,1
0748-RDGGM,3,1,4,19,10.43,4,1,4,1,3
8393-JMVMB,0,1,7,17,6.99,4,2,6,1,0
5019-GQVCR,4,1,8,11,7.11,2,1,5,2,1
6036-TTFYU,2,0,18,8,8.41,3,0,8,2,0
2550-AEVRU,1,0,6,6,5.01,0,2,7,0,0
0969-RGKCU,3,1,10,15,5.75,0,1,7,0,2
0378-CJKPV,4,1,14,61,7.34,2,1,4,0,0
4706-AXVKM,2,1,6,56,8.12,4,2,4,1,1
5889-JTMUL,6,3,2,11,7.61,5,3,3,1,1
9026-RNUJS,6,3,7,27,8.87,4,4,2,1,1
3746-EUBYR,8,3,9,89,9.29,5,2,3,0,0
2332-EFBJY,7,3,5,1,9.31,4,2,0,2,0
2880-FPNAE,2,0,10,11,7.71,2,2,5,1,2
1703-MGIAB,3,0,5,90,8.95,3,3,4,3,1
4311-QTTAI,3,1,14,30,5.75,3,1,3,2,0
9474-PHLYD,0,0,6,90,10.53,5,3,2,0,1
4318-RAJVY,4,2,7,8,6.28,1,1,2,1,1
2165-VOEGB,8,1,8,14,9.64,4,4,5,2,3
3612-YUNGG,2,0,12,40,5.37,2,2,9,2,0
2254-DLXRI,3,1,7,8,4.8,1,1,5,2,2
5062-CJJKH,3,1,10,7,7.63,1,1,6,2,1
9028-LIHRP,5,0,9,32,9.88,1,2,3,2,0
2219-MVUSO,7,4,4,28,10.35,4,1,4,2,3
1053-MXTTK,5,1,13,26,4.93,0,2,4,4,1
1530-ZTDOZ,1,0,5,5,5.07,2,1,4,1,4
1301-LOPVR,1,0,12,12,8.8,2,0,2,0,2
0853-TWRVK,3,2,8,3,8.34,3,1,5,0,1
8914-RBTSB,5,2,1,46,10.22,3,4,2,4,1
6212-ATMLK,2,0,13,29,9.42,1,0,2,0,1
8200-LGKSR,2,0,10,9,9.38,2,1,3,1,3
1568-BEKZM,4,1,12,14,7.92,3,3,8,0,1
0670-ANMUU,2,0,14,34,9.7,1,1,7,0,2
6897-RWMUB,3,0,13,35,10.78,1,1,7,2,1
0963-ZBDRN,3,2,8,32,12.45,5,2,0,1,2
7594-RQHXR,6,4,6,17,11.41,3,6,3,2,5
6999-CHVCF,3,0,10,6,8.07,4,0,6,1,0
6134-KWTBV,3,0,17,26,6.27,2,1,8,0,1
1077-HUUJM,2,0,11,90,10.06,3,2,4,0,2
6331-EWIEB,2,2,6,40,8.78,3,0,3,0,0
0895-LNKRC,0,0,10,19,7.04,3,1,6,2,0
2045-BMBTJ,3,0,10,37,6.72,1,0,7,2,0
8417-GSODA,8,3,17,0,7.63,4,0,4,1,0
5171-EPLKN,2,0,18,4,5.11,3,2,6,3,1
4452-QIIEB,3,0,8,15,7.62,0,5,8,2,1
5998-VVEJY,4,3,3,11,9.13,5,1,3,4,2
1624-NALOJ,1,0,7,3,12.02,4,2,3,4,1
6741-EGCBI,1,0,11,90,10.25,2,2,8,2,0
7820-ZYGNY,2,1,15,13,9.17,4,2,5,1,1
4317-VTEOA,4,2,4,81,6.99,3,3,5,0,1
9677-AVKED,0,0,11,0,8.87,3,1,7,3,3
1670-SVOWZ,7,3,4,12,11.6,5,5,2,3,1
2227-JRSJX,3,1,11,1,7.5,3,1,5,0,1
9847-HNVGP,1,1,21,0,9.2,1,2,5,2,1
6696-YDAYZ,2,0,6,9,9.48,1,2,3,1,0
8980-WQFWL,4,0,6,1,4.94,1,2,3,1,3
1730-ZMAME,2,2,16,72,10.27,2,4,5,1,0
6506-EYCNH,5,2,10,37,7.16,0,0,6,0,1
4634-JLRJT,0,0,9,12,4.68,2,2,6,2,0
9501-UKKNL,3,1,12,1,7.05,3,2,6,1,0
2560-QTSBS,2,0,10,21,6.41,0,0,4,2,1
7541-YLXCL,6,4,1,90,11.54,2,2,6,2,0
4795-WRNVT,3,1,8,2,9.08,4,1,4,2,0
6080-TCMYC,3,2,13,4,8.49,0,7,6,0,1
0260-ZDLGK,4,2,7,10,8.34,2,4,2,3,1
7860-UXCRM,3,2,4,9,7.29,3,0,4,2,1
6357-JJPQT,6,1,11,13,7.62,0,2,4,2,1
2292-XQWSV,5,0,7,30,8.4,3,0,6,2,1
9552-TGUZV,2,0,6,20,10.88,1,2,5,0,0
5913-INRQV,5,3,6,74,9.59,2,2,5,1,2
8722-NGNBH,3,2,7,31,8.17,2,1,1,0,1
6210-KBBPI,8,3,4,15,9.06,4,2,1,0,2
9643-YBLUR,2,0,4,2,8.11,1,1,5,2,0
8734-FNWVH,2,1,11,6,9.65,2,0,5,1,0
9447-YPTBX,0,0,18,32,6.85,1,0,4,2,0
0133-BMFZO,7,3,7,35,11.3,3,1,3,1,1
6128-CZOMY,5,3,7,35,6.83,4,2,3,1,4
9540-JYROE,5,1,3,23,8.82,0,2,2,3,1
9026-LHEVG,1,0,12,55,9.18,1,6,6,2,2
2260-USTRB,1,0,10,37,5.17,3,5,4,2,1
3656-TKRVZ,2,0,1,16,12.06,2,4,4,3,3
7011-CVEUC,2,0,6,7,8.41,0,0,5,0,0
6185-TASNN,3,1,19,29,7.33,1,3,4,3,0
7925-PNRGI,3,0,13,13,4.14,2,1,6,0,1
8623-TMRBY,5,1,10,81,11.83,2,1,3,1,1
1552-CZCLL,6,2,7,35,12.53,2,4,2,1,1
3038-PQIUY,1,0,16,10,6.37,1,1,7,1,1
1501-SGHBW,3,2,10,11,8.95,4,3,6,1,1
9313-CDOGY,3,1,8,2,7.25,3,1,4,1,2
8148-BPLZQ,4,2,9,2,9.69,0,0,5,1,0
2623-DRYAM,5,0,21,10,8.7,0,1,6,1,1
9987-LUTYD,2,0,7,30,9.13,2,1,6,1,0
3208-YPIOE,4,1,5,50,9.41,4,3,3,2,0
4488-KQFDT,3,1,9,38,9.74,3,1,4,1,0
2612-RANWT,7,1,4,79,7.64,3,1,4,3,1
5693-PIPCS,4,2,13,9,9.39,2,0,6,3,1
0491-KAPQG,4,3,9,54,10.5,1,0,7,3,3
1925-LFCZZ,4,1,17,8,6.16,1,2,8,2,1
8039-EQPIM,1,0,13,10,9.59,1,0,6,2,2
6900-PXRMS,2,1,4,13,11.94,1,2,4,1,0
8707-RMEZH,3,0,9,90,8.02,1,3,6,3,2
3346-BRMIS,8,5,4,6,9.19,2,1,5,3,1
3209-ZPKFI,4,1,9,7,9.49,0,2,5,3,1
6479-VDGRK,4,1,7,2,5.58,1,1,4,0,0
9373-WSLOY,2,0,14,16,10.98,3,1,3,1,3
2933-FILNV,2,1,2,67,8.73,2,1,2,0,0
3569-JFODW,1,0,13,7,11.47,2,0,5,1,0
9819-FBNSV,3,0,12,17,9.04,1,5,5,2,4
9544-PYPSJ,3,1,15,23,5.2,1,1,6,2,0
1591-XWLGB,8,1,17,15,10.64,4,2,5,1,1
0396-UKGAI,7,1,9,5,6.9,3,3,5,2,1
3243-ZHOHY,1,1,14,14,3.02,4,1,5,0,0
5186-EJEGL,7,0,10,11,12.06,4,4,7,2,2
7527-QNRUS,2,1,15,10,13.03,2,0,6,1,1
9986-BONCE,4,0,7,23,10.97,2,5,3,3,0
2722-JMONI,8,4,4,3,11.24,5,1,3,3,2
2203-GHNWN,4,3,8,14,8.53,4,1,3,4,3
3878-AVSOQ,1,0,5,18,9.49,1,2,6,1,2
3258-SYSWS,1,1,14,30,6.72,1,3,6,0,1
5296-PSYVW,0,0,11,19,6.55,1,1,9,2,0
6319-QSUSR,4,1,11,5,7.18,1,4,6,3,2
4083-EUGRJ,7,2,5,28,9.94,5,3,4,1,2
7579-OOPEC,3,3,5,90,7.5,3,4,2,2,2
0512-FLFDW,3,1,13,66,8.71,0,1,6,2,2
1771-OADNZ,6,1,8,30,10.08,3,3,4,2,2
0487-CRLZF,2,0,8,26,9.38,6,3,2,4,2
2107-FBPTK,1,0,8,29,9.17,6,1,7,1,0
9451-WLYRI,2,0,11,44,2.21,1,0,7,1,1
8219-VYBVI,2,0,15,14,7.91,1,0,8,2,1
1991-VOPLL,3,2,10,3,8.6,1,2,7,1,2
9738-QLWTP,4,2,10,63,6.62,3,3,3,0,1
1016-DJTSV,3,1,5,67,8.12,4,1,4,0,1
9419-IPPBE,2,0,13,7,7.58,3,2,4,2,2
0174-QRVVY,3,1,6,5,7.84,2,1,5,2,1
5699-BNCAS,2,2,11,18,7.57,3,2,5,2,2
2900-PHPLN,1,1,12,8,3.8,1,1,7,0,1
0612-RTZZA,4,3,4,22,7.98,1,3,1,0,1
8106-GWQOK,6,2,13,32,8.77,0,2,5,2,0
8751-EDEKA,3,1,10,8,9.09,1,2,6,1,2
6878-GGDWG,2,0,9,54,12.57,2,1,3,1,0
4039-PIMHX,4,2,12,3,7.16,1,1,7,0,0
8450-LUGUK,5,2,10,15,4.69,1,2,6,2,1
3604-WLABM,1,1,13,4,10.37,3,0,4,1,2
0795-GMVQO,4,1,5,15,9.42,0,1,6,2,1
2259-OUUSZ,2,0,14,8,5.76,2,1,7,2,1
1142-IHLOO,3,0,9,10,9.29,0,0,6,1,0
6410-LEFEN,4,3,7,13,10.52,3,1,4,2,0
4633-MKHYU,5,1,10,20,6.43,2,4,5,1,3
6257-RJOHI,6,1,14,28,8.28,0,1,6,1,5
1545-JFUML,0,0,11,36,5.58,1,2,6,1,1
3194-ORPIK,3,1,7,13,7.04,4,0,5,3,1
7826-VVKWT,0,0,11,29,6.97,3,1,5,1,0
1353-GHZOS,3,1,13,1,7.68,1,0,8,1,1
2587-EKXTS,1,0,5,15,8.07,4,3,3,4,3
5442-BXVND,2,2,13,2,6.61,3,3,3,2,0
8816-VXNZD,4,1,8,5,11.07,2,0,0,2,0
9378-FXTIZ,4,3,8,11,9.47,2,5,2,2,2
1723-HKXJQ,4,2,5,24,8.08,3,5,2,2,2
7825-GKXMW,5,3,4,20,10.35,7,3,3,4,4
9753-OYLBX,2,1,14,22,8.2,1,3,4,3,0
2364-UFROM,3,0,14,84,10.58,0,1,5,0,1
6656-JWRQX,5,1,7,21,9.86,2,3,6,2,4
6473-ULUHT,5,0,7,31,9.21,2,1,6,2,1
1240-KNSEZ,4,2,5,28,6.4,1,4,1,3,1
0836-SEYLU,2,0,3,22,11.38,2,1,0,0,2
4433-JCGCG,6,0,7,50,11.77,4,1,3,0,1
3716-BDVDB,5,3,7,65,6.7,4,1,2,2,1
7688-AWMDX,2,1,12,12,5.1,3,1,7,3,1
2842-BCQGE,0,0,7,65,5.83,1,2,6,2,3
7244-QWYHG,2,0,17,4,9.4,0,1,5,2,0
5899-MQZZL,3,2,10,90,12.29,6,1,4,2,1
6849-OYAMU,9,6,6,70,8.41,1,1,3,0,1
5312-UXESG,1,0,6,33,6.6,1,0,6,2,0
9488-HGMJH,0,0,3,78,5.68,4,1,2,0,2
6038-GCYEC,1,1,2,2,6.64,2,2,7,2,2
2150-WLKUW,4,0,11,0,5.66,2,1,7,1,2
7159-FVYPK,4,1,8,22,5.45,2,0,6,1,0
7032-LMBHI,4,1,18,2,6.45,1,0,7,0,1
1150-WFARN,4,2,4,7,11.09,2,0,2,2,0
6088-BXMRG,8,1,20,36,8.18,2,3,5,2,2
3144-AUDBS,5,3,7,43,8.54,4,2,2,2,3
4821-SJHJV,5,2,17,28,7.81,4,0,6,0,0
7346-MEDWM,3,2,9,25,5.82,1,1,5,1,1
1137-DGOWI,0,0,12,5,5.65,2,0,6,0,0
5616-PRTNT,2,2,6,0,9.38,3,3,3,2,1
3812-LRZIR,1,0,13,2,8.46,4,2,5,0,1
4818-QIUFN,5,1,6,43,11.72,2,2,2,1,1
9483-GCPWE,2,1,15,6,5.19,2,2,6,0,1
4227-OJHAL,2,0,9,30,7.33,3,1,2,1,1
9220-CXRSC,2,0,12,41,8.31,1,6,8,1,0
4993-JCRGJ,0,0,8,36,7.55,3,0,5,2,0
9537-JALFH,3,1,9,13,6.61,2,1,5,0,3
6698-OXETB,3,1,11,15,9.19,1,2,7,0,1
2103-ZRXFN,3,2,9,25,8.88,0,0,8,4,1
3724-BSCVH,6,0,5,10,7.42,1,1,3,2,4
4877-TSOFF,2,0,3,10,5.57,1,1,7,4,2
9209-NWPGU,4,0,13,14,4.1,2,1,4,1,1
6961-VCPMC,9,6,7,51,10.29,1,4,3,3,2
7306-YDSOI,2,0,14,68,7.83,0,2,8,3,3
5288-AHOUP,1,0,10,4,5.77,1,0,3,2,2
6688-UZPWD,2,0,5,28,11.91,6,0,2,3,1
0655-YDGFJ,4,1,10,39,7.16,2,4,7,1,3
8468-EHYJA,5,2,6,6,4.72,4,5,1,1,0
6823-SIDFQ,2,0,18,50,8.31,0,0,8,1,1
1097-FSPVW,3,1,10,62,7.4,2,2,3,1,0
2839-RFSQE,2,1,6,34,9.61,1,2,4,1,0
8328-SKJNO,4,0,11,31,9.36,3,1,3,0,3
7010-ZMVBF,7,3,8,25,11.12,4,1,5,0,1
5201-CBWYG,0,0,10,9,8.16,1,3,5,0,1
0968-GSIKN,6,1,5,14,9.12,4,1,2,1,1
1965-DDBWU,6,3,4,4,6.44,4,2,2,1,1
9057-SIHCH,2,2,5,59,11.18,4,2,3,3,4
6352-GIGGQ,3,1,14,26,7.28,1,1,5,1,1
3635-QQRQD,5,2,12,8,5.61,2,1,6,3,1
6771-XWBDM,6,3,10,42,8.82,0,1,4,1,1
2897-DOVND,3,0,5,45,11.48,4,2,4,3,1
3082-YVEKW,3,0,16,8,10.44,2,2,5,1,2
0191-EQUUH,3,1,9,3,9.26,1,1,6,1,0
7134-HBPBS,4,0,19,2,9.57,5,1,2,1,1
3489-HHPFY,3,1,8,0,8.52,2,3,5,2,0
2926-JEJJC,4,1,9,5,4.94,0,0,5,2,1
8601-QACRS,2,0,5,62,10.14,3,6,2,3,0
4950-BDEUX,1,1,9,1,8.78,2,0,3,1,2
5789-LDFXO,1,1,14,26,6.95,1,0,4,0,1
0508-OOLTO,5,0,8,27,7.96,1,1,6,3,1
2984-TBYKU,0,0,16,9,8.02,3,2,3,1,0
9822-WMWVG,3,0,10,25,9.15,3,2,6,1,0
2391-SOORI,4,3,10,60,11.81,4,5,1,2,3
9040-KZVWO,5,2,15,74,7.99,2,2,4,1,2
2645-QTLMB,4,2,7,3,7.26,2,1,6,2,3
4806-HIPDW,5,4,5,16,12.92,2,1,4,1,2
1548-ARAGG,5,2,11,12,8.79,1,3,4,3,1
6339-RZCBJ,1,1,11,26,6.14,2,0,3,2,0
4424-TKOPW,1,0,1,8,6.23,5,2,3,4,1
4415-WNGVR,0,0,11,1,8.87,4,3,4,2,0
2522-AHJXR,2,0,9,47,8.46,1,1,4,1,0
0412-UCCNP,2,1,8,3,6.65,2,2,9,0,1
1816-FLZDK,6,0,11,75,8.86,3,2,5,1,2
7096-UCLNH,2,0,7,17,10.44,2,3,4,4,0
8443-ZRDBZ,1,1,5,28,7.37,6,1,3,2,3
9136-ALYBR,5,1,5,29,12.12,3,1,2,0,0
4615-PIVVU,1,0,12,33,4.6,1,0,6,2,0
8885-QSQBX,3,0,9,9,5.56,1,0,4,3,3
7479-NITWS,4,0,4,90,9.28,5,2,4,3,1
8617-ENBDS,1,0,11,60,10.52,2,2,4,0,2
9385-NXKDA,2,1,5,17,5.84,0,3,8,1,1
0430-IHCDJ,5,0,7,19,7.75,5,3,6,0,1
2959-MJHIC,3,1,1,23,6.98,4,1,2,2,2
6674-KVJHG,3,1,7,46,8.48,2,2,4,1,1
1814-DKOLC,2,0,11,0,6.55,6,1,3,2,0
4201-JMNGR,3,1,4,52,9.02,4,4,3,3,3
9351-HXDMR,2,0,18,68,9.33,0,0,6,1,2
3537-HPKQT,4,2,6,34,6.87,2,1,4,1,0
2129-ALKBS,2,1,14,24,8.99,2,3,7,0,2
5821-MMEIL,2,0,7,13,7.46,3,1,7,2,1
5960-WPXQM,3,2,6,8,10.34,3,2,4,5,0
0684-AOSIH,5,2,9,1,7.88,7,4,5,2,4
8260-NGFNY,6,2,8,14,10.26,2,0,3,2,2
1309-XGFSN,5,1,7,89,7.6,3,3,6,1,1
1866-RZZQS,7,4,8,78,9.33,6,1,4,2,1
6968-URWQU,1,0,14,0,8.08,0,0,6,1,2
4742-TXUEX,4,1,13,10,4.82,3,1,4,0,0
9631-XEYKE,2,0,5,1,6.38,3,2,7,0,3
8631-NBHFZ,7,3,9,20,9.64,4,1,2,1,3
1335-MXCSE,1,0,10,10,10.31,0,3,5,0,2
8873-TMKGR,3,0,15,13,2.6,0,1,8,0,1
8800-JOOCF,8,4,7,7,8.11,2,1,8,1,3
1469-LBJQJ,4,4,8,29,8.19,6,0,7,1,0
4958-XCBDQ,4,3,5,89,11.47,1,3,4,3,4
8337-UPOAQ,10,5,3,15,8.44,3,1,3,3,1
0064-YIJGF,4,1,14,2,7.33,6,4,7,3,0
2386-OWURY,1,0,7,4,6.22,5,0,4,2,1
1725-IQNIY,3,3,7,8,9.08,5,2,3,0,2
0310-VQXAM,1,0,15,0,8.71,3,0,8,0,0
6598-RFFVI,2,0,5,36,10.62,3,3,3,0,3
3453-RTHJQ,5,0,4,34,8.25,3,1,4,0,0
6712-OAWRH,5,3,5,6,11.69,3,3,3,5,2
6278-FEPBZ,5,1,10,18,12.91,5,0,7,2,1
4280-DLSHD,5,2,9,6,5.36,1,0,6,0,0
1508-DFXCU,2,1,10,37,9.14,5,1,4,3,3
8614-VGMMV,8,2,4,32,9.91,5,4,3,3,0
7868-BGSZA,7,3,12,38,8.96,2,0,6,0,0
2800-QQUSO,5,3,8,3,7.32,4,2,3,3,0
2930-UOTMB,3,0,10,14,11.88,4,0,3,1,0
7973-DZRKH,2,0,14,10,6.95,1,0,5,2,0
5914-DVBWJ,8,3,7,12,9.43,3,4,1,1,0
7698-YFGEZ,3,0,14,19,7.94,1,1,6,1,1
2533-QVMSK,5,1,4,4,10.2,3,2,4,2,1
9773-PEQBZ,5,3,11,45,6.77,1,2,6,1,2
8644-XLFBW,2,0,3,23,9.87,2,0,3,3,1
0650-BWOZN,4,1,6,90,10.54,1,2,4,1,1
8625-AZYZY,3,1,9,55,7.59,6,3,3,6,2
7785-RDVIG,2,0,10,3,8.62,0,3,8,1,1
9602-WCXPI,3,0,11,75,9.34,3,2,4,1,0
2903-YYTBW,2,0,17,26,8.01,2,2,5,1,0
3620-MWJNE,1,1,13,2,7.11,2,3,4,0,0
8573-JGCZW,2,1,14,31,6.97,0,2,7,2,0
6837-HAEVO,2,0,10,2,5.55,3,0,5,2,1
6701-YVNQG,4,2,9,7,7.18,1,1,3,1,0
9306-CPCBC,5,1,5,31,13.3,6,1,2,1,2
4304-XUMGI,3,1,15,16,6.93,2,3,6,0,1
9504-YAZWB,4,2,17,2,7.2,1,1,7,0,1
8819-ZBYNA,4,1,7,4,6.25,1,1,6,0,0
6174-NRBTZ,1,1,9,4,7.76,3,1,4,0,0
9481-IEBZY,7,2,18,3,6.17,4,2,4,3,0
1833-VGRUM,7,5,6,10,9.55,3,2,3,1,1
6137-NICCO,2,0,9,18,2.53,6,1,5,3,0
9065-ZCPQX,1,0,23,20,6.94,2,1,3,2,0
6402-EJMWF,2,0,8,63,7.87,2,1,5,0,2
3620-EHIMZ,1,1,12,6,5.45,1,2,5,1,0
3213-VVOLG,3,0,8,11,6.66,1,1,6,1,0
6870-ECSHE,1,0,11,32,6.04,2,1,8,0,1
8747-UDCOI,3,2,16,11,8.5,3,1,6,0,1
8374-XGEJJ,2,1,2,66,8.79,3,1,2,0,1
2656-TABEH,3,1,5,74,12.64,5,0,3,3,3
6946-LMSQS,4,0,6,47,12.8,4,2,5,1,3
4626-OZDTJ,5,2,9,19,7.1,2,1,3,2,1
9169-BSVIN,3,2,6,31,10.38,3,1,6,0,0
2325-ZUSFD,5,3,8,10,12.78,1,4,4,1,1
8194-PEEBY,2,0,8,13,8.15,0,1,7,0,1
6872-HXFNF,3,1,12,43,5.56,0,3,3,4,0
3932-CMDTD,3,1,8,9,10.61,0,3,2,2,0
7714-YXSMB,4,2,7,7,8.21,1,1,4,1,1
8387-UGUSU,2,1,6,6,6.51,1,0,5,1,1
1080-BWSYE,1,0,18,1,10.46,1,0,5,1,0
4039-HEUNW,8,3,2,10,11.2,2,2,3,4,1
1194-HVAIF,4,0,15,5,5.66,2,2,4,0,0
0812-WUPTB,8,4,7,90,10.77,3,3,3,3,0
3594-UVONA,4,2,5,24,9.94,4,3,3,2,4
0004-TLHLJ,3,0,3,58,10.7,5,2,4,2,1
1767-TGTKO,2,1,9,23,7.54,2,2,7,3,1
8439-LTUGF,4,0,3,10,6.33,2,6,7,2,1
8805-JNRAZ,2,1,11,11,10.27,1,1,4,0,7
5089-IFSDP,6,3,8,3,13.4,2,0,5,0,0
6418-HNFED,2,0,6,16,6.57,0,1,6,1,1
0206-OYVOC,1,0,10,16,6.45,1,0,4,1,0
7291-CDTMJ,3,0,15,21,9.3,2,0,5,0,3
7128-GGCNO,4,1,7,70,6.72,3,2,7,3,0
0237-YFUTL,2,2,12,2,9.58,1,1,6,0,1
7691-KGKGP,0,1,8,31,6.42,1,0,8,2,0
6710-HSJRD,5,1,10,26,5.8,3,6,6,0,1
3675-EQOZA,5,2,7,11,6.56,4,0,3,1,0
0840-DCNZE,2,0,14,2,6.81,0,2,9,1,1
1732-FEKLD,0,1,14,59,7.64,0,1,5,1,0
9862-KJTYK,5,1,15,5,4.74,2,1,5,0,0
0479-HMSWA,5,1,12,11,8.44,2,1,3,1,1
5854-KSRBJ,1,0,16,5,1.98,2,1,5,2,1
0365-BZUWY,6,4,11,14,10.14,2,3,5,0,0
4817-VYYWS,3,2,9,18,11.38,1,3,3,3,1
5701-SVCWR,4,0,7,25,5.64,2,1,3,1,2
3129-AAQOU,1,0,11,18,7.55,2,0,4,1,2
4922-CVPDX,3,1,10,40,7.14,4,5,3,1,3
1396-QWFBJ,5,1,5,48,9.11,4,2,2,2,0
1357-BIJKI,1,0,11,12,7.37,2,2,5,0,3
1099-BTKWT,1,1,9,36,6.97,0,2,3,0,0
5299-SJCZT,10,3,6,90,8.82,4,4,3,4,1
2018-PZKMU,2,0,7,19,8.46,3,2,8,0,1
7340-KEFQE,2,1,11,10,9.48,0,0,5,1,1
4570-QHXHL,1,0,11,19,8.19,4,0,7,0,1
2403-BCASL,5,2,9,32,9.52,3,1,2,0,1
7392-YYPYJ,5,3,7,24,10.03,3,1,3,1,1
2898-LSJGD,7,4,5,38,12.17,6,0,0,3,2
2223-GDSHL,3,0,12,35,8.39,1,1,8,0,2
7359-PTSXY,6,1,8,40,10.74,3,2,4,1,1
9470-RTWDV,3,1,16,0,7.79,1,1,2,4,1
2176-OSJUV,3,0,7,22,9.06,3,0,5,1,1
9348-YVOMK,2,1,14,5,10.22,3,1,3,2,1
8104-OSKWT,4,1,9,47,7.3,2,4,8,1,0
4521-YEEHE,2,1,8,37,7.5,4,0,5,3,3
4090-KPJIP,1,0,5,9,10.03,1,0,4,2,1
3786-WOVKF,2,0,13,0,7.12,2,0,5,0,4
4503-BDXBD,4,2,9,10,10.09,3,0,4,0,1
6086-ESGRL,3,0,7,11,11.64,2,4,2,2,0
2592-HODOV,1,0,14,87,4.99,0,0,4,0,0
3886-CERTZ,1,1,4,30,11.69,5,2,4,1,3
7995-ZHHNZ,3,1,11,19,4.57,1,2,5,2,0
3824-RHKVR,0,0,12,5,5.73,1,1,8,0,1
5816-SCGFC,3,2,7,3,4.15,4,0,7,0,2
5989-AXPUC,2,0,9,7,6.72,1,0,5,1,1
4979-HPRFL,0,0,15,14,7.39,0,0,4,0,1
8590-OHDIW,1,0,20,5,6.81,1,3,6,0,0
8015-IHCGW,9,4,8,0,7.87,2,1,4,1,2
2332-TODQS,6,1,15,14,7.64,3,0,4,0,0
9278-VZKCD,5,1,11,12,9.16,3,0,1,2,1
8008-OTEZX,2,0,12,28,5.34,4,1,2,0,3
2773-OVBPK,2,0,4,6,9.85,1,1,7,1,1
5999-LCXAO,1,1,11,16,8.11,2,2,7,1,0
5206-XZZQI,1,0,8,26,4.8,1,1,3,1,1
4803-LBYPN,1,0,11,37,10.0,2,1,8,2,1
5759-RCVCB,10,2,6,8,9.39,3,2,3,4,2
6372-RFVNS,7,5,6,90,7.73,6,1,4,3,1
2139-FQHLM,1,0,14,47,4.86,1,1,0,2,4
8261-GWDBQ,1,0,15,0,3.79,1,0,5,1,0
1093-YSWCA,0,0,12,39,5.51,1,1,8,0,0
8938-UMKPI,7,5,4,90,8.45,2,1,0,1,1
0991-BRRFB,7,3,4,33,7.71,2,5,5,1,1
3882-IYOIJ,2,0,15,21,6.47,2,1,7,1,0
8749-TZYEC,3,0,12,3,9.37,0,1,6,1,2
1755-FZQEC,1,0,13,5,4.6,2,1,5,1,1
3115-JPJDD,4,0,9,8,6.57,5,4,7,2,0
5600-KTXFM,2,1,11,1,8.99,2,3,5,3,1
3871-IKPYH,9,3,7,90,13.51,2,1,3,1,2
6319-IEJWJ,10,3,4,90,10.29,5,1,4,1,1
9025-AOMKI,7,4,9,60,10.83,1,2,1,1,1
6339-TBELP,6,1,9,48,9.16,1,2,4,0,2
7964-YESJC,3,0,8,16,8.45,0,1,5,2,1
6173-GOLSU,2,0,10,10,3.99,1,2,5,1,2
5275-SQEIZ,4,3,6,21,8.39,2,2,3,3,2
7716-YTYHG,3,2,4,58,11.26,2,2,3,6,3
9938-ZREHM,4,2,10,45,6.53,1,1,6,3,0
7950-XWOVN,2,1,13,12,5.47,3,4,5,0,0
4390-KYULV,5,1,10,6,9.26,1,1,5,1,0
4647-MUZON,3,0,12,28,8.32,0,0,3,3,3
9702-AIUJO,1,0,16,2,7.71,2,2,8,1,1
8849-PRIQJ,3,0,16,90,7.09,1,2,5,1,2
8851-RAGOV,2,1,12,42,4.31,0,1,4,2,2
1304-NECVQ,7,1,5,15,10.34,4,0,2,1,0
5396-IZEPB,1,0,11,90,5.63,2,1,3,1,3
1729-VLAZJ,2,0,12,24,8.57,2,1,4,1,1
8285-ABVLB,6,2,8,3,7.86,2,1,6,2,0
0701-TJSEF,2,1,7,31,7.17,3,2,7,1,2
5712-VBOXD,2,1,13,4,5.25,4,2,5,2,1
6629-LADHQ,3,0,10,3,10.03,7,5,4,1,1
8945-GRKHX,3,2,5,90,10.54,1,2,1,2,3
1559-DTODC,5,3,5,57,5.85,4,3,4,2,1
4797-MIWUM,2,1,9,56,10.5,2,1,5,2,0
6959-UWKHF,3,1,6,7,9.95,1,2,2,1,2
8720-RQSBJ,3,0,9,20,7.06,3,4,4,1,4
4537-CIBHB,5,2,8,12,10.0,2,2,4,0,1
3815-SLMEF,6,4,8,29,11.47,2,1,5,4,1
5154-VEKBL,9,3,7,27,11.1,5,1,1,0,1
4324-AHJKS,5,0,12,6,7.19,1,0,6,2,0
4355-CVPVS,2,0,16,18,5.1,0,1,5,3,2
4495-LHSSK,1,1,8,17,5.51,2,1,6,0,0
5655-JSMZM,3,1,2,69,9.08,7,2,4,0,4
5915-ANOEI,4,3,12,35,4.23,1,1,7,1,0
9861-PDSZP,2,1,11,53,7.83,2,1,5,1,2
4505-EXZHB,2,0,6,68,9.75,2,1,2,2,1
7225-CBZPL,7,2,13,33,8.36,6,2,5,2,4
6704-UTUKK,4,0,7,24,9.93,2,0,3,0,0
4587-VVTOX,1,0,8,47,7.6,2,1,3,1,0
2019-HDCZY,4,1,13,64,8.31,4,1,5,1,3
4652-NNHNY,6,3,3,17,7.6,5,2,3,1,1
8788-DOXSU,2,0,19,62,9.17,1,2,5,0,0
7404-JLKQG,4,1,12,9,6.44,4,3,5,0,3
7421-ZLUPA,5,3,7,0,12.11,2,3,5,3,2
8972-HJWNV,4,1,9,16,8.0,2,2,4,1,3
3274-NSDWE,1,1,13,0,7.4,4,1,7,0,0
2632-IVXVF,5,1,9,16,8.21,2,4,6,2,2
3692-JHONH,4,1,9,30,9.03,2,1,6,1,1
8915-NNTRC,2,0,10,1,4.63,4,1,5,2,1
5914-GXMDA,1,0,12,6,4.25,7,1,7,6,2
7463-IFMQU,2,1,15,31,5.75,2,1,9,1,1
2920-RNCEZ,0,1,8,56,8.88,4,3,7,0,3
2541-YGPKE,2,0,15,0,6.33,2,1,6,1,0
8515-OCTJS,4,1,8,73,12.0,5,3,2,1,3
5382-TEMLV,2,1,9,25,6.01,1,1,6,1,1
3441-CGZJH,2,1,13,30,7.47,2,0,6,2,2
9592-ERDKV,1,0,15,27,6.64,0,1,5,0,2
2860-RANUS,6,1,3,11,9.66,5,4,3,1,2
5261-QSHQM,2,1,8,34,11.08,2,3,2,2,4
4778-IZARL,0,1,16,20,9.68,0,0,9,2,1
0432-CAJZV,2,0,9,22,7.16,0,3,5,3,0
7008-LZVOZ,4,0,12,4,6.5,2,1,6,1,1
8868-WOZGU,5,3,4,59,10.52,4,1,1,1,1
1200-TUZHR,8,2,13,13,8.83,3,1,4,1,0
9365-CSLBQ,2,0,10,9,8.97,2,0,9,1,0
1334-FJSVR,4,2,9,67,10.02,3,5,3,2,4
5884-FBCTL,3,2,21,10,6.17,2,0,7,1,0
7130-CTCUS,2,1,14,2,10.97,2,0,4,0,0
6242-FEGFD,3,0,7,5,7.4,0,2,6,2,1
7625-XCQRH,6,4,9,90,11.36,3,1,0,2,1
6194-HBGQN,3,1,7,43,4.55,3,2,4,3,0
7634-WSWDB,1,0,14,28,7.19,2,4,5,4,1
6986-IXNDM,4,0,8,51,10.54,5,1,6,2,0
1731-TVIUK,2,2,8,14,10.11,1,0,3,5,2
2987-BJXIK,3,0,8,5,6.71,3,2,6,2,1
9769-TSBZE,2,0,11,13,3.1,1,1,4,0,1
0406-BPDVR,5,2,2,24,9.63,2,1,3,1,1
0618-XWMSS,6,3,8,16,12.37,2,1,4,0,1
1395-WSWXR,3,0,13,0,7.74,2,2,1,1,0
6023-GSSXW,3,1,9,19,7.84,3,2,7,1,1
6752-APNJL,2,1,9,90,6.6,1,2,5,1,1
5276-KQWHG,4,2,6,13,9.23,3,3,3,2,0
0420-HLGXF,4,2,11,68,8.4,2,3,4,5,2
7446-KQISO,6,0,10,20,8.87,3,0,4,2,3
9823-EALYC,3,2,16,4,8.71,3,1,4,0,2
0582-AVCLN,1,0,17,15,9.67,2,3,3,0,2
5803-NQJZO,5,1,11,7,7.08,0,2,3,1,1
2565-JSLRY,4,0,10,41,10.3,6,2,4,2,5
2607-DHDAK,0,0,13,6,4.31,6,0,8,2,1
1073-XXCZD,3,0,5,77,7.84,0,2,5,0,1
0743-HRVFF,2,0,17,11,2.88,1,2,5,0,1
4006-HKYHO,4,0,17,3,4.62,1,1,5,2,0
3727-JEZTU,2,1,13,17,8.32,2,2,3,0,1
8143-ETQTI,1,0,12,89,8.42,0,2,6,1,3
6689-KXGBO,0,0,9,8,7.5,5,2,3,3,2
9667-TKTVZ,2,1,5,61,9.61,3,0,1,2,1
3657-COGMW,2,0,12,36,7.68,2,2,6,1,0
8570-KLJYJ,1,1,9,2,9.36,3,1,4,1,0
7754-IXRMC,3,1,10,10,11.33,1,3,4,2,0
9473-CBZOP,8,3,11,2,3.21,1,2,5,1,1
2969-WGHQO,1,0,20,67,11.17,3,3,6,1,2
6615-NGGZJ,2,1,2,0,11.75,3,2,2,2,3
4334-HOWRP,2,1,14,22,8.44,0,0,8,1,3
4255-DDUOU,6,2,6,61,9.24,3,0,5,0,1
5863-OOKCL,2,2,11,19,8.04,1,1,6,0,0
1686-STUHN,1,0,10,1,7.07,1,0,9,1,0
1329-VHWNP,4,2,9,3,8.98,1,2,5,1,0
2984-MIIZL,7,3,5,17,10.6,2,2,2,3,1
0266-GMEAO,2,0,12,21,8.1,2,0,8,1,1
5590-YRFJT,9,4,7,5,11.43,3,4,4,1,3
5574-NXZIU,1,0,6,14,3.4,3,2,7,1,3
0019-GFNTW,3,2,19,7,6.62,2,1,7,0,2
4256-ZWTZI,1,1,20,6,7.12,1,3,7,1,4
8309-PPCED,2,1,7,90,6.32,3,1,6,5,0
4098-NAUKP,7,1,16,77,10.61,3,1,3,3,1
5196-WPYOW,4,3,11,3,10.6,0,1,3,0,2
4608-LCIMN,2,1,9,23,7.65,1,2,5,3,1
1485-YDHMM,3,1,7,2,8.2,2,2,5,4,1
4054-CUMIA,8,2,7,7,8.89,2,2,6,1,0
0603-TPMIB,1,0,21,21,3.94,2,0,5,1,1
2525-GVKQU,1,0,10,28,4.96,1,0,3,0,1
8161-QYMTT,2,1,11,25,6.39,1,1,7,3,3
9581-GVBXT,3,0,8,8,8.74,2,0,8,1,1
5862-BRIXZ,0,0,13,8,6.27,0,4,5,0,1
5404-GGUKR,1,0,11,32,7.78,2,0,5,1,0
3308-JSGML,2,0,10,10,6.11,1,0,6,2,1
2126-GSEGL,1,0,12,0,6.0,0,2,4,1,2
3677-TNKIO,6,4,2,82,14.09,3,3,3,2,0
0440-QEXBZ,0,1,12,11,7.71,1,1,3,1,1
2434-EEVDB,3,0,21,32,9.86,1,3,6,0,2
6762-QVYJO,3,0,15,26,5.57,2,4,6,2,0
6199-IWKGC,3,0,7,90,5.56,3,2,4,1,3
2675-DHUTR,3,2,7,1,10.28,0,0,6,1,2
8152-VETUR,1,1,12,6,7.57,1,3,3,2,1
9667-EQRXU,4,1,8,21,11.18,5,2,1,1,2
7446-YPODE,3,0,4,15,11.16,2,1,6,3,0
9522-BNTHX,6,3,8,9,8.57,1,1,5,4,1
4676-WLUHT,2,0,10,2,8.07,0,1,5,0,0
3329-WDIOK,6,2,7,49,9.26,2,2,3,1,3
7980-MHFLQ,3,0,7,22,7.65,4,0,5,2,0
2873-ZLIWT,7,1,9,44,10.46,9,4,2,0,0
3415-TAILE,4,0,4,5,10.86,5,2,4,0,1
0757-WCUUZ,2,1,16,36,7.79,1,1,5,2,0
1629-DQQVB,1,1,13,16,5.09,3,3,4,1,2
1915-IOFGU,5,2,9,28,12.95,1,3,3,0,1
3045-XETSH,6,3,8,14,10.07,3,1,7,2,5
0374-AACSZ,7,1,17,10,11.2,1,1,6,2,2
7239-HZZCX,7,0,9,4,8.25,2,0,2,3,2
4872-VXRIL,1,0,11,3,5.64,2,0,5,1,0
9140-CZQZZ,3,0,9,8,6.57,1,0,6,2,0
3423-HHXAO,1,1,5,27,6.37,6,0,3,2,0
9938-TKDGL,0,0,10,11,7.11,0,0,8,1,2
0531-ZZJWQ,6,0,6,3,10.19,3,0,4,3,1
6537-QLGEX,4,2,11,7,10.55,0,0,5,1,0
2688-BHGOG,3,1,10,7,7.27,2,2,6,2,3
7683-CBDKJ,2,0,8,61,8.74,4,3,5,2,1
0946-CLJTI,4,1,4,90,11.4,2,3,2,2,1
3160-TYXLT,3,0,12,4,4.99,2,1,7,0,2
1325-USMEC,2,0,14,0,7.32,1,1,10,1,0
0916-QOFDP,1,0,16,22,7.57,0,2,2,2,0
0628-CNQRM,6,2,10,48,8.92,4,3,2,3,0
5606-AMZBO,1,0,8,1,2.1,0,0,6,1,0
6199-IPCAO,4,2,10,65,8.27,2,0,4,0,2
7665-TOALD,6,0,4,90,12.27,2,3,2,2,1
0112-QWPNC,2,1,6,13,7.48,1,2,4,1,2
0324-BRPCJ,4,0,2,36,10.46,5,1,5,2,3
2777-PHDEI,6,0,8,22,10.94,5,3,5,3,1
5640-CAXOA,1,0,14,25,6.11,3,0,4,1,1
2235-EZAIK,4,0,14,6,7.44,1,1,6,1,2
3847-BAERP,2,0,18,6,8.6,4,1,4,2,0
1196-AMORA,6,2,6,0,10.27,5,4,6,1,4
4282-YMKNA,9,5,7,34,11.04,6,4,4,2,2
1453-RZFON,1,0,9,12,8.19,2,2,4,2,3
8263-OKETD,0,0,14,10,9.31,3,1,5,1,0
0670-KDOMA,2,0,13,30,3.92,1,0,5,2,0
2476-YGEFM,3,1,10,11,8.85,2,0,5,2,1
8687-BAFGU,8,2,10,55,10.9,1,2,4,0,0
0641-EVBOJ,5,1,12,9,5.61,0,3,5,0,0
0829-XXPLX,3,1,11,2,6.64,2,1,5,2,0
9974-JFBHQ,4,3,8,16,11.39,2,3,3,0,2
5356-RHIPP,7,4,5,16,10.67,3,1,4,3,0
6624-JDRDS,1,0,15,40,4.55,0,2,3,0,1
0608-JDVEC,4,2,9,6,7.17,1,3,6,1,0
9780-FKVVF,4,1,13,82,4.35,2,3,3,1,1
1919-RTPQD,4,2,9,19,7.08,3,1,4,0,0
5214-NLTIT,3,1,11,5,8.14,2,3,4,1,1
3345-PBBFH,2,1,9,3,8.75,1,3,5,1,1
5055-BRMNE,2,0,14,0,7.77,5,2,9,2,0
9189-JWSHV,5,3,7,4,13.0,2,2,2,2,1
2190-PHBHR,6,2,11,7,8.17,2,0,5,2,1
2650-GYRYL,5,2,7,90,4.09,2,0,3,3,0
0746-JTRFU,2,1,4,22,11.13,2,2,6,1,1
5208-FVQKB,3,0,9,2,7.52,1,1,5,2,0
7184-LRUUR,1,0,17,21,7.16,3,1,3,1,0
6627-CFOSN,4,0,11,25,9.57,3,1,8,0,2
3982-JGSFD,2,0,11,10,9.1,2,1,6,0,0
1574-DYCWE,2,0,9,11,4.94,3,1,6,0,1
7247-XOZPB,4,1,8,6,7.3,3,4,6,2,0
2466-FCCPT,3,0,14,55,10.83,2,0,5,3,1
6211-WWLTF,1,0,11,6,7.98,1,0,7,2,0
4826-TZEVA,1,0,11,11,4.93,1,2,7,1,1
6016-NXBNJ,3,2,11,6,7.56,1,1,2,1,1
9138-EFSMO,2,0,13,0,6.53,3,1,5,2,0
0576-WNXXC,6,3,1,90,10.0,4,1,3,1,1
4632-XJMEX,2,0,9,8,4.64,0,0,5,2,1
8910-LEDAG,4,0,9,6,8.83,2,1,3,1,0
3452-GWUIN,5,0,12,16,7.38,1,1,5,1,2
2716-GFZOR,9,2,5,20,9.42,2,1,7,0,1
3724-UCSHY,6,3,12,7,10.89,2,3,5,0,1
8626-XHBIE,3,0,16,23,7.28,2,1,5,0,0
4628-CTTLA,3,1,5,57,7.97,2,0,1,1,3
3192-LNKRK,2,1,12,29,5.88,2,1,8,1,4
4439-YRNVD,4,2,4,31,8.72,3,2,5,3,1
2876-VBBBL,3,1,1,7,10.48,7,1,4,3,0
6834-NXDCA,6,2,8,29,8.85,3,8,3,1,3
2208-UGTGR,2,2,10,8,7.57,3,0,6,1,1
3005-TYFRD,0,0,11,8,8.43,3,2,5,2,2
8670-MEFCP,2,0,14,13,8.97,3,2,7,0,0
3079-BCHLN,5,2,9,10,7.79,3,1,5,1,2
7777-UNYHB,3,2,16,21,9.01,2,2,4,1,0
5597-GLBUC,7,5,5,90,9.87,1,2,2,1,0
7278-CKDNC,3,1,5,4,8.98,4,1,3,2,2
2748-MYRVK,2,2,4,24,8.53,2,2,1,0,1
8450-UYIBU,2,0,11,23,9.96,4,2,6,1,0
2969-VAPYH,0,1,14,11,9.9,5,2,7,3,1
4822-YCXMX,1,1,6,79,10.63,2,2,3,5,7
7181-OQCUT,1,0,14,33,9.38,0,1,4,3,2
8474-UMLNT,3,0,11,25,4.95,4,0,6,2,1
9821-POOTN,2,1,6,28,10.59,2,4,4,4,2
3836-FZSDJ,1,0,9,5,4.01,3,2,6,2,1
9142-XMYJH,8,5,8,5,8.87,0,2,6,2,1
6559-ILWKJ,8,5,6,36,12.58,5,2,2,1,0
0187-QSXOE,4,2,2,0,7.04,1,0,4,1,0
7733-UDMTP,3,1,12,26,8.0,3,2,4,2,1
2649-HWLYB,0,0,7,9,9.14,0,1,0,3,0
5214-CHIWJ,0,0,14,0,5.1,2,0,6,0,1
4229-CZMLL,4,1,9,13,10.83,4,2,0,1,0
6904-JLBGY,0,0,14,15,5.62,0,0,8,1,1
2465-BLLEU,1,1,12,17,9.05,1,4,3,4,0
1685-VAYJF,3,0,8,30,7.83,2,0,4,2,0
8874-EJNSR,4,0,11,1,2.17,3,1,7,0,2
6917-YACBP,1,0,11,16,6.2,4,1,3,1,2
5049-MUBWG,3,0,13,34,6.31,1,1,7,0,2
4223-WOZCM,1,0,13,39,10.9,1,2,4,1,1
0769-MURVM,2,0,15,77,6.79,2,1,5,3,0
9253-VIFJQ,3,1,17,24,4.9,2,2,5,1,1
7030-FZTFM,1,1,14,34,7.8,0,1,6,0,0
9741-YLNTD,2,1,6,19,1.96,1,2,5,3,2
5917-RYRMG,2,0,13,48,9.24,0,0,7,2,0
5120-ZBLAI,0,0,8,90,7.79,1,0,6,0,2
1194-BHJYC,2,0,7,4,5.99,2,2,5,3,1
3663-MITLP,5,2,6,72,11.37,2,2,4,3,0
0906-QVPMS,6,3,13,22,8.44,2,2,5,2,1
9025-ZRPVR,3,2,5,6,9.63,2,0,1,3,1
1905-OEILC,4,1,13,0,8.86,2,1,6,5,0
7858-GTZSP,2,0,9,19,7.64,2,1,6,1,0
3285-UCQVC,6,3,7,64,10.15,6,2,5,3,1
6248-BSHKG,3,2,11,2,7.89,1,1,7,1,1
4685-TFLLS,10,5,17,5,6.68,3,0,4,1,0
3470-BTGQO,3,3,10,13,7.57,3,1,5,2,1
1209-VFFOC,1,0,12,21,3.62,0,0,5,1,0
8224-DWCKX,2,1,11,15,5.12,3,5,6,1,2
5482-PLVPE,3,0,5,22,6.54,3,3,5,5,0
4553-DVPZG,4,0,14,23,8.75,5,0,8,2,1
4902-OHLSK,3,2,8,25,9.23,1,4,3,3,0
6917-IAYHD,4,0,8,10,6.38,2,1,1,4,2
0495-ZBNGW,7,2,8,6,9.14,3,3,2,4,0
8620-RJPZN,4,0,13,17,6.0,1,1,4,0,2
7572-KPVKK,3,0,12,86,8.13,1,1,4,0,0
2642-MAWLJ,8,1,12,12,8.93,0,1,8,2,0
2357-COQEK,2,1,7,90,12.55,4,0,3,2,4
7103-ZGVNT,6,1,11,1,7.77,1,1,7,2,2
3737-GCSPV,2,1,1,7,9.58,5,1,4,0,1
2027-WKXMW,5,2,6,26,4.73,1,0,6,1,0
7137-NAXML,5,0,12,62,4.58,5,0,6,3,0
2428-ZMCTB,5,2,9,7,9.85,1,1,5,1,0
2961-VNFKL,2,0,9,4,8.01,1,0,6,1,2
1768-HNVGJ,2,1,13,7,9.71,0,0,9,1,0
6963-KQYQB,0,1,14,14,3.39,2,1,6,2,0
5934-RMPOV,3,2,8,6,7.17,0,0,6,0,2
1207-BLKSA,3,0,21,3,2.58,0,0,5,2,0
4088-YLDSU,2,1,4,26,5.54,2,2,3,0,0
8316-BBQAY,4,0,12,15,4.82,1,3,5,0,0
1166-PQLGG,1,1,21,28,9.64,0,0,9,0,1
3146-JTQHR,4,0,12,6,5.92,2,1,5,2,0
4291-YZODP,2,1,14,8,10.8,2,1,5,1,2
4395-PZMSN,5,1,12,2,8.3,4,1,7,2,2
6427-FEFIG,1,1,16,27,9.53,0,1,7,2,0
0017-IUDMW,1,0,10,7,8.67,3,1,6,0,2
8706-HRADD,4,1,10,12,10.71,3,3,5,3,3
9955-QOPOY,1,0,15,16,6.64,4,2,5,1,2
4385-ZKVNW,3,1,7,2,7.92,1,0,7,2,2
5446-DKWYW,1,1,9,54,7.65,2,3,5,2,2
2034-CGRHZ,4,0,7,22,14.99,1,1,3,1,3
5797-APWZC,5,3,5,90,11.73,2,2,2,3,2
3683-QKIUE,5,2,7,24,9.59,5,2,5,1,3
4228-ZGYUW,7,2,3,15,13.98,2,6,5,4,1
9031-ZVQPT,5,0,16,26,12.41,1,1,5,3,1
2990-IAJSV,5,2,9,21,6.34,1,0,6,1,1
8107-KNCIM,7,1,9,21,9.01,1,4,7,2,1
9027-YFHQJ,7,3,8,31,7.72,3,1,5,4,1
5176-LDKUH,0,0,10,11,4.27,1,0,4,0,3
4644-OBGFZ,1,0,9,11,8.26,2,0,4,2,1
7926-IJOOU,3,0,10,10,1.88,4,0,5,1,2
6480-YAGIY,4,2,4,58,8.99,1,1,6,3,1
4029-HPFVY,3,0,11,18,7.31,4,1,6,2,1
7602-DBTOU,0,0,16,45,6.52,1,0,5,2,0
5345-BMKWB,6,2,8,13,7.48,2,1,7,1,0
3519-ZKXGG,7,3,6,89,9.06,1,3,2,3,0
5457-COLHT,4,1,13,9,4.58,1,2,5,3,1
6416-TVAIH,7,1,3,27,7.09,4,5,7,2,1
5451-YHYPW,0,0,11,27,7.76,0,3,4,0,1
5108-ADXWO,2,0,6,69,9.84,4,2,3,2,0
7998-WNZEM,3,0,9,20,9.09,1,0,6,1,2
3066-RRJIO,8,2,3,30,8.91,0,0,1,3,0
4664-NJCMS,3,0,14,27,5.73,5,2,7,0,2
0307-BCOPK,4,1,6,14,7.23,3,2,5,1,1
7629-WFGLW,1,0,9,1,3.59,2,2,5,2,1
2542-HYGIQ,4,1,6,4,8.18,1,1,5,1,0
6715-OFDBP,8,4,9,13,11.05,1,1,1,1,1
5016-LIPDW,2,1,11,7,9.66,2,1,7,1,0
6481-LXPWL,2,0,10,0,7.95,1,2,7,2,1
1567-DSCIC,4,0,8,6,7.66,2,2,1,2,0
2150-UWTFY,6,2,3,24,8.45,2,3,3,0,2
6124-ACRHJ,1,0,13,27,6.83,1,0,7,3,2
9362-MWODR,2,0,13,89,5.78,2,2,5,0,2
9975-GPKZU,5,2,11,27,4.88,0,1,5,0,1
9625-RZFUK,2,1,13,15,5.81,5,2,6,1,0
5153-LXKDT,2,2,7,3,9.58,1,2,5,1,0
5161-UBZXI,3,0,13,37,8.31,2,2,6,1,0
1020-JPQOW,5,1,7,11,9.4,2,0,4,3,2
7919-ZODZZ,1,0,9,78,6.41,0,2,5,4,1
0565-JUPYD,2,0,9,52,9.94,2,2,5,1,1
6867-ACCZI,2,0,13,0,7.66,1,3,6,1,1
5939-XAIXZ,4,2,10,24,8.7,3,1,6,0,1
9054-FOWNV,3,1,7,39,7.1,2,3,5,2,1
2683-BPJSO,4,3,4,6,4.93,1,1,2,1,3
2157-MXBJS,7,4,3,23,12.64,7,3,3,1,0
8207-VVMYB,1,0,10,10,6.73,4,1,5,0,1
9732-EQMWY,6,3,1,35,6.47,4,0,4,5,0
9360-AHGNL,8,2,8,35,14.06,5,1,2,2,1
1087-UDSIH,5,3,4,7,9.9,3,0,3,1,1
5269-NRGDP,1,0,11,0,6.75,1,0,6,0,2
6195-MELTI,2,1,18,0,5.68,0,0,7,0,1
5485-WUYWF,6,3,4,1,8.61,3,2,5,0,1
2121-JAFOM,6,3,6,78,4.52,1,0,5,1,2
8818-DOPVL,3,2,6,6,6.93,6,2,3,2,1
2632-UCGVD,3,0,7,42,9.61,5,2,1,1,1
5445-PZWGX,4,0,8,13,10.93,2,1,4,2,1
1227-UDMZR,1,0,10,79,3.54,1,1,5,1,1
5198-HQAEN,4,2,9,8,6.6,2,1,3,0,2
9170-CCKOU,1,0,5,16,7.42,2,3,5,3,4
2167-FQSTQ,1,0,5,53,8.37,1,1,9,0,0
2819-GWENI,2,0,12,10,7.96,0,0,7,2,2
1043-YCUTE,5,3,5,50,6.01,3,1,5,2,2
3814-MLAXC,5,3,2,87,9.39,2,2,2,4,1
3572-UUHRS,1,0,10,2,10.11,1,0,5,1,1
2692-PFYTJ,4,1,15,8,9.01,4,0,1,2,3
1226-UDFZR,4,3,9,47,9.21,1,3,5,2,2
5955-EPOAZ,4,0,6,7,8.44,1,2,6,0,1
6821-JPCDC,1,0,10,11,9.02,3,1,5,2,0
8815-LMFLX,3,2,14,6,10.67,0,0,8,1,2
9135-HSWOC,2,1,17,4,6.89,2,1,6,3,0
8582-KRHPJ,2,1,13,11,8.95,0,0,7,1,0
5811-IWXYM,3,1,13,0,6.68,2,0,7,2,1
7044-YAACC,2,1,11,15,6.89,3,1,4,2,1
8189-XRIKE,3,2,8,1,7.64,1,4,4,7,4
1506-YJTYT,5,2,5,21,8.28,4,1,4,3,1
4123-DVHPH,0,1,17,5,9.35,4,2,3,0,1
6425-YQLLO,5,3,3,11,9.62,3,2,6,3,1
5442-UTCVD,3,0,8,25,8.89,3,2,2,1,1
2228-BZDEE,3,0,10,2,5.58,2,2,5,1,1
7734-DBOAI,6,3,5,18,11.07,2,3,4,1,2
2789-CZANW,3,1,11,10,6.59,1,1,7,1,0
2091-RFFBA,2,1,7,0,10.48,2,2,4,2,2
2114-MGINA,6,2,6,8,10.72,2,1,1,2,1
7596-LDUXP,2,1,6,9,10.37,2,0,3,0,6
3740-RLMVT,2,1,7,12,9.61,0,3,6,2,1
4489-SNOJF,2,1,6,7,11.37,6,1,5,1,3
2192-OZITF,1,0,14,18,6.46,1,0,8,0,2
5651-CPDND,3,3,9,45,5.9,1,3,6,0,1
2186-QZEYA,3,1,14,21,6.68,1,0,5,4,0
1131-ALZWV,3,0,9,11,6.78,0,0,5,2,1
7729-XBTWX,2,0,15,2,6.23,1,2,3,1,0
9134-WYRVP,2,0,10,20,8.14,3,1,7,0,1
3284-SVCRO,6,2,10,11,6.93,0,1,7,1,0
9732-OUYRN,5,2,7,17,5.3,1,1,6,0,0
0559-CKHUS,3,1,17,34,9.9,3,0,7,4,1
2931-SVLTV,3,2,6,13,8.87,3,0,6,2,1
6899-PPEEA,6,3,8,31,10.16,1,2,4,0,3
7504-UWHNB,4,1,6,38,10.44,3,2,5,1,1
2582-FFFZR,3,1,19,21,5.06,3,1,4,0,0
8908-NMQTX,2,0,11,57,5.93,1,0,6,1,2
2187-LZGPL,6,2,4,12,9.16,4,2,1,2,1
1431-AIDJQ,3,0,12,32,8.23,3,1,6,1,3
6288-LBEAR,5,2,11,90,8.7,3,2,1,2,0
4597-NUCQV,5,0,6,88,16.17,3,4,3,4,1
9019-QVLZD,3,0,1,5,7.98,6,3,4,0,0
8413-YNHNV,3,1,12,26,7.51,1,1,3,1,1
5808-TOTXO,2,2,12,10,6.47,1,2,7,0,0
4369-NYSCF,5,0,10,0,7.46,1,0,5,0,0
6333-YDVLT,3,2,8,16,10.43,3,1,5,3,1
5324-KTGCG,1,0,21,3,7.32,0,1,6,1,4
5599-HVLTW,1,0,15,22,8.85,1,0,4,2,2
7394-LWLYN,4,0,7,24,6.76,0,1,7,2,1
3707-LRWZD,9,2,6,90,13.15,9,4,4,1,3
6873-UDNLD,3,0,13,25,6.37,2,0,3,1,2
2700-LUEVA,6,1,13,21,1.24,4,0,4,0,0
1455-ESIQH,2,1,5,6,8.74,1,1,2,2,3
0958-YHXGP,3,0,5,1,12.96,0,0,7,0,3
1101-SSWAG,3,0,6,40,5.78,3,0,4,1,0
2979-SXESE,3,0,8,33,10.8,4,2,2,2,1
4013-TLDHQ,5,3,7,27,8.36,5,3,3,1,4
5743-KHMNA,1,0,16,40,7.32,0,0,5,0,0
4194-FJARJ,0,0,7,18,10.07,2,1,4,0,0
5325-UWTWJ,4,2,13,38,7.44,0,2,5,2,0
3969-GYXEL,3,0,11,8,10.97,2,2,6,3,0
9208-OLGAQ,1,0,10,36,10.01,2,6,6,0,0
3244-CQPHU,4,1,10,38,8.13,0,1,8,1,0
2674-MLXMN,3,2,12,6,7.47,5,1,6,0,2
9708-HPXWZ,2,1,16,44,7.4,3,1,6,2,2
6992-TKNYO,1,0,14,7,5.38,2,1,6,2,0
4468-YDOVK,7,1,15,40,4.41,1,2,5,1,1
3754-DXMRT,10,3,9,1,11.1,2,1,2,1,1
5792-JALQC,1,0,12,30,7.85,1,3,4,2,1
7130-VTEWQ,1,1,10,90,10.74,2,3,0,3,1
2200-DSAAL,1,0,9,7,8.97,1,1,7,0,0
4302-ZYFEL,4,0,8,75,7.15,1,3,6,1,3
9351-LZYGF,4,0,15,2,9.78,0,0,4,2,1
4366-CTOUZ,2,1,13,13,2.97,0,1,7,0,1
6121-VZNQB,2,1,8,5,13.49,2,3,4,3,1
7903-CMPEY,2,0,7,40,9.87,4,2,4,1,0
1518-OMDIK,5,1,15,52,6.09,3,3,5,0,0
6671-NGWON,4,0,7,28,6.89,3,1,5,2,2
0595-ITUDF,12,2,13,2,11.18,1,2,4,2,2
6996-KNSML,11,7,4,1,8.54,3,4,4,4,0
1955-IBMMB,3,1,20,26,6.72,1,0,8,1,2
0096-BXERS,5,2,4,61,5.48,4,2,4,1,3
3806-YAZOV,1,0,9,23,8.93,1,2,5,2,0
7998-ZLXWN,3,1,11,3,10.0,1,3,5,1,1
6253-WRFHY,3,1,10,6,7.81,4,2,5,1,0
9133-AYJZG,7,0,8,73,8.01,4,1,5,3,2
2675-OTVVJ,0,0,8,80,7.53,2,2,5,0,1
8680-CGLTP,2,1,9,90,7.8,1,1,2,0,3
8430-TWCBX,3,0,8,8,8.0,2,3,6,1,1
5018-GWURO,4,0,14,90,9.24,3,2,7,0,0
6741-QRLUP,3,1,14,32,3.86,1,0,7,4,2
4737-HOBAX,0,1,14,17,6.57,2,0,7,1,3
0537-QYZZN,4,0,8,67,11.31,2,6,5,2,3
3340-QBBFM,3,0,13,5,8.17,3,1,9,1,1
1704-NRWYE,5,2,4,8,10.21,4,0,6,2,1
2592-SEIFQ,4,2,1,32,11.49,4,3,6,1,1
8200-KLNYW,4,1,15,27,1.73,2,0,7,0,0
3372-CDXFJ,4,2,10,6,8.28,0,3,6,0,1
4781-ZXYGU,1,1,10,7,12.2,1,2,4,1,0
7632-YUTXB,3,0,12,41,8.23,4,1,3,2,0
2718-YSKCS,0,0,18,2,8.02,1,2,7,1,2
9896-UYMIE,1,0,17,5,5.54,2,0,5,0,0
0853-NWIFK,9,3,11,4,4.93,0,0,8,0,1
8212-CRQXP,0,0,12,81,6.87,4,0,4,4,0
6980-CDGFC,5,3,11,6,8.57,0,0,3,0,1
7691-XVTZH,3,1,15,13,7.76,1,1,5,0,2
2520-SGTTA,3,1,3,38,6.5,4,0,2,3,0
7481-ATQQS,6,1,2,28,8.64,4,2,5,4,2
2277-VWCNI,3,0,17,0,6.83,2,1,4,2,1
1088-CNNKB,2,1,14,0,7.01,4,2,6,1,2
8642-GVWRF,3,1,7,40,9.53,4,1,2,2,0
1930-BZLHI,4,3,17,12,6.87,4,2,6,1,3
3400-ESFUW,5,1,3,42,7.65,2,3,4,1,1
5868-YTYKS,6,2,8,90,11.27,3,1,4,1,3
3525-DVKFN,1,0,14,14,6.98,2,0,4,3,2
1482-OXZSY,6,0,13,31,7.54,4,1,2,2,1
0377-JBKKT,3,1,12,13,6.15,0,1,4,1,0
5778-BVOFB,3,2,12,90,7.53,6,0,2,0,2
3373-YZZYM,1,0,10,14,9.52,6,0,8,1,3
2057-ZBLPD,8,3,10,30,12.9,2,0,2,4,1
0228-MAUWC,1,0,15,24,6.02,2,1,3,3,0
5502-RLUYV,4,2,4,90,9.03,1,3,4,3,2
0023-HGHWL,7,4,7,39,6.56,4,0,2,3,0
7663-YJHSN,6,1,17,15,3.83,3,5,7,2,1
4915-BFSXL,0,0,16,5,6.75,1,4,5,0,1
3086-RUCRN,3,1,8,2,6.48,2,2,5,2,0
5215-LNLDJ,3,2,11,76,7.17,0,2,8,2,1
7576-JMYWV,2,2,12,2,6.94,1,1,5,0,0
9039-RBEEE,9,4,10,17,10.47,4,3,3,1,0
0257-KXZGU,2,0,11,34,8.59,2,1,5,0,0
1307-ATKGB,3,2,8,13,10.16,4,0,4,0,5
8417-FMLZI,8,2,7,11,15.14,2,1,6,3,1
3714-XPXBW,1,0,12,56,5.17,2,1,4,2,2
1850-AKQEP,5,1,9,48,5.35,4,0,7,2,1
2824-DXNKN,3,1,3,3,10.2,2,0,5,0,4
5227-JSCFE,6,0,16,2,6.13,2,0,6,0,0
0848-ZGQIJ,3,0,9,37,10.18,4,3,3,2,1
3621-CHYVB,1,1,8,5,5.19,0,0,2,0,0
8042-RNLKO,2,1,9,17,5.29,2,3,5,2,1
1792-UXAFY,6,1,7,30,11.63,6,2,4,1,5
5372-FBKBN,4,0,12,30,5.07,1,4,5,1,0
0420-TXVSG,2,1,12,5,9.45,0,0,4,1,0
6217-TOWGS,5,0,10,6,9.94,2,2,6,1,2
0515-YPMCW,5,0,11,90,8.54,4,5,3,3,3
0378-XSZPU,3,3,6,21,12.95,7,1,3,1,2
1045-LTCYT,5,2,7,21,9.42,2,4,2,0,3
1544-JJMYL,5,1,10,42,7.38,2,0,4,3,1
4636-JGAAI,4,1,11,51,8.42,3,3,4,0,1
6874-SGLHU,3,1,15,19,2.86,2,1,6,1,3
5951-AOFIH,2,0,15,9,4.58,1,1,7,2,1
4729-XKASR,6,3,1,59,11.41,3,3,0,2,0
3059-NGMXB,7,3,6,41,8.47,4,1,3,0,2
8652-YHIYU,2,0,8,39,10.55,2,0,5,2,3
5278-PNYOX,2,0,20,9,7.46,0,0,7,0,1
5449-FIBXJ,3,1,5,11,7.51,3,1,3,1,2
3486-HOOGQ,4,1,12,2,4.18,4,0,6,0,1
5061-PBXFW,4,2,10,2,5.95,3,4,7,2,3
8630-FJLIB,4,2,14,1,6.16,0,0,10,4,2
3891-NLXJB,5,1,13,13,7.73,1,4,5,0,1
4749-OJKQU,2,1,5,27,10.73,0,4,7,1,2
0577-WHMEV,3,1,11,19,10.14,6,2,7,2,1
5453-AXEPF,2,0,7,0,10.85,5,0,4,0,1
3639-XJHKQ,4,3,9,43,8.47,3,2,5,1,0
3716-LRGXK,0,0,10,0,6.92,2,1,2,0,0
2263-SFSQZ,1,0,11,9,3.59,0,2,6,4,1
9950-MTGYX,4,2,8,18,7.94,2,1,7,0,1
3397-AVTKU,2,1,18,55,7.33,3,1,5,1,2
4825-FUREZ,0,0,25,8,7.82,0,1,7,0,0
9837-BMCLM,4,1,6,90,8.71,1,1,4,1,0
2672-OJQZP,2,1,14,3,10.48,3,0,6,7,0
0137-UDEUO,6,2,3,47,13.16,5,0,3,4,3
3134-DSHVC,0,0,19,54,5.03,2,1,6,3,0
6161-UUUTA,3,2,4,24,10.59,4,0,4,0,3
7821-DPRQE,2,0,10,38,4.83,1,0,5,2,1
6543-XRMYR,7,3,5,72,8.31,1,4,2,2,2
2001-EWBQU,3,0,8,8,5.82,1,4,3,5,0
4925-LMHOK,1,1,4,19,8.63,3,6,3,3,1
1608-GMEWB,1,0,11,1,7.29,3,3,4,6,3
6695-AMZUF,2,0,16,24,4.76,5,2,9,1,1
1455-UGQVH,6,2,8,21,10.23,3,3,1,1,0
8410-BGQXN,4,1,12,36,4.94,5,1,4,2,0
8280-MQRQN,3,1,7,33,11.93,2,1,4,1,3
1619-YWUBB,1,0,13,42,4.57,1,1,4,0,2
7611-YKYTC,9,2,6,13,7.48,4,2,4,0,3
2037-SGXHH,5,5,4,45,9.04,1,4,3,2,0
3178-FESZO,5,1,3,63,11.97,5,1,6,1,3
0365-GXEZS,2,0,6,58,7.65,2,0,4,3,1
0082-OQIQY,5,1,19,9,10.99,0,0,5,1,2
6087-MVHJH,3,2,4,75,10.66,3,3,3,1,1
4603-JANFB,4,1,12,22,8.02,2,4,2,1,1
3018-TFTSU,4,1,6,6,9.5,2,2,5,2,0
3606-SBKRY,1,1,10,5,7.58,1,2,3,0,2
4806-KEXQR,8,3,2,2,11.38,1,3,3,1,1
0667-NSRGI,2,1,7,0,7.27,1,3,6,0,0
7083-YNSKY,7,1,8,22,9.5,3,2,5,3,0
6893-ODYYE,2,0,9,48,5.43,1,1,5,0,0
8242-JSVBO,5,1,13,15,8.81,2,1,3,0,3
2479-BRAMR,6,1,5,38,9.16,5,2,1,1,2
9541-ZPSEA,2,0,13,10,6.74,2,2,3,2,2
2665-NPTGL,5,0,11,87,6.35,2,1,6,1,1
1139-WUOAH,3,1,14,15,8.76,1,1,5,2,1
4693-VWVBO,7,4,5,32,5.2,3,2,6,1,0
7434-SHXLS,5,4,2,13,10.85,4,2,6,2,0
6937-GCDGQ,0,0,10,8,6.99,2,1,7,0,0
0988-JRWWP,7,0,7,0,7.18,1,2,6,4,1
5075-JSDKI,3,2,12,13,6.05,3,2,6,4,1
7908-QCBCA,4,2,5,18,9.95,5,1,2,1,2
8644-XYTSV,2,1,12,90,6.47,1,3,8,2,2
6711-FLDFB,6,3,7,6,8.77,5,1,2,2,1
3873-WOSBC,2,0,16,16,9.13,1,2,7,3,1
7465-ZZRVX,4,1,8,6,7.92,4,1,6,1,2
7975-JMZNT,1,1,13,8,6.7,2,1,4,2,2
7251-XFOIL,5,1,12,20,6.92,3,1,2,0,1
4116-IQRFR,3,1,12,56,8.72,0,1,7,0,2
3714-JTVOV,12,7,5,36,12.36,4,0,2,3,0
8259-DZLIZ,5,1,17,0,7.3,1,0,8,1,0
0442-ZXKVS,3,2,9,28,11.18,3,2,4,1,2
7853-WNZSY,4,0,14,42,6.18,3,0,7,1,1
3120-FAZKD,3,2,17,15,8.53,1,0,8,1,1
8606-OEGQZ,4,0,10,20,5.96,1,0,6,0,2
0225-ZORZP,3,0,8,19,7.37,2,4,4,1,1
4702-IOQDC,5,3,7,90,12.66,2,1,4,3,0
9489-JMTTN,5,2,9,3,6.02,4,3,6,4,1
0575-CUQOV,1,0,14,42,4.66,1,2,6,3,2
0967-BMLBD,6,2,14,26,3.75,1,2,4,1,0
6178-KFNHS,5,4,9,54,9.91,1,3,4,3,1
2830-LEWOA,3,1,8,20,4.52,2,1,6,3,0
5006-MXVRN,0,1,13,4,11.64,4,2,6,0,0
1264-BYWMS,8,1,6,32,13.33,8,3,4,2,1
9658-WYUFB,3,0,4,37,3.93,4,2,1,2,1
8327-WKMIE,3,0,9,11,10.05,1,0,7,1,0
6917-FIJHC,3,2,6,29,6.26,2,2,6,4,0
5329-KRDTM,5,0,15,16,10.01,1,2,5,1,2
7797-EJMDP,4,1,10,5,9.31,0,2,6,5,1
3530-VWVGU,3,0,11,14,9.86,1,3,6,1,0
2013-SGDXK,6,1,9,25,13.53,4,2,6,3,3
6368-NWMCE,4,1,4,1,5.13,0,3,5,0,0
3633-CDBUW,1,0,11,8,5.27,2,1,7,1,1
0707-HOVVN,2,1,7,90,9.4,2,1,3,1,1
8580-QVLOC,10,6,4,36,9.99,8,5,3,2,0
3956-MGXOG,4,1,6,16,9.5,0,2,6,2,3
9274-UARKJ,3,1,15,18,7.68,1,4,4,0,1
4077-HWUYD,1,1,10,10,9.19,4,3,6,1,0
2012-NWRPA,3,1,6,13,7.32,0,3,4,1,2
8808-ELEHO,5,1,6,2,13.83,4,3,4,3,1
0103-CSITQ,0,0,10,14,11.39,0,1,5,0,1
3506-LCJDC,2,0,12,80,6.22,3,1,4,6,0
8671-KKKOS,2,1,19,59,11.05,2,0,4,0,0
7305-ZWMAJ,3,0,4,1,3.63,0,2,5,2,0
9518-XXBXE,5,2,8,0,9.46,4,1,7,3,4
3934-HXCFZ,6,3,7,59,8.03,1,2,4,1,0
6578-KRMAW,4,0,13,12,8.21,4,3,6,0,2
4860-IJUDE,2,0,6,34,5.35,2,1,5,2,3
7666-WKRON,4,2,4,40,10.7,4,1,4,1,4
9688-YGXVR,4,0,13,19,7.12,2,1,7,2,1
0423-UDIJQ,4,0,10,46,7.92,3,2,5,0,3
1945-XISKS,4,1,8,32,8.21,3,2,7,0,0
4910-AQFFX,2,1,6,90,6.49,2,3,3,3,3
2154-KVJFF,2,0,5,24,11.19,5,2,4,3,2
5360-LJCNJ,4,1,13,33,5.89,2,1,5,0,0
2607-FBDFF,0,0,10,22,4.63,1,2,5,3,1
9647-ERGBE,4,0,4,16,11.28,4,2,1,2,3
3428-XZMAZ,4,2,6,19,8.64,1,2,2,2,0
1100-DDVRV,2,0,3,6,7.71,0,1,4,1,1
0378-TOVMS,8,1,5,26,10.53,4,2,3,0,2
4355-HBJHH,5,3,5,10,9.73,2,1,3,0,3
6728-WYQBC,1,0,11,1,8.16,3,0,2,1,4
9058-CBREO,3,3,4,52,11.08,1,3,5,3,1
9029-FEGVJ,2,0,17,11,6.51,3,1,6,3,0
7216-KAOID,1,0,13,9,8.67,1,0,7,0,2
0318-QUUOB,4,2,4,1,12.22,4,2,4,2,2
6145-NNPNO,2,1,10,77,6.57,3,1,4,1,3
5520-FVEWJ,4,2,4,24,8.66,0,1,3,1,0
5339-TJFEK,3,1,9,6,9.77,1,0,5,2,0
5572-ZDXHY,4,2,6,9,13.25,0,2,4,3,1
2074-GUHPQ,5,0,6,10,9.74,3,2,7,0,0
4625-XMOYM,2,1,6,23,5.72,5,2,7,2,3
5827-MWCZK,1,0,10,4,6.87,1,2,8,1,2
1385-TQOZW,1,0,11,20,5.71,1,2,5,0,1
5914-XRFQB,6,1,7,63,10.42,1,2,3,2,0
4329-YPDDQ,7,2,5,90,9.53,1,1,6,4,2
4804-NCPET,5,0,9,90,6.03,3,2,5,1,1
3750-CKVKH,6,2,7,26,9.05,4,1,1,3,3
5944-UGLLK,10,1,13,6,5.43,4,1,4,2,0
8063-GBATB,3,2,8,16,9.14,4,1,2,1,0
7787-BNTZM,3,1,11,16,8.2,2,1,5,0,1
2252-ISRNH,2,0,8,0,6.84,0,0,4,1,0
9415-TPKRV,8,3,6,40,7.74,4,0,6,2,0
5322-TEUJK,0,0,6,33,8.09,3,1,6,1,1
4547-KQRTM,7,3,7,54,6.07,2,2,3,3,2
4877-EVATK,7,5,5,90,6.49,5,3,1,3,1
1866-DIOQZ,3,1,18,12,6.11,0,1,6,1,2
8375-KVTHK,0,0,13,59,4.19,0,1,6,0,0
2697-NQBPF,2,1,7,7,8.99,0,0,2,1,1
3709-OIJEA,5,0,8,21,7.32,1,0,6,0,1
7639-SUPCW,5,2,6,28,11.33,2,3,2,2,4
1386-ZIKUV,3,0,9,5,8.66,2,4,4,2,3
0599-XNYDO,6,2,7,44,10.35,2,2,4,2,1
6377-WHAOX,2,2,12,55,7.07,2,1,2,1,1
6855-VLGOS,3,1,9,26,7.01,0,0,6,0,1
8999-XXGNS,1,0,5,12,11.95,1,2,5,1,1
8746-OQQRW,6,2,11,85,5.8,0,4,5,3,1
3181-MIZBN,3,1,18,79,8.77,4,4,4,2,1
0471-ARVMX,0,0,11,33,8.44,4,0,7,0,0
7766-CLTIC,2,1,14,31,8.4,1,1,6,1,1
5650-YLIBA,4,1,12,1,10.21,3,1,4,1,2
0825-CPPQH,1,0,5,7,6.82,1,1,7,2,0
9084-OAYKL,3,0,14,7,8.44,1,0,5,1,1
6122-LJADA,6,1,12,9,7.53,3,0,3,1,1
2400-XIWIO,1,0,12,19,5.06,4,3,4,1,0
7524-VRLPL,3,0,10,24,6.54,2,1,5,0,0
1069-XAIEM,3,1,4,17,6.89,1,1,4,5,2
7569-NMZYQ,0,1,14,11,8.82,4,1,4,1,0
5201-USSQZ,4,2,10,25,9.01,5,3,4,1,1
2105-PHWON,1,0,20,6,8.92,1,0,6,2,4
1494-EJZDW,3,0,5,7,4.74,1,0,7,2,0
4884-TVUQF,1,0,4,15,8.1,3,0,6,1,0
8003-EWNDZ,6,1,4,66,8.84,2,1,5,2,2
1897-RCFUM,3,0,13,0,11.29,2,2,6,1,0
9256-JTBNZ,3,0,9,1,7.16,1,1,9,0,1
4658-HCOHW,4,1,7,3,8.83,3,2,4,4,1
2211-RMNHO,4,0,7,57,7.53,1,1,5,1,2
2432-TFSMK,5,0,13,45,10.64,1,2,5,1,0
3440-JPSCL,6,4,3,44,11.63,3,3,5,1,1
4929-ROART,5,4,8,25,9.53,3,2,4,2,0
1834-ABKHQ,2,1,6,6,7.57,3,0,5,2,0
1741-WTPON,2,0,17,7,7.3,3,1,6,0,1
3932-IJWDZ,2,0,6,1,10.84,2,1,6,2,2
1240-HCBOH,1,0,12,0,6.15,1,1,3,1,1
3594-KADLU,4,2,7,38,7.0,4,1,5,1,0
8065-BVEPF,3,1,8,13,4.46,0,2,3,1,0
3796-ENZGF,1,1,11,68,4.02,2,0,10,1,0
1734-ZMNTZ,3,0,17,2,8.97,3,1,6,0,0
2853-CWQFQ,2,2,10,14,4.28,3,0,4,1,2
0813-TAXXS,2,1,16,20,9.7,4,1,9,0,3
2519-TWKFS,3,0,17,21,6.46,4,0,5,1,0
2889-FPWRM,2,0,3,26,10.58,2,1,2,1,2
0626-QXNGV,3,1,12,90,10.13,1,4,7,0,1
6723-CEGQI,3,0,14,7,5.6,3,0,10,0,0
6987-XQSJT,7,2,3,16,11.08,2,4,3,3,1
4732-RRJZC,3,1,5,28,5.38,1,1,5,1,1
9499-XPZXM,4,1,3,17,6.57,3,0,3,0,1
4338-EYCER,3,1,13,90,7.08,0,1,9,2,1
3007-FDPEA,4,0,9,28,8.05,3,2,5,1,0
6350-XFYGW,3,2,2,4,9.92,4,4,3,1,2
4290-BSXUX,2,0,4,4,12.87,4,3,5,1,3
8513-OLYGY,0,1,10,64,6.57,3,2,4,0,0
0311-QYWSS,2,0,7,13,11.12,3,3,6,1,2
8705-DWKTI,2,0,21,28,7.97,5,1,2,1,2
8755-IWJHN,2,2,7,8,9.45,3,0,6,0,0
0325-XBFAC,5,1,3,8,11.42,1,3,3,0,2
4480-QQRHC,4,2,6,9,7.25,2,2,6,0,0
0929-PECLO,4,1,12,0,8.04,1,5,3,2,0
3680-CTHUH,2,0,12,37,4.84,2,4,5,2,0
1202-KKGFU,7,2,11,21,7.55,6,4,4,0,0
6112-KTHFQ,4,0,9,8,7.29,0,1,4,3,0
1852-XEMDW,4,1,6,9,7.81,2,1,7,2,1
2462-XIIJB,7,2,5,31,9.61,4,2,5,4,0
4760-XOHVN,8,4,3,32,13.41,3,1,0,5,3
1820-DJFPH,1,0,12,10,2.99,0,2,8,2,1
9426-SXNHE,4,0,5,26,5.53,4,1,7,2,1
9068-FHQHD,0,0,13,5,4.59,2,0,9,0,0
1269-FOYWN,0,0,18,90,5.51,1,0,4,2,0
9470-YFUYI,3,0,6,22,5.02,1,0,8,1,0
7817-BOQPW,6,3,5,48,7.56,4,6,3,2,0
7402-EYFXX,5,5,7,34,6.93,5,2,4,0,0
1853-UDXBW,6,1,3,25,7.0,2,0,6,0,0
9895-VFOXH,5,1,9,7,8.15,4,2,5,0,1
5458-CQJTA,6,4,2,12,10.47,3,0,3,0,1
1230-QAJDW,3,2,8,4,5.18,2,1,3,2,0
5701-ZIKJE,2,0,16,13,9.4,0,3,2,4,2
5219-YIPTK,5,3,6,84,7.21,5,5,3,1,5
5032-MIYKT,5,1,10,36,6.9,7,0,8,1,1
7396-VJUZB,4,1,8,21,7.78,2,1,7,2,1
9717-QEBGU,4,1,9,23,8.4,0,4,6,2,2
5172-RKOCB,3,0,8,14,4.05,3,2,3,2,0
6509-TSGWN,1,0,16,9,7.99,0,1,7,1,1
3540-RZJYU,6,1,1,86,9.84,4,1,5,2,2
3178-CIFOT,5,1,8,62,11.21,2,0,6,1,1
2091-MJTFX,2,1,4,35,11.04,2,3,0,1,0
4530-NDRKU,1,1,18,33,10.36,4,2,8,2,0
5985-TBABQ,1,0,14,24,5.24,2,1,6,1,0
9800-ONTFE,3,1,9,21,4.34,3,0,3,1,0
6743-HHQPF,2,0,13,15,10.25,0,1,8,1,2
8455-HIRAQ,2,2,11,4,8.08,2,1,5,1,1
6616-AALSR,3,1,15,37,10.49,1,1,7,3,0
0883-EIBTI,5,0,3,41,12.04,1,2,2,5,2
9415-ZNBSX,3,1,16,15,8.96,3,0,5,0,1
4018-KJYUY,4,1,11,27,8.84,1,2,6,4,1
0722-TROQR,8,2,8,24,8.19,3,1,1,3,2
7571-YXDAD,3,1,9,41,7.94,5,4,6,0,0
3884-UEBXB,1,0,13,1,3.43,1,2,5,0,1
8780-RSYYU,7,1,10,12,7.2,7,2,5,3,0
5537-UXXVS,2,1,12,1,8.02,3,2,5,2,3
1791-PQHBB,6,1,7,16,8.35,2,1,5,0,2
8701-DGLVH,3,0,10,13,6.71,1,2,5,1,2
8741-LQOBK,4,0,11,0,1.97,0,1,6,1,0
3393-FMZPV,8,3,0,7,10.29,2,3,6,2,0
8082-GHXOP,4,0,11,90,11.01,2,1,6,3,0
6402-ZFPPI,5,0,6,27,8.32,6,2,2,1,3
0980-FEXWF,4,0,12,31,4.47,1,0,4,0,0
7486-KSRVI,3,3,4,20,6.77,3,5,1,2,2
3011-WQKSZ,4,0,9,45,6.78,3,1,6,2,2
8443-WVPSS,4,0,6,7,9.18,1,1,2,2,1
3006-XIMLN,4,2,6,17,10.24,2,4,4,0,0
8218-FFJDS,2,0,14,46,7.97,0,1,6,0,1
1986-PHGZF,5,0,9,24,6.56,2,1,5,0,1
9965-YOKZB,6,4,9,77,8.88,1,4,3,0,4
0504-HHAPI,4,2,8,23,6.59,3,1,2,2,0
9360-OMDZZ,7,2,12,19,8.96,3,3,4,2,0
6305-YLBMM,2,1,7,31,9.01,2,4,4,7,2
0345-XMMUG,4,2,8,21,6.54,2,1,4,1,1
8024-XNAFQ,1,0,17,4,9.34,0,1,5,2,1
3647-GMGDH,4,3,3,49,10.01,3,2,2,7,1
2988-GBIVW,3,0,7,14,11.33,3,2,7,0,2
2832-SCUCO,2,0,11,26,9.12,2,2,2,2,0
7036-ZZKBD,3,0,10,34,7.26,4,1,6,2,0
3791-LGQCY,4,2,5,0,7.65,3,5,6,3,1
0265-PSUAE,2,1,8,8,7.73,1,1,2,0,0
0463-TXOAK,4,1,10,2,8.71,4,1,7,1,2
0594-UFTUL,1,0,12,7,4.82,3,1,4,1,2
9509-MPYOD,1,1,10,48,6.11,1,1,7,1,1
9128-CPXKI,3,2,8,1,6.24,3,2,3,0,1
0129-KPTWJ,1,0,13,4,7.03,2,2,6,2,0
8166-ZZTFS,2,0,6,31,10.65,2,3,2,3,2
5855-EIBDE,3,1,14,13,7.78,3,0,4,2,1
5365-LLFYV,6,2,4,0,8.44,1,2,5,2,1
5956-YHHRX,9,1,14,1,5.21,2,2,4,0,0
6008-NAIXK,1,0,7,17,7.88,0,1,3,1,1
2956-GGUCQ,5,2,11,25,11.91,2,2,1,3,2
1928-BXYIV,7,3,10,3,7.78,1,1,7,1,0
5760-FXFVO,3,0,9,22,6.63,3,2,4,1,2
6595-COKXZ,6,3,6,48,11.52,4,3,4,2,2
0961-ZWLVI,0,1,12,1,9.88,2,3,4,2,2
5181-OABFK,3,0,8,15,7.4,0,1,7,0,0
4007-NHVHI,2,0,12,20,6.89,0,0,5,1,3
7816-VGHTO,1,0,14,38,5.37,0,0,7,4,3
5871-DGTXZ,3,1,8,25,8.0,4,1,6,0,0
7550-WIQVA,3,1,14,34,5.01,1,0,4,0,0
7544-ZVIKX,4,2,9,37,4.1,2,2,5,3,0
0016-QLJIS,3,1,17,47,7.14,2,3,6,0,1
7508-DQAKK,2,0,11,1,11.0,3,2,6,2,0
5176-OLSKT,3,1,13,77,9.78,2,2,6,6,3
9356-AXGMP,2,0,18,7,8.23,2,2,4,0,2
3556-BVQGL,1,0,17,7,3.19,1,0,8,0,2
0362-ZBZWJ,5,4,4,6,5.0,5,2,1,0,0
8979-CAMGB,3,0,12,4,5.91,0,2,6,0,0
4211-MMAZN,8,4,5,24,13.37,3,4,3,2,0
7581-EBBOU,1,0,11,8,5.24,0,0,5,1,1
4274-OWWYO,8,3,3,0,11.63,3,2,3,2,0
5073-RZGBK,2,1,5,0,7.84,3,4,4,0,0
1541-ETJZO,6,3,11,13,8.77,1,1,3,2,1
2192-CKRLV,6,4,12,12,6.23,2,0,5,2,0
3154-HMWUU,1,1,15,10,3.13,1,2,8,4,1
6119-SPUDB,3,1,14,7,8.16,4,1,5,0,2
6522-OIQSX,1,1,17,5,5.53,2,1,8,0,0
7813-ZGGAW,0,1,9,28,9.62,0,1,5,2,1
8748-HFWBO,2,0,14,4,6.62,2,1,5,2,1
1052-QJIBV,2,0,10,10,7.53,0,3,7,0,0
1319-YLZJG,3,2,15,56,2.82,0,0,8,2,0
4106-HADHQ,5,4,6,35,10.37,1,4,3,1,2
0723-FDLAY,2,0,16,30,8.14,0,1,6,2,3
3050-RLLXC,4,0,12,16,9.18,1,2,7,1,0
9298-WGMRW,3,0,18,26,6.07,1,0,5,2,1
2369-UAPKZ,2,0,4,56,10.46,2,4,3,2,0
3088-LHEFH,2,1,6,13,8.75,1,0,4,0,1
2778-OCLGR,6,2,5,7,7.32,5,2,5,0,0
6583-KQJLK,4,1,11,5,6.95,3,2,7,2,1
8544-JNBOX,1,0,7,4,4.57,1,0,5,1,2
6681-ZSEXG,4,1,11,0,4.82,1,1,5,2,4
6139-ZZRBQ,2,1,12,36,6.26,4,2,5,2,0
6116-RFVHN,1,1,11,3,6.81,0,2,7,1,0
0637-KVDLV,3,1,5,13,9.9,4,4,3,3,2
8884-FEEWR,0,0,17,17,7.77,4,0,7,2,0
3125-RAHBV,2,0,11,17,7.84,1,2,8,1,2
6633-MPWBS,6,4,6,48,11.38,4,1,0,2,2
0373-AIVNJ,5,2,10,11,7.17,2,2,5,3,0
8785-EPNCG,4,1,5,5,8.86,2,1,1,4,0
1682-VCOIO,4,0,6,4,5.0,2,3,8,1,0
5729-KLZAR,2,1,7,11,11.26,3,4,1,6,1
2072-ZVJJX,6,2,7,11,9.88,3,3,2,1,2
8849-AYPTR,3,1,10,13,10.3,3,1,8,4,0
9518-IMLHK,5,0,6,11,8.32,0,4,4,0,0
1582-RAFML,5,4,3,8,8.98,8,6,1,1,0
3646-ITDGM,2,0,16,21,4.38,1,1,4,0,0
8740-CRYFY,9,4,7,2,7.22,5,2,4,1,0
3569-VLDHH,1,0,6,14,3.42,3,0,6,1,0
8224-KDLKN,4,0,9,32,10.44,1,2,5,6,1
7594-LZNWR,2,0,13,32,8.89,3,1,4,3,1
4001-TSBTV,6,2,5,2,13.34,2,2,7,1,0
2962-XPMCQ,4,3,4,23,9.69,1,0,3,4,5
8727-XDPUD,1,0,11,24,7.45,1,2,5,0,1
1043-UXOVO,1,1,8,0,7.51,2,1,4,0,1
1064-FBXNK,1,0,12,11,9.03,4,1,3,2,0
3996-ZNWYK,3,0,11,17,5.0,1,0,10,1,2
2878-DHMIN,8,3,4,18,8.07,1,1,2,2,0
7762-ONLJY,1,0,8,44,8.92,0,0,4,2,0
1678-FYZOW,6,4,4,10,12.97,4,6,3,2,2
5795-BKOYE,0,0,9,19,5.0,3,1,8,1,0
8627-EHGIP,7,2,4,90,10.25,4,0,2,1,1
7402-PWYJJ,1,0,12,10,7.66,1,0,5,2,0
5480-TBGPH,2,1,7,52,9.36,1,4,4,0,1
0018-NYROU,3,1,10,5,9.81,5,4,5,0,0
7501-VTYLJ,3,0,8,71,11.62,2,1,8,1,0
7608-RGIRO,2,0,9,8,7.74,0,2,7,4,0
0480-BIXDE,3,2,8,4,6.59,0,2,8,0,0
5895-QSXOD,2,0,15,53,4.96,1,0,6,1,1
9814-AOUDH,7,3,9,38,7.56,1,0,6,2,0
6175-IRFIT,5,1,12,1,9.46,3,1,3,2,0
8760-ZRHKE,1,0,13,10,7.09,2,0,6,3,0
1622-HSHSF,5,1,8,38,8.28,2,3,4,2,0
8854-CCVSQ,3,0,6,0,13.76,3,0,3,1,1
6749-UTDVX,2,0,11,53,8.13,3,0,6,2,0
5542-DHSXL,3,1,4,10,7.84,4,1,6,0,0
9102-OXKFY,0,0,11,11,5.36,3,1,5,2,2
0511-JTEOY,3,1,6,26,11.53,3,0,2,2,3
5216-WASFJ,2,1,9,26,8.47,0,0,4,0,0
7808-DVWEP,5,1,12,10,7.78,4,1,5,0,1
7067-KSAZT,7,3,2,3,7.4,4,1,4,2,2
2284-VFLKH,4,2,18,25,7.28,1,2,5,1,0
0366-NQSHS,3,1,9,2,9.42,0,1,5,2,2
6532-YLWSI,6,2,7,7,6.82,3,1,2,4,1
3807-BPOMJ,4,0,16,27,8.03,3,2,4,2,2
3892-NXAZG,4,1,15,2,9.9,4,1,7,1,4
4948-WBBKL,8,1,16,4,6.48,1,1,5,3,1
4182-BGSIQ,2,1,12,27,9.6,3,1,8,1,1
9300-AGZNL,5,0,6,89,9.98,6,1,4,2,4
0988-AADSA,2,1,12,23,7.48,1,1,5,1,0
9972-NKTFD,4,2,10,23,9.59,4,2,7,0,0
3717-LNXKW,4,1,12,90,6.94,1,3,5,1,1
5734-EJKXG,2,0,18,64,4.74,1,0,4,1,0
2207-RYYRL,4,0,16,15,5.86,3,1,6,1,2
6729-FZWSY,3,0,8,46,8.67,2,2,5,1,3
9695-IDRZR,3,2,11,25,7.84,1,1,5,0,2
8144-DGHXP,1,0,13,2,7.63,0,0,5,2,2
7814-LEEVE,1,0,12,4,6.21,1,0,2,1,1
1112-CUNAO,5,1,3,9,10.87,4,1,3,1,2
5175-AOBHI,1,1,5,1,9.65,3,4,2,1,0
5174-RNGBH,6,2,6,5,12.93,9,2,2,1,2
8631-WUXGY,3,0,10,2,9.8,2,0,6,1,2
7270-BDIOA,6,1,2,90,10.95,1,1,7,0,1
9565-JSNFM,4,3,8,90,9.32,2,3,3,1,3
5906-DVAPM,5,1,7,11,7.3,2,2,5,3,2
6654-QGBZZ,2,0,11,18,7.2,0,3,7,1,0
8348-JLBUG,3,1,7,83,8.29,2,1,6,2,3
0607-DAAHE,5,3,5,43,11.66,2,0,3,1,0
5641-DMBFJ,2,0,11,6,4.1,0,1,6,1,2
9200-NLNPD,1,1,14,12,5.71,0,0,6,0,1
2664-XJZNO,3,0,10,13,10.52,3,1,4,4,1
9732-KPKBW,8,5,4,72,8.73,2,4,4,1,1
3339-EAQNV,3,2,10,20,6.11,3,1,5,1,2
0921-OHLVP,2,0,15,7,9.96,0,2,5,1,0
3389-YGYAI,6,2,4,77,10.91,2,0,3,0,1
9560-ARGQJ,3,0,4,90,10.35,3,1,4,1,5
8350-NYMVI,6,1,9,36,9.41,2,2,4,0,1
1600-DILPE,3,0,10,6,6.14,3,1,8,1,0
0536-ESJEP,2,1,15,7,6.46,2,1,5,1,1
4654-GGUII,2,0,24,0,6.41,0,1,7,0,0
6478-HRRCZ,5,1,12,2,5.95,0,0,9,1,0
8510-BBWMU,4,0,11,9,6.04,4,1,6,0,0
6857-TKDJV,2,0,17,40,4.44,2,1,5,0,2
2360-RDGRO,4,1,12,68,6.61,0,1,6,0,0
0584-BJQGZ,4,2,17,11,5.71,1,1,4,2,1
5134-IKDAY,5,1,4,1,6.14,3,1,6,0,1
1360-XFJMR,6,0,6,67,9.12,5,2,5,5,0
3070-DVEYC,5,0,8,22,10.45,2,2,3,2,3
5730-RIITO,3,1,5,29,10.74,0,0,5,0,2
9058-MJLZC,5,1,11,41,5.0,1,0,5,1,1
5707-ORNDZ,6,1,8,1,7.81,4,2,3,2,0
0902-XKXPN,3,0,15,47,8.29,1,2,6,0,1
5177-RVZNU,1,0,17,33,4.7,2,1,6,1,0
0056-EPFBG,2,0,4,4,7.57,2,0,6,0,1
8993-IZEUX,4,2,19,72,7.89,4,2,4,1,5
8696-JKZNU,6,3,8,90,12.99,4,3,8,1,0
5380-AFSSK,2,0,8,11,9.76,1,2,3,5,0
8190-ZTQFB,3,1,13,11,7.25,5,2,7,1,0
0931-MHTEM,3,0,11,7,7.64,1,1,4,2,0
2055-PDADH,3,0,4,8,8.19,2,5,3,3,1
7515-LODFU,1,0,20,9,7.12,5,1,4,3,1
0440-UEDAI,7,2,9,28,4.26,2,2,9,1,2
1337-BOZWO,4,0,8,23,8.4,4,0,6,3,0
0868-VJRDR,2,0,8,20,9.32,1,3,4,1,0
8714-EUHJO,5,1,4,44,8.15,3,2,1,3,1
6344-SFJVH,4,1,14,0,6.81,4,0,6,2,0
3950-VPYJB,2,0,12,19,7.1,1,2,7,1,1
8041-TMEID,2,1,5,20,4.56,2,2,7,1,3
7321-ZNSLA,3,0,13,6,7.48,2,0,6,0,0
6941-KXRRV,3,1,16,25,5.38,5,1,6,1,0
3721-CNEYS,3,3,6,20,6.55,2,3,4,1,1
8727-JQFHV,3,0,11,43,7.44,1,1,4,0,0
9475-NNDGC,3,1,11,8,8.06,2,0,8,2,1
1355-KUSBG,2,0,16,28,9.75,2,4,2,0,0
3688-FTHLT,4,1,14,9,8.13,1,1,6,0,0
0899-LIIBW,4,2,17,0,6.56,1,1,4,1,0
2568-OIADY,4,3,1,45,13.65,2,0,3,1,2
1384-RCUXW,3,1,8,4,8.12,1,3,6,0,0
5825-XJOCM,1,0,9,5,4.63,3,3,8,1,2
6848-YLDFR,3,1,17,7,9.09,2,3,6,2,0
8125-QPFJD,2,1,16,23,6.88,1,1,6,2,1
2320-YKQBO,1,1,15,31,11.15,3,1,5,3,1
1193-RTSLK,3,2,4,90,12.94,2,4,1,1,4
2302-ANTDP,6,1,8,0,9.1,4,2,2,1,2
5923-GXUOC,6,2,5,10,7.5,8,3,4,4,0
4973-RLZVI,4,2,10,7,6.48,3,0,6,2,1
7869-ZYDST,1,0,10,55,3.24,4,1,5,1,1
4501-UYKBC,2,0,10,16,6.72,1,0,6,1,0
1215-EXRMO,4,1,12,9,8.77,0,0,8,1,0
2305-MRGLV,3,2,11,41,8.08,3,2,6,1,0
8404-VIOMB,2,1,10,0,7.65,1,2,7,2,1
5233-GEEAX,4,0,6,3,11.44,5,3,1,3,3
2359-KLTEK,2,1,9,41,11.05,0,2,4,5,1
5304-EFJLP,5,2,11,10,7.57,1,4,8,1,0
2673-ZALNP,4,0,13,6,6.95,3,0,6,2,1
9184-GALIL,1,0,14,90,7.19,2,1,2,0,2
4393-RYCRE,1,0,13,44,10.75,1,0,5,1,0
9746-MDMBK,3,0,8,48,6.8,4,1,6,1,2
3162-ZJZFU,2,0,7,78,11.97,0,3,4,2,0
8404-GFGCZ,0,0,14,17,6.53,0,1,6,1,0
8875-AKBYH,3,1,14,90,6.05,2,2,9,1,2
4432-ADRLB,12,3,10,90,10.7,2,2,1,1,4
0533-UCAAU,2,0,10,49,7.23,1,0,4,0,0
1394-SUIUH,2,1,11,47,4.79,5,3,4,1,1
3521-MNKLV,2,0,12,26,9.34,3,0,3,1,1
2533-TIBIX,3,1,5,19,4.58,5,0,5,3,1
8993-PHFWD,6,1,8,25,13.53,3,3,4,4,1
1565-RHDJD,2,0,9,35,7.04,5,4,3,3,8
7137-RYLPP,6,2,8,84,10.41,4,2,3,3,0
3765-JXVKY,8,3,7,54,11.0,1,2,3,2,0
5092-STPKP,0,0,11,29,9.58,2,1,5,1,0
7330-WZLNC,4,0,7,67,7.05,6,4,2,4,2
0114-PEGZZ,7,2,6,57,9.95,4,4,4,3,1
3359-DSRKA,4,0,10,51,5.56,2,4,7,0,1
8639-NHQEI,4,0,12,34,8.2,2,0,6,3,1
7161-DFHUF,2,0,17,9,2.63,1,1,5,2,2
3957-LXOLK,1,0,7,39,10.95,3,3,3,3,3
3720-DBRWL,4,1,12,4,9.65,3,2,3,0,1
6635-MYYYZ,6,4,3,64,9.21,6,1,0,3,1
8565-WUXZU,1,0,12,17,7.86,3,4,5,1,1
5281-BUZGT,2,1,7,37,11.16,1,0,4,0,2
4994-OBRSZ,1,0,16,43,7.35,2,1,7,0,2
0562-FGDCR,3,0,10,30,4.42,4,4,1,0,1
2436-QBZFP,2,0,7,56,5.47,2,1,9,2,2
3420-YJLQT,3,0,5,19,6.55,2,0,5,0,1
6040-CGACY,1,0,12,5,7.88,2,1,5,3,0
6582-PLFUU,0,0,14,13,6.29,1,0,5,1,0
8242-PDSGJ,5,2,14,27,7.71,0,2,6,0,0
0264-CNITK,2,0,10,34,8.85,0,0,4,0,0
0089-IIQKO,1,1,10,23,7.52,3,1,2,1,1
7839-NUIAA,1,0,12,18,5.59,5,2,8,0,0
6075-QMNRR,2,0,12,36,7.84,1,1,6,2,1
5378-IKEEG,6,3,6,7,12.28,4,1,2,0,2
5966-EMAZU,1,0,10,63,8.47,4,1,5,1,2
0440-EKDCF,2,1,16,46,6.72,2,1,8,2,4
4774-HHGGS,2,0,11,4,6.99,1,1,7,1,1
2718-GAXQD,10,5,7,9,8.98,2,2,4,6,1
2055-BFOCC,1,0,10,7,8.28,1,2,4,1,1
8180-AKMJV,2,0,9,4,3.84,2,0,4,0,2
4298-OYIFC,2,1,13,3,7.91,1,2,5,2,2
5566-SOEZD,6,2,10,23,7.95,5,1,5,3,0
9842-EFSYY,0,0,10,71,9.78,5,0,8,4,1
2272-WUSPA,3,0,20,19,4.48,3,2,5,1,1
4584-LBNMK,1,0,13,12,4.58,0,2,6,1,0
3898-GUYTS,3,1,15,3,8.97,5,3,6,4,2
0930-EHUZA,4,2,14,12,8.89,1,0,7,0,0
6413-XKKPU,10,5,2,7,9.64,1,2,5,1,3
9975-SKRNR,3,0,10,0,6.78,4,1,10,0,3
3703-KBKZP,5,0,5,20,6.66,2,1,6,0,2
1449-XQEMT,5,2,7,33,9.93,1,5,0,2,0
2626-URJFX,6,2,7,90,7.96,2,0,4,1,1
4973-MGTON,1,1,15,15,3.95,0,1,8,0,1
3682-YEUWS,4,1,7,16,8.7,5,3,4,1,1
1223-UNPKS,6,3,9,39,6.4,2,1,5,1,1
2612-RRIDN,3,2,8,54,11.28,3,3,2,3,2
4735-ASGMA,2,1,8,37,9.79,4,2,5,1,1
3446-QDSZF,2,1,13,12,9.66,1,1,7,0,3
3669-LVWZB,2,1,6,6,7.74,1,3,3,4,2
6892-EZDTG,8,3,7,76,11.53,2,1,4,2,2
5117-IFGPS,2,1,8,10,7.83,0,1,4,1,1
7379-FNIUJ,5,1,15,13,5.2,4,1,2,2,2
1627-AFWVJ,1,1,17,4,4.8,0,1,8,0,0
9725-SCPZG,6,3,6,84,8.56,7,1,1,1,1
5884-GCYMI,3,1,5,10,10.74,5,4,1,2,0
3217-FZDMN,3,0,2,7,8.0,2,5,3,1,2
4486-EFAEB,2,0,14,61,4.34,2,0,5,2,1
0060-FUALY,4,1,11,6,7.46,3,3,1,0,1
7853-GVUDZ,0,0,7,17,11.68,4,1,3,4,2
7480-QNVZJ,4,0,6,42,10.14,3,2,2,1,2
6954-OOYZZ,6,1,9,90,7.39,3,1,6,1,0
7088-FBAWU,4,1,12,35,8.96,1,3,7,1,3
8313-AFGBW,3,2,8,26,5.13,1,1,7,4,0
3943-KDREE,6,3,5,46,13.45,2,0,2,2,2
9239-ZBZZV,9,3,7,17,13.22,4,2,4,3,3
3097-IDVPU,0,1,8,14,6.51,1,0,7,2,3
4398-HSCJH,5,2,7,6,10.02,3,5,3,4,2
2197-OMWGI,2,2,13,64,6.95,1,0,5,1,1
2303-PJYHN,7,4,8,44,6.82,2,2,3,1,1
9795-VOWON,1,0,12,64,8.98,2,1,4,1,0
1237-WIYYZ,4,1,11,13,3.98,1,2,6,0,0
1987-AUELQ,2,1,11,24,6.74,2,1,6,3,2
7852-LECYP,1,0,12,3,7.67,1,0,6,1,3
4430-UZIPO,3,1,4,2,12.94,4,2,5,4,0
4822-LPTYJ,1,0,7,48,9.66,1,0,5,3,1
8165-CBKXO,3,0,6,4,5.69,3,1,4,1,2
6527-PZFPV,0,0,12,43,5.88,3,4,6,1,1
4855-SNKMY,3,2,8,6,9.05,0,2,4,1,0
9593-CVZKR,5,0,12,0,9.51,5,0,5,0,1
8595-SIZNC,5,1,16,32,8.39,1,2,3,3,2
8008-HAWED,6,2,6,46,15.55,0,3,5,5,5
7124-UGSUR,3,1,5,10,10.96,1,3,2,2,2
1862-SKORY,5,3,5,0,13.27,0,3,5,5,2
5236-XMZJY,1,1,10,30,6.59,3,0,7,1,3
4827-DPADN,4,1,12,2,5.53,1,0,5,2,0
2694-CIUMO,5,2,13,3,12.9,3,2,4,0,1
5846-ABOBJ,1,1,10,53,4.46,3,0,6,0,0
1439-LCGVL,2,0,4,25,7.44,4,2,2,1,0
0909-SDHNU,3,1,10,26,8.3,1,2,7,1,2
4647-XXZAM,0,0,8,9,5.68,1,1,6,4,5
1502-XFCVR,5,1,5,13,10.54,5,0,4,7,2
7740-KKCXF,4,2,12,59,6.9,2,2,3,0,1
5360-XGYAZ,1,0,20,8,4.86,1,0,9,0,2
9692-TUSXH,3,1,8,11,7.3,3,2,2,1,1
7912-SYRQT,11,2,6,20,10.77,5,3,3,3,2
3557-HTYWR,2,1,14,1,5.31,3,1,6,1,0
4816-JBHOV,4,3,8,30,8.84,3,3,2,2,3
8920-NAVAY,3,2,9,11,5.79,1,1,4,1,3
1699-TLDLZ,3,1,15,90,5.12,0,1,8,1,1
5600-PDUJF,2,1,10,5,7.24,0,1,7,2,3
8292-TYSPY,3,0,1,28,7.32,1,1,4,1,3
0567-XRHCU,4,0,16,13,5.97,0,1,4,1,0
1867-BDVFH,2,0,6,37,11.02,3,3,2,3,4
2067-QYTCF,0,0,2,22,9.25,1,4,5,1,3
2359-QWQUL,2,2,3,0,8.7,1,4,4,2,0
9103-TCIHJ,3,2,5,14,8.27,2,2,4,2,3
7407-SUJIZ,3,0,6,42,10.17,3,3,3,2,1
9150-KPBJQ,3,0,8,8,7.61,2,2,6,0,1
0052-DCKON,3,0,10,15,8.46,2,1,8,1,1
3654-ARMGP,5,1,20,90,9.91,3,0,6,5,1
9699-UBQFS,4,2,11,14,9.59,2,1,7,3,1
9367-TCUYN,2,1,9,3,8.68,2,1,4,0,0
1261-FWTTE,0,1,5,3,4.92,0,1,5,3,1
3528-HFRIQ,1,0,7,8,6.55,1,3,5,1,1
0708-SJDIS,4,1,9,11,4.63,0,1,2,2,0
4140-WJAWW,3,3,4,40,12.49,2,3,7,3,0
2073-QBVBI,1,0,18,11,6.11,3,1,6,3,2
6928-ONTRW,3,0,15,1,4.81,1,3,8,0,0
3320-VEOYC,9,2,15,18,9.19,0,2,6,3,1
5231-FIQPA,1,0,11,5,7.93,2,2,4,3,0
6617-WLBQC,2,0,11,18,8.94,1,1,4,0,0
2599-CIPQE,3,1,16,27,7.08,4,1,6,0,2
6653-CBBOM,8,4,6,15,12.23,2,2,8,1,1
8774-GSBUN,3,0,9,9,6.06,2,0,6,1,1
7326-RIGQZ,2,0,14,31,3.82,3,1,4,0,2
1401-FTHFQ,9,1,10,14,6.31,3,1,4,1,2
3247-ZVOUO,7,4,10,51,9.01,3,1,5,2,2
0254-FNMCI,1,0,14,10,9.17,2,2,4,0,3
1848-LBZHY,2,0,18,5,8.56,2,1,5,0,2
6101-IMRMM,7,3,9,37,8.38,5,3,3,3,0
8118-TJAFG,3,1,12,1,4.19,3,3,8,3,4
5429-LWCMV,5,0,13,63,12.58,7,1,4,1,1
7298-IZWLY,5,2,13,70,8.07,2,2,7,0,0
9758-MFWGD,3,1,6,7,3.59,2,1,6,1,0
3955-JBZZM,2,0,12,8,4.12,4,1,5,2,2
1268-ASBGA,8,4,7,54,10.36,0,2,3,0,2
8943-URTMR,5,0,5,90,8.82,2,2,4,3,3
4815-TUMEQ,3,0,7,2,8.86,3,0,2,1,2
4713-LZDRV,7,3,5,84,8.84,2,3,2,2,1
9909-IDLEK,3,0,8,5,7.77,1,2,3,0,2
4092-OFQZS,1,0,12,55,5.57,2,1,7,0,0
1561-BWHIN,2,0,14,5,7.13,1,1,4,1,2
4325-NFSKC,8,3,10,18,9.96,3,2,2,1,0
9927-DSWDF,1,1,8,5,9.74,2,0,6,1,0
9500-LTVBP,4,1,10,90,9.08,5,2,1,4,0
7252-NTGSS,2,2,12,4,8.32,2,2,2,2,0
8149-AIQCG,4,1,18,18,8.82,0,1,7,0,0
1360-JYXKQ,4,1,10,9,10.32,3,1,4,1,2
2955-PSXOE,4,1,5,4,7.25,6,2,1,3,1
7762-URZQH,2,0,4,81,8.53,1,0,4,2,2
0899-WZRSD,5,0,7,2,8.27,1,2,5,2,1
3255-GRXMG,7,0,10,23,8.18,2,0,7,1,0
4828-FAZPK,3,1,14,24,6.36,2,3,6,2,0
6094-ZIVKX,1,0,9,24,3.12,1,0,4,4,1
6925-BAYGL,1,0,13,14,6.62,1,0,5,0,0
3262-EIDHV,5,2,8,0,7.61,1,0,7,1,2
7354-OIJLX,3,0,11,11,10.87,1,1,6,4,2
1376-HHBDV,1,1,20,3,7.71,1,0,7,1,1
6907-NZZIJ,5,3,7,86,9.92,2,4,2,2,2
6133-OZILE,5,1,16,35,5.78,2,1,7,1,1
4135-FRWKJ,4,0,12,36,7.82,4,1,8,1,2
2911-UREFD,5,5,4,63,8.84,2,9,5,3,3
3744-ZRRDZ,5,3,6,39,11.03,6,2,4,1,1
5673-TIYIB,8,5,8,24,10.78,4,3,3,1,1
6551-ZCOTS,5,0,15,35,10.29,0,3,7,3,2
7191-ADRGF,2,0,14,8,6.6,2,0,4,0,1
5018-LXQQG,3,0,12,11,9.13,2,0,5,4,0
6892-BOGQE,3,0,14,0,3.91,2,0,5,0,0
1602-IJQQE,0,0,10,66,10.62,1,1,2,4,1
4628-WQCQQ,3,2,4,9,11.33,3,1,4,4,0
1746-TGTWV,4,1,9,12,8.21,5,2,1,3,0
5995-SNNEW,3,2,12,2,8.85,3,0,2,2,1
8050-WYBND,0,0,9,6,6.71,2,1,5,1,2
2821-WARNZ,3,3,11,5,11.02,1,1,1,2,3
4879-GZLFH,3,0,8,11,4.81,1,0,5,2,0
1644-IRKSF,5,4,6,16,12.41,4,0,2,1,3
8314-HTWVE,3,1,9,66,8.11,2,1,6,1,1
9402-ROUMJ,3,0,8,7,6.77,2,2,5,4,1
2507-QZPQS,4,2,15,12,8.91,4,2,5,1,1
7159-NOKYQ,4,1,10,40,7.85,3,1,4,0,1
5707-ZMDJP,4,0,9,28,4.77,3,1,8,0,1
8779-YIQQA,1,0,8,51,9.38,2,2,6,1,2
7136-IHZJA,1,1,10,6,7.88,2,2,7,2,0
8966-OIQHG,7,6,5,15,6.01,3,3,5,3,1
7074-STDCN,8,3,7,7,11.47,2,2,4,0,0
3705-PSNGL,3,0,2,9,11.0,2,1,2,2,3
8739-QOTTN,2,0,8,6,8.14,2,2,8,0,1
1399-OUPJN,3,0,15,6,8.41,0,0,9,0,1
0277-BKSQP,1,0,10,54,8.82,3,0,5,1,2
6502-HCJTI,0,0,4,90,11.65,4,1,1,2,2
2606-RMDHZ,2,1,2,6,11.51,4,3,3,2,3
5774-XZTQC,4,2,15,6,5.94,2,0,6,0,0
2676-SSLTO,4,3,11,9,6.78,5,0,7,1,1
6266-QHOJZ,6,1,13,6,6.89,5,2,3,2,1
7269-JISCY,2,0,17,4,9.74,1,1,6,0,1
0363-SVHYR,4,1,11,90,4.61,0,2,10,0,3
8547-NSBBO,2,0,10,75,9.54,0,1,2,0,0
8258-GSTJK,4,1,6,36,12.63,1,5,4,3,3
6861-OKBCE,4,0,8,23,7.4,4,2,4,6,2
9940-RHLFB,4,0,8,7,10.02,5,1,1,2,0
6591-QGOYB,7,3,13,57,11.06,1,1,5,1,0
9070-BCKQP,4,1,8,18,7.11,3,2,5,0,1
6421-SZVEM,3,1,19,9,7.71,4,2,6,2,1
1328-EUZHC,3,0,13,29,6.81,3,3,5,0,0
2995-UPRYS,2,1,8,3,7.93,3,5,4,3,3
8878-RYUKI,4,1,13,21,7.41,4,1,5,0,0
9633-DENPU,2,1,8,14,6.07,2,0,5,2,1
7811-JIVPF,2,0,11,12,4.44,3,0,5,2,1
7113-HIPFI,3,1,11,14,10.24,0,2,5,2,1
8541-QVFKM,0,1,7,51,8.99,1,5,4,0,1
6686-YPGHK,7,2,9,5,9.12,5,2,3,3,0
1383-EZRWL,4,0,3,90,8.93,0,3,1,2,3
9258-CNWAC,5,1,12,19,6.86,1,1,4,1,1
5371-VYLSX,4,3,4,54,7.28,2,2,2,2,0
6374-AFWOX,2,0,6,0,6.64,1,2,7,4,0
4759-TRPLW,6,1,7,34,8.12,3,4,4,5,2
5317-FLPJF,3,3,10,21,8.32,1,1,7,1,0
7621-VPNET,2,0,10,51,3.78,3,1,5,1,4
6034-YMTOB,4,0,10,18,8.69,1,2,3,3,0
8563-IIOXK,6,2,5,4,8.1,3,3,2,2,0
4903-CNOZC,2,0,14,10,8.26,0,2,5,0,0
4353-HYOJD,3,1,12,9,7.12,1,0,3,2,1
8020-BWHYL,6,0,4,8,10.61,2,2,3,2,2
7267-FRMJW,1,0,5,37,5.68,2,1,5,2,1
2982-VPSGI,3,1,2,27,12.55,4,0,3,1,1
4188-FRABG,6,0,14,13,5.73,2,2,3,1,1
8199-ZLLSA,2,1,1,74,8.57,0,2,1,3,1
4128-ETESU,4,3,13,11,6.29,3,0,5,1,2
0620-DLSLK,7,2,10,0,7.86,3,5,2,3,1
4625-EWPTF,4,3,6,59,10.04,2,2,5,2,1
5980-NOPLP,0,1,0,90,7.38,2,2,3,4,1
3850-OKINF,1,0,9,21,5.13,2,0,5,0,1
6892-XPFPU,3,1,5,33,7.65,2,3,3,4,2
8010-EZLOU,10,5,2,27,6.97,2,5,5,3,1
1156-ZFYDO,4,2,11,5,6.41,2,1,5,1,3
3295-YVUSR,1,1,10,43,11.76,3,2,5,4,2
8016-NCFVO,2,0,10,35,8.59,0,1,3,0,1
4119-ZYPZY,3,2,11,11,6.02,2,0,8,0,1
5549-ZGHFB,2,0,9,21,6.8,4,1,6,1,0
7577-SWIFR,3,1,14,2,5.0,2,0,7,3,0
0303-WMMRN,0,1,14,26,3.24,1,1,3,2,0
6408-OTUBZ,5,1,9,23,5.36,0,0,4,2,1
5204-HMGYF,4,1,16,0,5.11,3,1,5,1,1
1078-TDCRN,2,1,9,23,8.91,0,2,7,4,0
3727-OVPRY,4,2,12,21,10.87,0,0,7,0,1
3797-FKOGQ,0,0,6,10,10.51,2,5,4,3,3
7622-NXQZR,2,1,13,30,5.65,1,1,4,0,2
6196-HBOBZ,3,0,13,40,7.57,4,1,4,0,0
3970-XGJDU,0,0,6,17,7.39,0,1,8,0,1
7017-VFULY,3,0,8,2,9.26,0,1,5,0,2
5562-YJQGT,5,1,8,3,10.67,1,0,7,1,3
8807-OPMBM,2,0,14,28,4.7,1,3,9,1,0
5439-WIKXB,1,0,9,7,9.0,3,0,0,1,4
9874-QLCLH,5,1,6,7,9.82,3,3,2,3,0
8294-UIMBA,2,0,16,18,6.34,2,2,4,2,2
8109-YUOHE,1,1,11,21,3.77,5,0,3,4,0
5840-NVDCG,1,0,8,2,4.57,0,1,6,2,5
8092-NLTGF,1,0,10,5,9.25,1,0,4,1,0
5928-QLDHB,0,1,6,7,8.83,0,2,5,0,4
9840-EFJQB,2,1,9,6,5.89,3,1,5,0,1
0696-UKTOX,2,1,10,11,3.49,3,3,6,1,4
4801-KFYKL,4,1,7,19,8.49,0,0,7,2,1
3472-OAOOR,6,0,12,29,7.59,4,1,6,1,1
6135-OZQVA,2,0,8,62,4.24,6,1,2,0,1
8062-YBDOE,3,2,10,62,14.01,0,4,2,4,1
2252-JHJGE,1,0,16,17,9.06,1,0,5,1,0
4188-PCPIG,4,0,8,2,4.33,0,2,9,1,0
6000-APYLU,4,1,4,32,12.56,4,1,5,1,1
7105-BENQF,1,0,3,66,8.77,3,1,4,1,2
7721-DVEKZ,3,0,8,4,9.53,2,0,4,0,2
3566-VVORZ,5,1,15,25,5.96,3,1,6,0,0
9507-HSMMZ,5,0,10,39,8.09,2,2,7,1,0
2480-SQIOB,1,0,6,3,11.9,5,1,5,2,2
0947-IDHRQ,5,1,4,26,12.31,2,0,0,2,1
7813-TKCVO,1,0,13,46,8.6,0,0,5,1,3
0128-MKWSG,3,1,14,3,4.87,4,1,3,1,0
3672-YITQD,9,4,3,23,11.65,3,1,2,0,4
4350-ZTLPI,3,0,11,24,7.39,0,1,4,1,0
9048-JVYVF,2,1,6,77,8.24,1,3,4,1,5
0361-HJRDX,2,0,7,2,6.02,1,1,6,1,0
5727-MYATE,1,0,16,16,6.78,1,2,5,2,1
3823-KYNQY,0,0,11,57,8.29,1,1,3,1,0
8988-ECPJR,2,2,6,10,7.08,3,1,2,2,1
7570-WELNY,1,0,9,0,6.86,3,0,6,1,1
3021-VLNRJ,3,1,16,1,10.31,2,1,7,0,1
3776-EKTKM,4,0,7,9,10.99,0,2,5,2,1
2080-CAZNM,2,1,6,15,6.01,3,2,3,0,3
1028-FFNJK,3,0,9,40,8.79,2,0,8,1,2
6907-FLBER,4,2,12,48,8.39,2,1,9,1,0
3001-UNBTL,4,0,8,4,4.12,1,1,3,0,0
5982-PSMKW,3,0,9,1,8.08,5,1,4,1,0
3507-GASNP,5,2,13,18,7.25,1,2,5,0,1
7096-ZNBZI,2,0,13,11,4.16,0,4,7,3,1
1902-XBTFB,2,0,5,9,13.77,2,3,5,0,3
1676-MQAOA,7,3,16,4,8.11,0,2,6,1,1
0786-IVLAW,4,3,13,1,7.07,2,2,6,0,3
7566-DSRLQ,3,0,13,18,5.19,4,0,6,2,0
0643-OKLRP,11,5,4,13,10.11,2,2,4,3,1
7245-JMTTQ,3,0,14,0,8.33,1,0,6,1,2
6050-IJRHS,0,0,8,26,10.31,0,2,4,1,1
6202-JVYEU,2,1,8,0,7.0,1,2,9,1,0
8591-TKMZH,1,0,8,30,4.16,1,0,8,1,0
0734-OXWBT,4,0,11,12,6.96,0,1,7,0,3
4282-ACRXS,1,0,6,28,6.89,1,3,5,2,0
0365-TRTPY,1,0,8,29,11.04,3,2,4,1,0
7349-ALMUX,0,0,16,0,6.96,0,2,4,1,0
9381-NDKME,6,3,8,35,10.6,4,0,3,3,0
6502-KUGLL,3,0,8,5,6.38,2,1,6,0,4
1841-YSJGV,1,0,19,17,7.31,1,1,4,1,0
2794-XIMMO,5,3,6,8,8.18,2,3,3,4,3
8382-SHQEH,7,1,6,22,10.26,4,0,3,1,1
3511-BFTJW,4,2,13,43,8.3,0,1,7,2,1
7668-XCFYV,4,1,15,40,8.02,3,1,6,1,1
2983-ZANRP,8,4,5,2,12.12,0,6,2,1,1
7845-URHJN,3,1,5,82,12.63,4,0,3,1,3
3034-ZBEQN,7,2,10,17,12.04,5,0,2,0,2
5018-HEKFO,5,3,5,70,8.38,3,1,3,0,0
2923-ARZLG,3,1,7,18,5.88,4,1,4,0,1
3976-NLDEZ,4,0,12,16,6.03,4,3,5,1,2
2282-YGNOR,0,1,16,14,8.74,1,1,3,1,6
5336-UFNZP,3,0,14,48,7.17,3,1,7,4,0
6854-EXGSF,5,2,9,24,8.21,2,1,3,1,0
1241-EZFMJ,2,0,13,7,6.19,1,1,3,1,1
9233-PSYHO,4,2,7,12,8.05,0,0,4,0,0
5376-PCKNB,3,2,13,1,4.74,2,1,5,2,0
8044-BGWPI,2,0,5,30,6.63,3,3,6,2,0
4060-LDNLU,5,0,8,28,7.65,1,2,4,0,2
3589-PPVKW,3,1,10,20,9.28,1,2,6,0,1
8327-LZKAS,6,1,4,12,11.82,4,2,3,1,2
5887-IKKYO,0,0,14,86,3.91,1,1,7,2,0
1075-BGWOH,3,1,9,87,6.68,3,2,3,2,2
1755-RMCXH,0,0,10,40,8.88,1,1,4,2,0
0302-JOIVN,6,4,7,8,10.16,5,3,7,1,2
3858-XHYJO,2,1,13,62,8.36,1,2,7,1,2
4299-SIMNS,5,1,6,6,6.82,0,4,4,3,0
7025-IWFHT,3,0,13,21,6.06,1,3,7,0,2
6261-LHRTG,4,2,13,25,6.32,1,0,8,0,3
7841-FCRQD,2,0,13,4,1.42,1,0,6,2,2
2056-EVGZL,4,3,10,50,4.98,2,3,6,3,1
8777-MBMTS,1,0,5,4,5.73,2,1,4,3,0
7753-USQYQ,3,0,13,2,5.08,0,1,8,3,0
5366-IJEQJ,3,1,8,21,7.99,4,1,4,2,2
7661-CPURM,9,1,11,38,6.08,2,4,3,2,1
6233-HXJMX,5,1,16,50,7.85,1,2,4,1,0
5902-WBLSE,1,0,20,53,8.18,1,0,6,0,1
1981-INRFU,5,1,7,15,4.22,5,4,3,2,3
4971-PUYQO,1,0,10,35,8.05,5,1,3,2,3
3239-TPHPZ,2,0,12,5,5.83,0,1,3,0,1
5115-GZDEL,3,0,8,4,3.48,3,0,9,1,1
3338-CVVEH,5,1,8,53,10.33,3,2,4,0,0
8485-GJCDN,6,1,4,12,7.72,2,1,5,2,3
2615-YVMYX,10,6,11,30,9.57,5,1,3,2,0
2851-STERV,2,0,10,1,6.62,1,2,2,2,2
4393-GEADV,2,0,11,29,10.24,1,2,5,4,0
8486-AYEQH,1,1,10,3,5.78,2,0,7,2,1
1527-SXDPN,5,3,6,3,8.03,2,2,2,3,4
6029-WTIPC,2,0,5,10,9.5,0,2,5,2,1
8634-CILSZ,5,3,7,0,12.73,3,2,2,0,2
5419-JKZNQ,4,2,10,70,9.09,0,1,3,2,1
2495-KZNFB,1,1,7,17,6.98,0,0,5,0,0
1409-PHXTF,4,1,9,69,8.48,1,2,7,2,1
4560-WQAQW,4,1,10,7,6.16,2,2,9,1,0
9591-YVTEB,4,3,8,11,11.05,3,3,3,1,0
9309-BZGNT,3,0,16,1,8.17,0,0,5,1,0
4274-DRSQT,3,1,16,3,7.19,2,0,5,2,1
2027-DNKIV,4,0,16,29,6.74,0,1,6,1,0
8075-GXIUB,2,1,10,8,5.06,3,2,7,0,1
2885-HIJDH,4,3,8,43,7.4,2,1,9,2,0
5424-RLQLC,2,0,6,30,8.46,0,2,9,5,2
6682-QJDGB,3,1,3,2,11.67,4,4,7,3,3
6507-DTJZV,5,2,12,88,7.34,4,2,6,2,2
8780-IXSTS,4,2,5,20,5.59,2,1,3,0,1
7673-BQGKU,3,1,13,73,8.71,5,1,4,0,1
6723-WSNTY,3,2,11,37,5.84,3,2,3,2,1
9530-EHPOH,4,0,8,90,11.48,1,2,5,2,3
2725-IWWBA,4,1,21,70,4.12,2,0,6,1,0
0345-HKJVM,8,4,8,90,10.54,1,1,6,0,0
1061-PNTHC,2,0,12,14,7.16,1,2,5,1,0
0394-YONDK,1,0,12,90,7.11,3,2,7,2,1
6574-MCOEH,1,0,9,3,9.49,2,2,8,1,0
7399-QHBJS,6,2,12,8,5.74,2,1,2,1,3
3049-SOLAY,5,2,7,17,12.6,1,1,4,5,1
0997-YTLNY,5,1,12,4,12.44,5,0,5,1,1
3317-HRTNN,8,4,4,43,7.39,2,6,1,2,0
9479-HYNYL,1,0,14,0,5.38,5,2,9,1,2
3235-ETOOB,9,2,2,12,9.56,2,6,4,0,1
9708-KFDBY,5,1,8,30,6.89,0,1,8,1,1
8058-INTPH,2,1,4,72,12.15,2,2,3,3,1
3642-GKTCT,2,1,9,4,10.41,0,0,5,1,0
0774-RMNUW,3,0,8,30,6.27,1,0,6,1,1
1334-PDUKM,5,2,14,16,5.28,2,2,6,1,0
0756-MPZRL,3,2,16,2,6.62,3,1,7,0,1
2242-MFOTG,4,1,10,57,9.0,3,2,5,1,2
2927-CVULT,3,1,10,11,5.13,1,1,3,2,1
2144-BFDSO,4,3,10,38,6.04,1,0,7,1,0
8745-PVESG,3,0,14,4,5.17,3,1,5,1,2
7647-GYYKX,1,0,12,10,6.14,3,0,5,1,1
5647-FXOTP,1,0,11,31,7.62,2,1,4,5,2
5569-OUICF,4,1,5,90,5.9,3,4,1,3,2
8821-XNHVZ,7,4,1,73,9.02,2,0,3,3,3
2082-OJVTK,2,0,8,44,7.26,1,3,2,3,3
9700-ISPUP,3,0,9,24,8.48,4,1,5,2,1
9839-ETQOE,4,0,12,21,5.79,2,1,6,0,0
6078-VESFR,4,2,12,7,9.33,2,1,2,0,0
9027-TMATR,2,0,9,0,7.87,1,0,4,3,2
5940-NFXKV,7,3,10,16,12.76,1,4,3,1,1
1941-HOSAM,0,0,11,5,8.63,5,2,8,1,2
9110-HSGTV,3,1,12,0,7.31,2,3,5,2,3
0704-VCUMB,2,0,8,3,7.3,1,3,2,1,1
6171-ZTVYB,6,1,12,5,7.15,0,1,6,1,1
8053-WWDRO,6,2,8,57,8.63,3,1,4,2,1
9564-KCLHR,2,0,11,78,9.38,2,0,2,4,5
1935-IMVBB,4,0,17,84,6.69,2,5,4,2,0
2535-PBCGC,1,0,11,13,6.27,2,1,5,0,3
2082-CEFLT,4,2,9,90,9.01,1,1,3,3,3
1470-PSXNM,6,0,13,9,7.23,2,3,4,2,0
1213-NGCUN,5,2,6,42,9.83,4,4,5,1,1
2498-XLDZR,3,0,11,10,7.28,1,1,6,0,0
9866-OCCKE,2,1,9,42,9.37,2,1,7,1,0
5338-YHWYT,1,0,16,13,6.24,2,1,4,1,1
7718-UPSKJ,4,2,12,21,3.68,2,0,8,1,2
8731-WBBMB,2,0,14,25,8.85,2,1,4,1,0
1448-CYWKC,1,1,11,11,11.22,2,1,7,1,2
7901-IIDQV,4,0,9,90,8.25,0,1,5,1,1
2690-DVRVK,3,1,7,24,7.59,2,3,2,1,1
5688-KZTSN,3,1,13,36,10.38,1,2,4,0,0
1270-XKUCC,2,1,7,10,7.05,3,0,7,0,0
0334-ZFJSR,4,2,12,7,7.26,0,2,5,1,0
2894-QOJRX,5,3,5,16,8.09,6,3,4,2,1
5747-PMBSQ,4,0,2,90,11.88,2,3,4,2,1
5583-EJXRD,1,0,15,29,5.73,2,1,5,1,1
4565-EVZMJ,1,0,11,90,9.17,2,0,5,1,1
3143-JQEGI,3,0,7,32,11.02,3,1,5,3,0
6386-SZZKH,6,1,5,35,12.72,3,2,2,2,1
3327-YBAKM,1,0,13,19,8.2,0,0,10,4,1
9441-QHEVC,1,0,10,49,3.45,2,5,4,5,1
6705-LNMDD,4,0,10,33,5.25,1,3,7,1,0
2580-ASVVY,1,1,15,65,7.65,1,2,4,1,1
3370-GQEAL,4,3,13,1,11.91,0,1,3,3,1
5032-USPKF,1,0,12,25,6.43,0,2,7,0,3
2982-IHMFT,5,5,8,88,7.15,1,2,2,5,1
3521-SYVOR,3,2,3,11,11.47,4,2,0,2,3
4254-QPEDE,3,0,21,25,9.31,0,0,8,0,1
6283-GITPX,6,2,14,16,5.36,3,5,7,1,0
9526-JAWYF,1,1,9,1,8.81,0,4,0,1,0
0771-CHWSK,4,1,14,56,9.67,0,1,4,2,0
9788-HNGUT,4,1,8,10,5.44,2,1,5,1,2
9495-REDIY,7,1,14,28,5.31,3,2,5,0,0
5375-XLDOF,5,1,18,11,5.12,2,1,7,1,0
1172-VIYBP,6,0,10,5,7.11,1,0,7,0,0
5649-VUKMC,3,0,8,22,9.3,5,3,3,0,3
6559-PDZLR,4,1,10,1,7.31,1,3,3,2,1
8992-OBVDG,3,0,11,0,8.97,0,1,3,1,1
4273-MBHYA,3,0,6,24,9.83,2,4,6,2,0
4724-WXVWF,3,2,9,3,11.29,3,1,3,2,1
5701-GUXDC,0,0,9,11,6.3,1,1,6,1,2
1460-UZPRJ,3,1,15,8,8.56,0,0,6,0,2
6082-GLJIX,3,1,8,1,5.15,2,2,3,1,0
5143-EGQFK,5,4,9,77,11.33,2,1,4,1,0
4919-IKATY,5,1,6,79,11.43,3,2,4,5,1
2495-TTHBQ,3,0,13,15,5.76,1,1,5,1,1
0485-ZBSLN,5,2,12,4,9.2,3,0,3,3,0
3810-PJUHR,2,0,9,23,7.32,2,4,7,0,1
9050-QLROH,4,2,6,7,10.82,3,3,2,5,3
0847-HGRML,2,0,7,21,9.93,1,0,3,1,1
8232-CTLKO,4,0,11,3,7.31,4,1,9,2,0
9227-YBAXE,0,0,8,12,10.26,3,1,2,0,2
6168-WFVVF,3,2,3,3,7.69,2,2,1,1,0
9860-LISIZ,7,2,9,12,6.69,2,1,5,0,2
0112-QAWRZ,2,0,9,8,7.96,1,1,4,4,3
0877-SDMBN,4,2,1,90,8.32,1,0,3,4,3
2786-GCDPI,7,1,8,40,8.61,2,1,5,1,0
4043-MKDTV,5,0,6,3,6.52,7,0,5,0,2
8065-YKXKD,8,2,4,42,9.31,3,2,5,2,1
9637-EIHEQ,4,3,2,19,9.27,3,5,4,1,1
9229-RQABD,2,1,13,73,7.69,1,0,5,0,0
8313-KTIHG,0,0,12,6,7.76,1,1,5,3,0
5320-BRKGK,4,1,8,27,7.66,3,3,6,2,1
6284-KMNUF,5,4,12,5,7.28,0,1,5,1,0
9689-PTNPG,4,0,5,30,6.25,2,1,5,2,1
9465-RWMXL,5,1,6,35,11.36,6,1,5,0,3
6229-UOLQL,3,1,11,6,5.15,0,0,7,1,1
2362-IBOOY,5,2,4,90,10.48,5,4,5,3,3
3137-LUPIX,2,2,10,7,8.41,1,0,5,1,2
0843-WTBXE,4,2,7,13,14.34,2,3,3,2,2
6143-JQKEA,4,1,9,50,1.69,3,1,6,1,2
8676-OOQEJ,2,1,10,24,6.48,2,2,5,0,0
5515-IDEJJ,3,0,6,33,10.58,2,2,5,2,1
9701-CDXHR,9,4,16,15,4.47,4,2,6,2,0
7450-NWRTR,5,2,4,61,9.86,0,1,1,2,1
8124-NZVGJ,1,0,6,6,3.17,2,1,5,6,0
2162-FRZAA,1,0,23,6,6.18,1,1,8,2,2
5376-DEQCP,6,2,6,1,9.96,4,3,2,1,0
5118-MUEYH,3,0,10,17,9.38,3,0,5,3,2
9095-HFAFX,7,0,7,20,10.46,4,2,4,0,2
5627-TVBPP,1,0,12,15,5.44,2,1,6,0,2
2379-ENZGV,3,2,5,13,10.05,0,6,3,1,1
3936-QQFLL,3,1,8,90,7.44,3,0,5,0,0
2589-AYCRP,3,0,7,27,5.87,3,1,6,1,2
4067-HLYQI,5,0,12,8,9.67,2,2,4,0,1
5124-EOGYE,4,2,6,7,8.66,3,1,6,2,1
5057-RKGLH,1,0,12,45,3.3,3,0,3,0,1
0292-WEGCH,4,0,5,3,7.77,2,0,4,3,0
8910-ICHIU,3,3,7,57,5.45,2,3,5,1,0
4097-YODCF,3,0,9,8,4.23,3,1,4,1,1
9715-WZCLW,4,0,16,23,5.54,3,1,7,2,1
9786-YWNHU,2,0,18,0,6.29,2,0,3,0,2
6407-GSJNL,2,2,14,14,10.76,0,2,5,1,0
6005-OBZPH,8,5,6,34,8.82,4,4,1,3,1
4049-ZPALD,5,2,12,25,7.79,1,1,7,1,2
7932-WPTDS,4,2,5,15,10.53,0,2,2,4,1
3733-UOCWF,1,0,10,26,6.43,2,2,5,3,0
6833-JMZYP,5,1,10,7,8.89,1,4,5,1,2
2722-VOJQL,2,0,10,6,8.44,3,2,2,1,2
1310-QRITU,1,1,17,0,4.81,1,2,6,2,1
8961-QDZZJ,1,0,10,4,6.68,1,1,4,2,1
9715-SBVSU,3,1,11,12,5.13,3,2,2,2,1
8490-BXHEO,3,3,5,5,9.09,3,1,3,3,1
7173-TETGO,0,0,18,21,6.59,0,0,3,2,2
7929-SKFGK,4,0,13,33,6.75,3,2,5,0,1
2300-RQGOI,3,0,20,1,7.62,2,1,6,0,1
3563-SVYLG,1,1,16,6,5.67,1,2,5,3,0
5228-EXCET,4,0,4,90,3.86,5,1,4,2,1
6435-VWCCY,2,0,12,7,6.66,6,1,6,0,0
4998-IKFSE,1,0,11,7,9.25,1,2,4,0,1
8630-QSGXK,0,1,9,29,8.66,3,0,6,0,2
2455-USLMV,1,0,16,10,5.41,1,1,3,1,0
7394-FKDNK,4,2,7,19,8.69,6,3,1,1,2
9488-FVZCC,2,1,13,33,9.52,0,1,6,1,2
6331-LWDTQ,3,2,3,42,6.74,2,3,3,0,0
5995-WWKKG,3,0,13,16,6.83,1,0,6,0,2
1597-FZREH,7,1,3,16,10.39,1,1,1,4,0
7879-CGSFV,6,1,13,5,10.6,1,2,5,3,2
9921-EZKBY,4,2,11,1,6.41,3,1,5,1,1
7432-FFVAR,4,2,9,73,4.15,2,2,6,1,0
7246-ZGQDF,4,0,8,14,6.0,3,2,8,1,0
7000-WCEVQ,3,1,5,19,14.58,5,3,0,2,0
0727-IWKVK,2,0,5,11,10.46,2,0,4,3,0
5959-BELXA,7,3,5,14,12.27,2,2,5,2,0
4456-RHSNB,6,1,9,25,7.55,1,0,6,3,2
3512-IZIKN,3,3,4,83,8.02,4,1,5,2,3
2481-SBOYW,4,1,16,40,5.2,1,1,4,3,0
7109-MFBYV,4,0,10,10,6.8,1,2,5,1,0
1833-TCXKK,4,1,10,20,9.72,2,3,6,2,3
1832-PEUTS,1,1,11,9,4.26,2,2,5,1,0
6141-OOXUQ,6,2,5,51,11.15,4,0,1,2,2
8660-BUETV,3,1,10,3,5.3,1,2,9,3,4
0580-PIQHM,4,1,9,1,7.37,4,1,6,1,1
5696-CEIQJ,2,1,13,46,7.19,2,0,7,4,0
7503-ZGUZJ,6,2,3,22,11.01,4,1,3,1,0
1696-HXOWK,3,1,14,13,6.17,0,2,7,1,0
3026-ATZYV,4,1,8,5,8.98,2,0,4,1,1
4012-YCFAI,3,0,16,7,5.79,3,4,6,0,0
2506-TNFCO,8,4,2,47,10.58,7,1,3,2,1
9970-QBCDA,2,0,9,56,7.85,3,1,5,1,2
8718-PTMEZ,3,1,4,38,10.09,4,4,3,0,1
9496-IVVRP,1,0,10,12,8.55,5,1,4,1,0
2207-OBZNX,5,2,6,2,9.6,4,1,4,2,2
2657-VPXTA,5,3,9,11,10.78,3,2,5,0,0
6551-VLJMV,3,1,9,2,8.54,3,2,7,0,0
1221-GHZEP,1,0,8,1,7.2,0,2,4,1,0
9289-LBQVU,4,0,9,0,5.3,1,0,7,0,4
6142-VSJQO,11,7,4,64,14.62,4,3,2,2,2
3458-IDMFK,0,0,23,33,9.67,1,1,8,0,0
6933-FHBZC,5,0,13,3,5.36,0,1,5,4,0
0221-NAUXK,1,1,10,49,8.79,2,2,5,2,2
9770-KXGQU,4,2,21,29,10.51,3,2,5,0,3
6437-UKHMV,6,2,14,2,10.83,4,1,4,0,1
6538-POCHL,2,1,9,51,8.21,2,2,6,3,2
6726-NNFWD,3,1,5,28,5.96,0,1,7,1,2
3002-WQZWT,2,0,14,1,8.74,6,4,2,0,2
4277-UDIEF,2,2,25,13,5.98,4,3,5,2,0
1208-NBVFH,3,0,10,2,6.84,2,1,4,3,2
4912-PIGUY,5,1,11,1,7.19,2,1,3,2,0
1114-CENIM,7,1,10,31,10.75,1,1,1,3,2
6060-DRTNL,6,0,12,14,12.52,3,4,3,2,1
2725-TTRIQ,3,0,15,25,6.29,1,1,4,1,1
3374-TTZTK,2,0,6,22,7.19,3,0,6,4,2
8990-ZXLSU,2,1,15,6,10.21,2,1,4,0,2
2275-RBYQS,3,1,12,53,6.91,4,2,5,2,1
8473-VUVJN,3,1,11,90,4.19,2,2,2,2,0
6289-CPNLD,1,0,7,69,13.46,4,1,2,2,3
5536-SLHPM,7,2,5,34,11.88,4,2,2,1,0
4419-UJMUS,5,2,13,16,9.46,1,1,3,0,0
7794-JASDG,3,1,9,16,8.78,2,4,6,2,2
7609-YBPXG,3,1,7,5,7.8,1,2,5,1,1
5519-TEEUH,4,1,12,20,2.98,0,1,7,0,0
7856-GANIL,1,0,8,5,6.5,0,1,5,1,0
0804-XBFBV,3,1,9,33,6.99,2,1,7,0,1
2676-OXPPQ,9,3,9,4,7.24,0,2,6,2,1
3703-TTEPD,2,0,16,8,7.51,2,0,5,1,1
2799-TSLAG,2,0,18,58,9.86,0,0,6,0,0
0196-VULGZ,7,2,3,19,9.67,2,2,4,2,2
8837-VVWLQ,2,2,7,25,9.44,2,3,2,1,1
2696-NARTR,9,5,3,88,12.85,2,3,4,4,0
2208-NKVVH,2,2,7,45,5.14,1,0,4,3,3
7614-QVWQL,9,4,9,19,9.71,0,1,3,2,4
1976-CFOCS,7,5,1,4,9.9,0,3,2,1,2
4631-OACRM,6,2,7,16,8.23,3,0,5,5,2
7139-JZFVG,1,0,9,4,6.03,2,1,5,0,0
4987-GQWPO,2,0,12,0,5.78,2,1,6,0,1
3755-JBMNH,8,5,14,27,11.33,3,5,5,2,1
1757-TCATG,3,3,11,0,6.1,2,1,6,2,2
6345-ULYRW,3,2,3,4,9.26,5,4,2,1,1
4776-XSKYQ,2,1,12,25,7.62,4,0,7,0,0
8048-DSDFQ,2,1,14,20,6.42,1,2,8,1,2
5753-QQWPW,2,0,10,12,4.87,2,0,6,0,0
6010-DDPPW,1,0,12,4,12.32,0,2,8,3,1
1809-DMJHQ,4,2,8,29,9.71,3,2,4,3,1
6693-FRIRW,7,2,8,25,8.5,1,3,8,1,0
6586-MYGKD,4,1,12,3,6.4,5,1,7,4,0
3173-NVMPX,1,0,16,5,3.82,4,3,9,0,3
0248-PGHBZ,1,0,9,83,6.0,2,1,5,1,0
0623-GDISB,3,2,6,33,5.22,2,1,6,3,1
2892-GESUL,1,0,15,1,8.02,3,3,4,2,0
6923-EFPNL,2,1,4,12,10.64,4,1,4,1,2
7472-EQOAV,2,0,10,1,9.2,4,1,5,3,3
9574-RKJIF,4,0,9,29,7.89,4,1,4,2,1
2043-WVTQJ,3,0,6,19,3.15,4,1,6,3,0
8034-RYTVV,2,0,15,90,3.09,1,2,6,0,0
3863-QSTYI,5,0,12,30,8.74,1,2,6,1,0
2619-WFQWU,4,0,5,5,9.0,8,1,5,5,2
5044-LRQAQ,2,0,11,7,5.72,5,2,5,1,3
1716-LSAMB,2,0,11,4,8.05,3,2,6,0,2
1333-PBMXB,3,1,18,1,8.0,2,0,5,0,1
6546-OPBBH,2,1,6,3,7.13,1,2,7,1,0
5985-BEHZK,3,1,6,1,6.28,0,1,4,3,1
9127-QRZMH,0,1,13,25,6.47,1,1,5,3,0
5919-VCZYM,5,1,11,38,9.97,2,1,5,1,2
9644-KVCNC,0,1,10,6,8.98,2,1,4,0,1
2137-DQMEV,2,0,9,45,6.8,0,1,4,0,0
8174-LNWMW,1,0,11,15,7.34,2,0,5,1,3
9279-CJEOJ,4,1,6,44,17.13,4,2,6,4,3
7964-VEXDG,4,3,17,0,12.43,2,2,5,1,1
2404-JIBFC,2,1,8,10,6.48,2,1,5,1,2
0778-NELLA,6,2,2,37,12.61,3,5,5,0,1
8029-XYPWT,1,1,19,31,6.97,1,1,6,0,1
4614-NUVZD,2,0,2,33,12.82,6,2,5,0,0
4632-PAOYU,0,0,12,12,5.07,3,2,6,2,0
3803-KMQFW,2,0,5,50,11.29,3,2,2,3,1
6804-GDMOI,3,1,2,10,11.85,5,5,7,1,0
2990-OGYTD,5,0,5,44,7.22,3,1,2,0,0
6646-JPPHA,3,1,10,38,6.77,2,1,6,3,0
9572-MTILT,5,2,3,16,10.28,1,0,2,1,0
7658-UYUQS,6,2,10,10,5.94,2,0,2,2,1
7880-XSOJX,3,0,13,7,7.64,3,3,4,1,0
9611-CTWIH,5,2,4,8,8.77,2,2,5,0,1
4589-IUAJB,2,0,13,34,8.83,0,4,6,0,1
0329-GTIAJ,2,0,4,43,10.84,2,1,1,5,1
8746-BFOAJ,2,0,9,27,8.92,4,5,3,2,3
8457-XIGKN,2,0,10,4,9.87,1,1,4,0,1
6072-NUQCB,2,0,14,11,5.2,3,1,4,1,0
6629-CZTTH,0,0,4,3,13.02,4,1,5,2,3
8838-GPHZP,4,1,9,84,8.71,1,1,7,0,1
8750-QWZAJ,3,1,11,30,4.28,3,1,5,0,0
5364-EVNIB,3,0,4,15,11.41,4,4,3,0,2
6918-UMQCG,3,0,10,16,9.47,1,0,3,1,1
0675-NCDYU,1,0,23,5,7.76,3,1,5,2,1
6339-DKLMK,5,2,19,6,5.29,1,1,4,1,2
1346-PJWTK,7,0,12,42,8.42,3,1,5,0,2
5088-QZLRL,4,0,6,38,10.19,2,3,3,1,0
8023-QHAIO,3,2,9,16,8.14,0,2,5,1,1
4397-FRLTA,3,0,16,18,4.35,1,3,7,0,1
3057-VJJQE,4,0,8,34,5.98,2,0,6,0,1
5087-SUURX,3,1,4,20,10.57,4,3,0,1,0
2302-OUZXB,0,1,10,69,7.28,2,0,8,0,0
8133-ANHHJ,2,0,13,15,10.6,0,0,6,0,0
2270-CHBFN,7,1,12,26,9.24,3,1,3,1,1
0013-EXCHZ,6,2,5,10,11.3,7,2,3,0,2
5982-FPVQN,3,0,7,13,8.77,4,0,6,3,1
9107-UKCKY,2,0,9,1,6.18,4,0,5,1,0
4654-ULTTN,1,1,16,1,9.57,3,1,6,0,1
5550-VFRLC,6,2,3,4,9.17,4,1,3,3,2
5546-BYZSM,8,3,7,9,8.42,2,3,7,0,2
1492-KGETH,1,1,17,41,6.78,3,1,9,0,2
4929-BSTRX,4,1,5,46,7.11,4,2,5,3,4
4163-HFTUK,3,0,18,18,7.93,0,1,8,0,0
8215-NGSPE,0,0,8,22,8.62,5,3,4,1,1
2225-ZRGSG,5,3,1,8,8.73,2,3,3,4,4
8859-YSTWS,2,0,12,34,6.7,1,1,4,4,0
5271-YNWVR,5,2,6,2,8.23,3,2,4,2,1
7601-DHFWZ,3,0,15,0,11.44,2,0,7,0,2
2657-ALMWY,5,0,4,17,10.73,3,2,3,3,1
6330-JKLPC,2,1,2,56,12.5,2,5,3,1,3
4667-OHGKG,2,0,8,81,9.05,6,2,3,2,2
1998-VHJHK,2,1,12,6,7.99,3,2,5,1,2
1707-HABPF,3,2,10,3,4.77,3,2,2,1,3
1660-HSOOQ,6,4,4,22,8.66,6,2,5,5,1
7253-UVNDW,1,0,5,63,13.8,1,4,2,2,2
0487-VVUVK,1,0,10,1,8.48,3,1,5,2,0
7228-OMTPN,10,4,3,31,9.26,2,2,4,1,0
5063-IUOKK,5,0,13,21,4.04,2,2,4,0,0
4508-OEBEY,2,2,14,7,7.74,1,2,8,0,1
0027-KWYKW,4,2,13,6,7.48,1,1,5,1,0
2308-STERM,4,1,8,20,9.58,1,6,4,2,2
5982-XMDEX,0,0,13,12,4.02,3,0,8,2,0
6284-AHOOQ,4,1,5,90,11.66,4,3,6,3,1
6051-PTVNS,4,1,11,2,6.31,3,0,3,0,1
2344-JMOGN,7,2,8,90,7.81,4,2,0,3,1
3799-ISUZQ,5,3,10,47,10.31,3,1,3,2,2
2877-VDUER,1,1,12,0,11.47,2,0,5,0,0
9152-AMKAK,7,1,20,19,9.04,2,1,6,1,1
1794-HBQTJ,2,1,3,12,10.51,3,2,5,3,2
9432-VOFYX,4,0,8,2,7.03,2,1,5,2,2
8049-WJCLQ,2,1,11,18,9.88,2,1,5,0,2
6586-PSJOX,1,0,15,30,7.82,1,2,7,1,1
2460-FPSYH,2,2,4,26,5.95,2,1,5,0,1
9705-ZJBCG,4,2,14,4,8.89,2,2,3,1,2
4818-DRBQT,7,2,4,90,10.39,4,1,5,2,3
1320-HTRDR,6,1,6,30,9.69,3,1,3,3,0
6847-KJLTS,5,2,12,26,10.04,2,4,7,0,0
9670-BPNXF,2,0,17,24,5.27,3,1,5,1,1
3913-FCUUW,1,0,8,1,6.68,2,2,4,3,0
3301-VKTGC,3,1,10,31,7.34,3,0,6,1,3
1493-AMTIE,7,3,3,12,10.68,2,2,5,6,1
9555-SAHUZ,2,1,8,63,6.51,0,0,7,1,1
0816-TSPHQ,5,1,9,6,5.67,0,0,3,0,1
9932-WBWIK,3,0,7,23,7.29,1,1,6,2,2
4619-EVPHY,2,0,9,9,6.84,3,2,6,0,1
5286-YHCVC,9,4,10,28,11.77,4,1,2,4,1
6424-ELEYH,3,1,7,15,5.77,2,4,1,3,1
4391-RESHN,3,1,7,20,11.66,2,3,4,3,0
9115-YQHGA,2,2,10,12,2.8,0,3,6,2,0
4462-CYWMH,3,2,13,90,7.45,1,2,6,1,1
8963-MQVYN,5,0,9,11,6.21,4,3,4,4,3
2458-EOMRE,1,1,9,3,4.75,2,2,4,2,5
9334-GWGOW,2,0,16,1,8.69,3,0,9,2,0
6821-BUXUX,2,1,7,9,11.35,0,5,2,4,2
5028-HTLJB,2,0,5,4,10.02,5,2,3,4,3
9801-GDWGV,5,1,3,0,10.03,6,4,2,3,1
6542-LWGXJ,1,1,19,90,6.84,0,5,6,0,0
5567-GZKQY,2,0,16,48,4.73,1,2,7,2,0
1222-LRYKO,4,1,12,48,6.73,0,1,6,3,1
2320-JRSDE,3,2,10,23,8.8,1,1,5,2,5
2087-QAREY,4,0,14,16,5.96,1,0,6,3,1
0601-WZHJF,6,1,5,53,12.53,3,4,7,1,1
4423-JWZJN,5,1,10,71,9.05,1,2,7,1,1
5143-WMWOG,2,1,3,48,10.49,1,4,3,0,2
6490-FGZAT,2,1,15,3,5.96,3,1,4,1,0
5393-RXQSZ,7,3,3,0,10.75,3,1,2,1,0
7452-FOLON,1,0,7,4,1.16,0,1,6,0,0
2320-TZRRH,1,0,6,6,6.14,2,3,3,1,1
0231-LXVAP,7,2,2,6,7.44,3,0,5,0,3
9444-JTXHZ,8,1,9,33,9.15,1,1,4,0,3
4942-VZZOM,1,0,16,4,5.41,2,0,7,0,1
5510-BOIUJ,4,2,5,76,8.89,5,3,4,0,3
7502-BNYGS,4,2,16,0,7.03,0,0,6,0,1
4291-HYEBC,4,1,13,11,6.95,3,1,5,1,1
6147-CBCRA,5,1,5,32,10.26,2,0,6,2,2
6047-SUHPR,2,1,8,10,5.9,1,3,5,1,3
4471-KXAUH,4,0,7,9,8.13,4,1,5,1,3
9752-ZNQUT,4,1,11,4,8.03,2,0,5,2,1
7638-QVMVY,6,2,4,7,10.49,2,4,6,0,2
1576-PFZIW,3,0,12,30,7.17,3,2,6,1,0
5666-MBJPT,2,0,17,20,10.55,1,0,4,1,0
7312-XSBAT,3,2,17,42,8.59,1,0,6,1,0
3096-GKWEB,4,0,11,11,10.69,3,1,5,0,0
2371-JQHZZ,5,0,13,24,8.98,4,1,5,1,0
0674-GCDXG,4,1,17,8,7.25,0,3,7,0,1
1121-QSIVB,2,1,10,3,2.2,1,2,7,1,1
4396-KLSEH,2,1,14,50,8.09,1,1,5,2,1
3244-DCJWY,5,2,8,23,9.2,6,3,5,0,0
2824-MYYBN,2,1,14,6,7.54,1,1,5,1,2
0875-CABNR,8,3,9,30,11.85,3,4,2,3,3
6345-HOVES,0,0,9,14,4.83,2,1,2,2,0
8318-LCNBW,2,0,10,40,9.43,4,1,8,2,3
6469-QJKZW,1,0,15,35,9.03,4,0,7,1,0
0147-ESWWR,2,1,11,19,8.24,0,2,4,1,2
1217-VASWC,4,1,11,13,9.34,1,2,3,0,1
7812-FZHPE,1,1,9,73,6.17,5,0,3,3,1
6370-ZVHDV,2,0,19,19,7.92,3,2,5,0,0
5915-DGNVC,3,1,12,13,4.27,1,1,4,0,0
6260-XLACS,2,2,18,32,7.73,3,2,5,2,1
3566-CAAYU,3,0,13,9,4.57,1,0,8,2,0
4983-CCWMC,2,0,11,11,6.05,2,2,5,1,3
9103-CXVOK,6,2,13,9,6.08,2,0,5,0,0
2896-TBNBE,2,1,7,14,7.15,3,3,6,0,1
4797-AXPXK,1,1,10,90,10.16,4,3,3,1,1
5229-PRWKT,13,5,6,4,11.23,0,3,2,3,1
6982-UQZLY,2,2,2,3,14.54,2,2,1,3,3
2522-WLNSF,3,0,7,9,6.72,3,3,6,2,2
3841-CONLJ,1,1,10,29,7.88,2,2,3,4,2
5057-LCOUI,2,0,8,85,9.53,5,4,4,2,1
0193-ESZXP,4,0,7,80,7.53,2,2,6,1,2
4475-NVTLU,0,0,17,30,2.36,2,0,8,2,0
4369-HTUIF,5,2,3,5,7.89,2,2,3,3,2
9386-LDCZR,5,1,4,14,6.82,3,0,7,3,4
9585-KKMFD,3,0,10,59,6.52,2,2,7,1,2
5399-ZIMKF,3,1,18,0,4.75,2,2,8,0,2
0336-KXKFK,2,0,10,6,7.16,1,0,4,1,0
5619-XZZKR,1,0,13,1,6.59,3,2,4,0,0
3948-FVVRP,2,0,13,8,5.61,2,3,3,1,1
5327-XOKKY,3,2,12,64,9.21,2,1,6,3,0
0983-TATYJ,5,2,11,62,3.93,2,1,7,0,3
1813-JYWTO,2,1,10,2,8.75,4,0,1,3,0
0156-FVPTA,1,1,4,12,9.29,1,3,5,0,1
1984-FCOWB,4,3,5,50,9.86,5,0,4,1,2
0654-HMSHN,6,2,5,24,10.57,6,5,2,2,3
6719-OXYBR,2,0,10,0,7.68,1,0,7,1,1
3312-ZWLGF,5,0,15,20,4.01,2,0,5,1,0
6476-YHMGA,1,0,6,6,7.55,1,0,6,1,4
5287-QWLKY,2,2,4,90,10.69,6,6,2,2,0
0795-XCCTE,2,0,10,90,7.98,4,1,4,0,1
0168-XZKBB,1,0,15,3,5.92,0,0,5,1,0
3785-NRHYR,3,0,8,4,5.53,2,1,5,2,1
5196-SGOAK,3,1,5,39,10.93,3,1,3,2,1
4537-DKTAL,4,2,8,10,8.96,5,2,7,0,1
7072-MBHEV,1,1,9,37,5.84,2,2,5,0,0
5602-BVFMK,4,3,10,13,4.11,1,0,5,0,1
6297-NOOPG,1,0,14,66,6.98,3,1,5,1,0
1891-UAWWU,6,3,5,7,8.02,3,2,6,3,1
8204-TIFGJ,6,3,9,51,7.89,0,0,4,1,1
8050-DVOJX,8,3,11,21,10.93,2,3,2,1,0
6108-OQZDQ,3,3,8,90,7.15,3,1,3,4,1
0363-QJVFX,2,0,5,60,9.39,1,4,2,5,4
8903-XEBGX,3,0,14,90,6.16,3,0,5,2,0
8169-SAEJD,4,0,11,16,8.17,2,2,6,1,2
9840-DVNDC,5,3,5,71,11.34,1,4,4,2,0
1089-XZWHH,1,0,13,31,5.39,1,1,5,1,0
2325-WINES,1,1,12,9,9.48,3,1,4,2,1
6064-ZATLR,1,0,14,25,9.01,2,2,5,1,0
3096-JRDSO,3,2,9,30,9.31,3,1,1,2,1
7824-PANSQ,8,4,13,14,10.27,3,0,5,1,1
8042-JVNFH,5,2,2,18,6.91,3,2,7,1,2
9648-BCHKM,1,0,11,26,10.88,1,0,5,1,2
2888-ADFAO,5,1,14,6,6.07,0,1,9,2,2
8707-HOEDG,2,2,17,13,9.5,5,0,7,3,0
3374-LXDEV,3,0,4,29,8.48,0,2,4,6,2
4072-IPYLT,2,0,13,16,3.47,0,2,4,1,1
7167-PCEYD,2,1,18,16,6.61,2,0,5,1,2
4936-YPJNK,2,0,17,11,5.96,2,2,3,3,1
1580-BMCMR,5,0,6,12,7.24,3,1,2,0,0
4817-KEQSP,10,4,11,36,7.24,2,2,4,1,2
6408-WHTEF,3,1,12,15,8.22,1,0,4,1,1
9251-AWQGT,2,0,13,9,6.59,1,2,6,1,1
8749-CLJXC,8,5,14,23,9.79,0,2,7,0,2
7989-VCQOH,1,1,8,10,7.51,5,2,3,1,1
5049-GLYVG,2,0,10,51,12.23,4,0,2,2,2
4199-QHJNM,2,0,5,22,9.37,3,3,4,2,1
8882-TLVRW,1,1,11,3,4.97,3,1,4,0,1
5883-GTGVD,7,3,4,22,10.94,2,3,2,3,4
5135-GRQJV,5,1,5,47,7.49,2,1,6,2,0
2384-OVPSA,3,1,11,23,5.73,0,2,4,1,3
1371-WEPDS,3,0,7,39,8.61,2,2,4,1,2
3580-GICBM,2,1,9,4,8.06,2,0,6,0,1
4817-QRJSX,2,0,5,24,10.86,1,1,4,4,5
9730-DRTMJ,2,1,9,18,3.9,1,2,7,2,1
4686-UXDML,3,0,12,3,2.9,2,1,4,0,3
3349-ANQNH,4,0,14,1,6.65,2,2,3,1,1
2398-YPMUR,2,0,6,15,9.08,5,4,1,0,0
0932-YIXYU,3,1,9,3,7.93,0,1,4,2,0
7480-SPLEF,3,1,11,15,1.89,0,1,6,2,2
7636-XUHWW,2,0,16,25,9.23,5,1,6,1,1
1431-CYWMH,0,0,14,15,8.54,4,3,6,0,1
5937-EORGB,7,2,14,74,9.82,0,2,4,1,2
6349-JDHQP,3,1,7,41,8.02,2,2,5,1,1
5539-HIVAK,3,0,12,24,5.16,2,2,4,2,1
5847-MXBEO,3,0,9,15,5.34,1,0,5,3,0
9985-MWVIX,3,2,7,43,9.0,0,1,3,2,3
4583-PARNH,3,1,5,29,8.5,1,3,4,3,0
1116-FRYVH,3,1,7,61,5.21,1,0,5,2,1
1421-HCERK,3,0,9,13,7.79,1,1,5,0,3
9633-XQABV,8,4,5,90,9.57,3,1,4,3,3
0716-BQNDX,3,2,10,77,7.93,2,2,5,1,3
1265-XTECC,3,1,5,24,9.9,3,0,3,2,3
1183-CANVH,1,0,7,4,7.5,1,2,6,0,0
1972-XMUWV,3,0,9,19,7.15,2,1,8,4,0
8679-LZBMD,3,0,14,27,8.21,2,3,3,1,0
3407-JMJQQ,2,0,10,22,7.99,1,3,7,0,2
6252-DFGTK,5,1,9,29,5.99,2,0,5,4,0
1539-LNKHM,6,2,8,17,11.46,2,2,4,1,0
8645-KOMJQ,2,0,13,32,9.84,3,1,6,1,0
0289-IVARM,2,0,6,50,9.52,3,3,2,3,1
9761-XUJWD,2,2,12,19,10.88,2,2,2,3,0
4057-FKCZK,1,0,9,51,7.97,1,2,5,2,5
4291-TPNFG,4,2,14,50,6.21,0,1,9,0,1
6087-YPWHO,3,1,16,6,9.18,0,1,4,2,2
3090-QFUVD,1,0,7,16,8.76,6,1,4,1,1
2237-ZFSMY,8,3,7,64,11.13,3,2,4,0,0
1722-LDZJS,3,2,17,9,9.89,3,2,4,0,1
1818-ESQMW,2,1,11,2,4.13,0,0,5,4,2
4871-JTKJF,4,1,4,16,10.69,2,0,3,3,3
1415-YFWLT,8,1,7,71,7.99,0,3,3,0,3
7401-RUBNK,3,1,10,56,7.67,1,0,6,1,1
0506-YLVKJ,2,0,7,3,6.36,3,2,7,1,0
8661-BOYNW,5,1,13,19,9.51,0,0,4,0,1
6711-VTNRE,6,4,9,5,10.71,1,3,3,1,2
4815-GBTCD,4,1,14,19,7.59,3,0,7,2,1
2805-AUFQN,6,2,8,22,4.7,5,0,8,2,0
0980-PVMRC,4,1,4,6,7.14,4,2,6,3,2
7233-DRTRF,4,0,8,37,6.95,2,1,5,2,2
3500-RMZLT,3,0,7,19,10.4,3,1,4,2,2
3873-NFTGI,4,2,10,5,7.25,1,1,4,0,1
1162-ECVII,5,1,9,7,6.16,3,1,7,2,0
7048-GXDAY,3,1,13,90,3.27,4,0,4,1,1
8571-ZCMCX,8,1,14,12,9.98,3,2,4,2,1
1169-WCVAK,0,0,8,12,5.57,3,3,5,0,1
4548-SDBKE,3,0,10,16,8.39,3,1,2,4,4
8066-POXGX,8,2,3,27,10.85,2,0,5,1,1
7129-CAKJW,3,2,11,0,9.36,3,1,7,4,0
8695-ARGXZ,3,1,13,19,7.44,1,1,6,0,2
3570-YUEKJ,2,1,9,15,8.73,1,2,6,1,3
4143-OOBWZ,2,2,9,82,11.74,4,5,4,3,1
1555-HAPSU,2,0,19,7,1.5,1,2,4,0,0
1697-NVVGY,3,0,9,4,9.23,1,2,6,1,3
7854-EKTJL,8,3,5,46,5.42,3,3,1,0,0
8464-EETCQ,3,0,12,9,6.22,2,2,8,0,0
2419-FSORS,5,2,15,25,7.95,2,0,5,2,2
8132-YPVBX,2,1,13,1,5.42,3,0,4,0,0
9102-IAYHT,5,2,5,90,9.43,3,5,3,3,1
6754-LZUKA,4,1,8,78,0.81,4,5,7,1,1
3422-LYEPQ,8,2,6,20,7.2,3,1,5,2,2
8099-MZPUJ,5,0,8,4,6.1,0,2,7,3,0
0787-LHDYT,2,0,9,19,5.92,1,1,4,3,0
2642-DTVCO,8,5,5,27,9.47,4,5,2,4,6
0374-IOEGQ,2,0,7,4,11.36,4,2,4,3,1
4361-JEIVL,3,3,7,3,11.45,1,4,3,2,1
3197-NNYNB,3,1,7,2,9.19,3,2,5,3,0
3396-DKDEL,2,0,12,8,8.26,3,1,3,0,2
1752-OZXFY,3,0,12,27,3.86,0,2,6,1,1
9066-QRSDU,0,0,10,0,8.78,2,1,7,2,2
9112-WSNPU,3,1,10,43,8.86,3,1,4,2,2
9867-NNXLC,8,2,10,42,8.45,6,1,5,0,1
5321-NTRKC,5,1,23,6,7.54,2,1,8,2,0
1363-TXLSL,5,1,7,85,10.82,3,0,1,2,0
9507-EXLTT,8,0,7,10,10.53,5,3,4,1,3
3161-GETRM,6,1,6,50,7.12,3,1,1,4,1
0402-OAMEN,5,2,14,10,4.61,0,1,4,3,1
6933-VLYFX,3,1,12,0,4.95,3,0,8,0,0
6754-WKSHP,2,0,7,7,0.64,5,3,5,2,1
9846-GKXAS,3,2,9,8,8.75,2,2,3,1,3
6017-PPLPX,3,0,5,90,10.86,5,1,1,2,4
4976-LNFVV,4,2,3,12,9.47,1,3,5,0,2
5055-MGMGF,0,0,14,10,6.3,4,1,6,3,0
4641-FROLU,1,0,9,4,5.82,3,1,8,2,2
2862-JVEOY,2,0,10,44,6.6,4,1,6,0,0
2969-QWUBZ,0,0,10,23,7.88,2,3,5,1,1
9822-BIIGN,1,0,16,66,4.86,2,0,6,1,2
2077-MPJQO,3,0,11,1,6.42,3,1,6,1,1
1534-OULXE,4,0,15,23,5.01,1,1,4,2,2
7136-RVDTZ,4,2,10,89,10.98,0,1,3,2,0
2971-SGAFL,2,0,15,23,4.35,2,1,3,4,2
1480-IVEVR,2,1,11,1,8.44,1,0,3,0,3
2905-KFQUV,4,0,5,27,10.34,1,1,4,1,0
4581-SSPWD,5,1,7,90,6.92,3,2,2,2,1
3370-HXOPH,2,1,7,30,7.22,1,1,5,1,0
9391-YZEJW,6,1,6,51,6.26,4,2,6,3,0
9958-MEKUC,5,0,9,26,10.71,2,2,1,2,2
0281-CNTZX,2,0,17,43,9.69,3,2,7,1,1
6927-WTFIV,6,4,3,1,11.74,5,2,3,0,1
4118-CEVPF,3,0,10,32,8.87,2,1,5,1,0
3398-ZOUAA,2,1,11,43,11.68,5,2,5,3,0
9114-VEPUF,1,0,4,34,7.98,2,3,4,0,1
7876-BEUTG,3,0,8,14,10.43,2,0,6,2,1
2338-BQEZT,2,0,16,53,7.46,4,0,6,0,1
9873-MNDKV,4,0,15,10,3.12,4,1,5,2,2
0378-NHQXU,6,1,6,10,8.92,4,0,6,2,5
8241-JUIQO,3,2,16,1,8.72,4,0,4,0,0
2194-IIQOF,0,1,8,35,7.03,3,0,5,2,2
4512-ZUIYL,8,4,8,16,12.32,3,0,3,1,3
9631-RXVJM,3,1,9,19,6.1,1,4,8,1,0
9584-EXCDZ,2,0,7,2,9.23,3,0,6,3,1
7969-AULMZ,5,3,7,30,7.0,5,1,3,1,1
5093-FEGLU,1,0,16,16,7.46,1,0,9,1,1
2621-UDNLU,2,1,12,28,5.25,1,1,7,0,0
7526-IVLYU,1,1,9,25,4.9,0,1,4,1,1
2428-HYUNX,2,0,12,19,7.79,2,3,5,1,2
9214-EKVXR,2,1,16,9,5.52,5,2,6,2,0
3410-MHHUM,1,0,9,16,10.08,5,1,3,3,1
0568-ONFPC,1,1,8,13,9.17,4,1,4,1,1
0733-VUNUW,6,2,3,90,10.13,1,1,5,0,1
4550-EVXNY,5,2,5,62,9.81,2,0,4,1,4
2122-YWVYA,4,2,10,36,9.28,2,5,4,2,0
2968-SSGAA,4,0,10,90,8.48,3,2,3,2,0
2296-DKZFP,3,1,11,0,9.84,3,1,6,1,2
4844-JJWUY,8,3,10,24,14.0,2,2,4,1,1
6777-TGHTM,3,1,10,24,7.6,2,1,7,2,2
8909-BOLNL,4,0,7,75,11.12,2,0,4,1,1
6603-YRDCJ,2,0,14,3,6.65,2,2,6,4,2
3538-WZPHD,3,1,1,90,8.92,1,0,3,5,2
3229-USWAR,2,0,13,31,8.66,4,0,2,3,1
2138-VFAPZ,1,1,10,21,5.0,2,0,8,3,1
6131-JLWZM,4,2,11,90,8.85,1,6,5,1,1
4785-QRJHC,6,3,4,4,10.97,2,2,5,1,5
0269-XFESX,1,0,13,30,7.84,1,2,6,3,1
1709-EJDOX,1,1,5,0,7.07,7,1,7,0,1
4316-XCSLJ,2,0,9,30,7.48,1,2,4,0,3
8610-WFCJF,3,3,5,4,11.38,5,3,2,3,2
9693-XMUOB,2,2,9,10,6.94,1,2,8,1,2
0383-CLDDA,2,2,7,67,9.67,2,0,6,0,2
4905-JEFDW,6,2,7,2,12.21,3,3,6,1,1
2709-UQGNP,2,0,6,23,5.67,3,0,4,1,2
3549-ZTMNH,1,0,9,28,5.2,3,3,6,0,1
7881-INRLC,5,2,7,16,9.52,4,0,4,2,0
8033-ATFAS,3,0,8,13,5.59,2,0,7,0,1
1635-NZATJ,4,1,8,20,6.05,0,2,2,0,0
0562-HKHML,6,2,9,24,6.22,1,1,4,0,2
8277-RVRSV,3,0,14,16,11.24,3,0,6,4,1
9943-VSZUV,2,0,5,10,10.37,2,2,7,1,1
0117-LFRMW,6,3,5,9,8.19,4,2,5,5,4
6172-FECYY,7,1,11,7,6.03,1,2,3,1,3
7054-ENNGU,1,0,11,20,6.48,1,0,6,1,3
1455-HFBXA,3,1,15,61,4.89,3,0,10,1,2
9402-CXWPL,4,2,7,37,9.75,6,1,5,1,0
1628-BIZYP,1,1,7,1,8.21,2,1,5,1,2
1965-AKTSX,4,2,3,51,8.77,3,4,4,1,1
0082-LDZUE,3,2,15,36,7.12,2,2,5,4,2
4786-UKSNZ,6,2,7,3,7.6,4,4,4,2,5
5343-SGUBI,3,1,8,21,7.59,3,2,6,0,0
0856-NAOES,4,0,9,33,11.71,2,3,4,2,2
1976-AZZPJ,4,2,11,70,6.43,3,0,4,6,3
7248-VZQLC,2,0,11,4,10.11,2,1,6,3,3
6156-UZDLF,3,0,14,37,5.84,3,1,4,0,1
3099-OONVS,4,1,10,1,6.49,5,4,3,2,2
9500-WBGRP,6,0,10,23,8.83,2,0,6,0,3
5183-KLYEM,4,0,14,0,4.85,2,1,4,1,0
5144-PQCDZ,2,1,14,0,7.42,2,0,6,0,1
8514-VZHEB,3,1,17,33,5.53,2,2,6,2,3
6625-IUTTT,4,1,12,17,9.61,2,0,7,0,1
9355-NPPFS,7,3,11,40,6.72,2,2,7,1,2
0068-FIGTF,2,0,13,13,5.5,3,0,6,1,3
5965-GGPRW,2,2,8,15,8.23,6,1,6,0,1
8035-PWSEV,3,0,18,90,7.29,3,2,3,2,3
2236-HILPA,0,0,16,21,8.58,1,1,6,1,2
1840-BIUOG,2,0,12,25,5.84,1,4,3,0,1
1356-MKYSK,6,2,12,30,8.5,2,2,6,4,1
6080-LNESI,2,0,10,90,5.55,0,3,7,2,3
1830-IPXVJ,0,0,19,48,9.53,3,2,4,3,1
5828-DWPIL,4,1,8,57,9.93,2,1,2,1,2
8398-TBIYD,0,1,13,40,8.68,1,1,4,1,0
0011-IGKFF,6,4,8,29,11.56,2,4,4,1,1
4192-GORJT,3,1,4,47,10.42,4,5,4,4,1
6496-SLWHQ,4,1,9,67,10.15,3,2,2,2,3
9912-GVSEQ,7,3,4,29,7.56,4,3,4,0,2
2931-FSOHN,0,1,10,7,6.08,2,1,3,2,1
9418-RUKPH,3,0,16,15,8.24,0,1,7,1,1
5383-MMTWC,1,1,3,3,11.55,3,3,2,2,1
9971-ZWPBF,3,0,18,6,10.07,0,0,6,1,3
4712-AUQZO,2,0,9,67,7.1,5,1,3,0,2
9711-FJTBX,3,0,15,3,9.76,0,0,7,0,0
2908-ZTPNF,3,1,12,14,6.48,5,2,6,1,1
7240-ETPTR,6,3,10,2,10.83,6,2,5,3,1
2202-CUYXZ,6,2,8,16,15.34,0,4,2,0,4
5995-OIGLP,3,2,6,6,8.89,3,3,0,2,5
8421-WZOOW,3,0,16,0,8.41,0,1,7,2,0
6261-RCVNS,9,2,5,36,6.84,4,3,1,1,4
7951-QKZPL,3,2,5,21,9.02,1,0,3,2,0
1414-YADCW,2,0,8,23,9.03,2,0,6,1,3
8756-RDDLT,1,1,7,2,7.74,1,3,1,2,2
2862-PFNIK,1,1,9,33,6.85,5,4,4,0,3
5816-QVHRX,3,1,11,4,8.64,1,0,6,2,3
4430-YHXGG,1,0,10,52,7.11,2,1,7,0,0
6888-SBYAI,7,3,7,90,3.53,5,0,5,2,2
7395-XWZOY,2,0,4,35,12.04,3,4,4,3,1
7169-YWAMK,1,0,8,9,4.85,0,1,10,2,1
3640-PHQXK,6,2,3,90,8.26,1,2,4,0,1
6877-LGWXO,3,1,9,13,6.69,3,2,4,1,1
6859-RKMZJ,2,1,13,3,4.89,3,2,5,1,0
2729-VNVAP,3,0,8,43,7.65,0,3,3,0,0
2957-JIRMN,1,0,13,3,9.44,1,2,7,2,2
2049-BAFNW,3,1,10,28,5.72,2,0,6,0,3
3842-QTGDL,6,4,5,12,8.83,0,3,5,0,3
7163-OCEQI,3,1,8,21,7.74,1,0,5,1,1
9782-LGXMC,4,1,11,0,6.09,3,2,7,3,2
5975-BAICR,3,2,8,14,3.97,1,0,5,4,1
8019-ENHXU,3,2,6,35,7.86,7,1,4,2,0
5167-GBFRE,5,3,6,8,12.46,4,3,3,3,2
9033-EOXWV,3,1,9,17,8.13,5,3,1,2,1
4673-KKSLS,3,1,8,36,7.13,4,2,3,5,2
4853-OITSN,3,0,7,1,8.93,4,0,5,2,1
9800-OUIGR,4,2,13,17,8.26,2,0,5,0,0
1324-NLTJE,8,2,5,42,7.45,1,3,3,1,1
2324-EFHVG,3,1,11,1,8.64,2,0,8,0,1
7094-MSZAO,5,3,11,17,9.14,1,1,4,6,2
1522-VVDMG,8,3,6,11,8.61,7,5,6,1,3
6907-CQGPN,2,0,18,61,3.74,0,1,5,3,4
0780-XNZFN,2,0,13,26,8.2,2,0,5,0,0
0239-OXEXL,2,1,14,40,8.1,2,3,8,2,0
2675-IJRGJ,4,0,17,4,6.56,1,0,7,1,0
7049-GKVZY,1,0,17,18,3.9,2,3,8,0,1
8577-QSOCG,4,1,8,18,12.27,3,0,3,0,0
3721-CNZHX,5,1,4,24,4.93,2,1,3,1,2
0212-ISBBF,5,2,7,35,6.92,3,0,1,0,1
9185-TQCVP,7,1,8,88,11.57,2,3,1,4,4
3585-YNADK,2,1,10,39,7.38,4,1,3,2,1
5271-DBYSJ,3,1,10,88,8.23,4,2,6,2,0
1099-GODLO,4,1,10,8,4.48,0,1,5,3,0
6828-HMKWP,3,2,14,2,4.62,2,2,5,2,2
5567-WSELE,2,0,4,16,10.52,3,0,1,5,0
1472-TNCWL,1,0,10,5,6.05,3,2,7,0,0
8063-RJYNF,4,1,6,12,13.59,6,3,4,1,1
0687-ZVTHB,8,2,9,90,7.34,2,1,1,7,1
2080-GKCWQ,1,0,7,2,7.12,3,2,4,0,3
9661-ACXBS,2,1,6,67,10.13,3,1,2,5,0
2193-SFWQW,3,1,16,35,5.52,2,2,9,2,0
5656-JAMLX,2,1,13,40,5.46,2,1,6,5,0
3462-BJQQA,5,3,12,50,8.85,1,1,4,1,2
0442-TDYUO,2,0,6,3,11.15,1,2,6,0,2
6733-LRIZX,0,0,12,2,5.55,1,2,6,3,0
9503-XJUME,4,1,16,13,3.87,1,2,6,2,2
4367-NHWMM,1,0,11,20,8.71,2,1,2,5,1
3727-RJMEO,2,1,5,90,9.11,8,5,3,1,2
3779-OSWCF,6,3,15,5,5.17,4,0,10,0,0
6736-DHUQI,2,0,12,0,6.98,1,1,5,2,0
3915-ODIYG,3,1,7,24,8.53,1,2,7,1,3
1360-RCYRT,6,1,14,24,5.68,6,0,7,2,1
2724-FJDYW,2,1,21,3,2.99,2,1,6,0,1
4451-RWASJ,1,0,12,8,8.9,2,1,4,3,0
6646-VRFOL,8,0,4,16,8.48,4,5,4,0,1
3460-TJBWI,3,0,15,23,6.81,1,0,6,2,1
5917-HBSDW,5,2,9,6,7.79,2,4,5,0,0
5685-IIXLY,4,0,5,8,10.88,2,1,4,2,1
5671-UUNXD,5,2,10,43,8.15,2,5,4,2,1
0956-ACVZC,0,1,13,2,9.49,1,2,5,1,1
2325-NBPZG,5,2,9,3,9.0,1,2,6,2,3
4250-ZBWLV,9,3,4,62,5.92,4,3,3,4,1
4482-FTFFX,2,0,10,13,6.41,2,1,3,1,3
8859-DZTGQ,5,2,12,1,7.96,4,3,6,1,2
0440-MOGPM,2,2,10,30,6.43,0,0,6,0,1
0020-JDNXP,5,0,10,15,9.45,1,1,7,1,0
3752-CQSJI,4,0,20,7,7.69,1,1,6,3,0
5025-GOOKI,1,0,13,11,3.77,1,0,4,1,4
4698-KVLLG,4,1,18,60,6.77,2,2,3,3,0
5095-AESKG,5,3,8,6,9.88,1,0,3,2,1
2887-JPYLU,4,0,9,13,6.21,2,3,6,0,0
4770-QAZXN,4,1,8,5,9.08,1,3,4,1,1
4896-CPRPF,1,0,16,3,7.92,0,1,9,0,0
1871-MOWRM,3,0,8,41,10.69,2,3,2,1,2
9714-EDSUC,3,1,16,9,8.33,0,1,8,0,0
2027-OAQQC,11,5,4,8,12.55,3,1,4,3,1
0282-NVSJS,3,0,6,6,10.17,1,5,4,3,0
9090-SGQXL,4,1,4,14,11.55,5,1,1,1,1
6595-YGXIT,2,0,8,42,9.89,4,2,4,0,2
7353-YOWFP,0,1,11,56,5.95,3,0,5,3,1
9835-ZIITK,3,2,5,30,13.94,2,4,2,3,2
8008-ESFLK,4,1,9,43,8.27,1,1,5,2,0
7537-CBQUZ,1,1,7,8,6.2,3,0,5,3,0
1555-DJEQW,4,2,4,5,9.64,4,1,2,2,1
5649-TJHOV,3,0,1,37,9.21,4,0,3,1,3
0519-XUZJU,3,1,7,80,11.61,5,2,0,0,0
3363-EWLGO,2,1,11,11,7.06,2,1,3,1,3
4750-UKWJK,2,1,12,1,3.48,3,2,8,2,1
6338-AVWCY,3,3,7,23,10.98,1,0,3,3,1
1689-YQBYY,2,1,10,10,7.42,4,3,5,1,0
4487-ZYJZK,1,1,17,4,2.5,0,2,6,0,0
2959-FENLU,3,1,11,38,10.18,6,1,6,1,3
0708-LGSMF,5,2,6,81,5.01,2,2,6,1,0
9253-QXKBE,2,2,6,4,7.96,1,2,4,0,0
7634-HLQJR,5,1,15,18,7.18,2,2,3,1,1
0487-RPVUM,3,1,12,8,7.69,0,0,8,0,0
4079-ULGFR,0,0,7,36,6.38,1,1,6,0,0
2516-XSJKX,1,1,11,8,7.46,1,1,10,1,2
0057-QBUQH,0,0,6,23,9.97,0,1,4,0,2
9445-SZLCH,5,1,9,4,8.05,1,5,2,3,1
6599-SFQVE,6,1,8,26,8.36,4,2,6,0,2
8331-ZXFOE,2,0,11,12,7.04,1,0,7,0,2
4003-FUSHP,4,1,7,1,9.51,2,1,3,1,2
0356-ERHVT,3,0,9,14,8.0,3,0,5,0,0
7325-ENZFI,3,2,11,38,4.01,4,2,4,0,3
4884-ZTHVF,2,1,13,28,12.65,3,0,4,0,1
3920-HIHMQ,4,3,12,2,7.39,2,3,6,2,2
3055-OYMSE,5,0,10,90,8.49,3,1,3,3,0
0613-WUXUM,2,0,14,4,7.04,3,2,7,0,1
7568-PODML,7,5,6,31,10.46,3,6,2,4,0
4458-KVRBJ,1,0,14,7,8.07,2,0,4,3,0
5349-IECLD,5,0,7,25,11.46,2,1,1,0,3
1397-XKKWR,4,2,10,3,7.31,1,1,6,1,0
3945-GFWQL,8,2,8,87,5.04,6,3,1,5,2
8097-OMULG,4,0,20,0,5.65,1,0,7,1,1
6013-BHCAW,2,1,10,12,6.03,4,0,8,2,0
0401-WDBXM,3,1,13,70,5.2,2,0,5,0,0
3387-PLKUI,3,1,11,14,5.86,1,0,7,1,0
6096-EGVTU,3,0,12,23,6.19,1,1,5,3,0
3797-VTIDR,5,1,6,90,11.58,5,2,5,2,1
5081-NWSUP,1,0,13,19,6.54,2,1,8,0,0
2580-ATZSQ,2,0,9,25,5.32,2,1,4,0,2
8085-MSNLK,1,0,14,6,3.33,2,2,6,2,1
9691-HKOVS,3,1,7,11,4.72,7,3,5,1,1
9881-VCZEP,3,2,14,23,7.56,1,1,4,1,1
9526-BIHHD,4,4,4,14,6.79,0,3,1,2,1
8757-TFHHJ,3,1,13,55,6.38,2,2,5,1,0
4523-WXCEF,2,0,4,5,11.17,3,2,2,0,2
1468-DEFNC,3,1,9,1,7.32,2,0,2,2,0
5119-KEPFY,2,1,6,6,6.59,2,1,9,3,1
8364-TRMMK,5,0,7,45,12.87,4,1,2,4,2
0916-KNFAJ,2,0,14,5,6.18,3,1,7,1,1
8319-QBEHW,4,0,14,66,7.77,1,2,6,1,2
3063-QFSZL,6,3,7,69,9.12,0,0,2,2,0
8775-LHDJH,3,3,7,6,9.45,3,4,4,1,3
9625-QNLUX,5,1,10,1,9.01,0,2,4,1,0
3097-NQYSN,5,2,6,52,11.1,3,0,6,3,1
4024-CSNBY,2,1,12,4,3.44,1,1,5,2,2
7110-BDTWG,2,1,17,4,4.84,3,2,5,5,1
7493-GVFIO,1,0,14,64,8.9,1,2,7,1,2
0690-SRQID,6,2,9,7,5.52,1,1,5,3,0
9605-WGJVW,2,2,8,81,6.6,3,0,7,0,0
9114-DPSIA,2,1,7,16,7.19,0,1,5,2,0
4700-UBQMV,2,0,11,3,9.61,0,1,8,3,0
7711-GQBZC,2,0,16,30,8.61,1,0,4,0,1
3565-UNOCC,1,1,5,3,6.61,3,3,4,1,1
4627-MIHJH,1,1,10,24,6.46,2,0,5,0,1
9795-NREXC,1,0,18,64,5.92,1,1,6,2,0
8573-CGOCC,4,0,9,37,7.2,1,4,6,2,0
7356-AYNJP,1,0,13,54,4.45,0,1,4,1,1
9249-FXSCK,1,1,5,9,12.53,1,5,6,0,2
5493-SDRDQ,3,1,3,3,9.58,4,4,4,3,1
6286-SUUWT,6,1,4,32,6.75,2,3,1,3,4
4819-HJPIW,5,2,6,26,8.93,4,2,4,2,1
8654-DHAOW,1,0,11,47,6.96,5,1,6,1,1
5438-QMDDL,1,1,6,12,9.14,1,1,6,3,0
9812-GHVRI,4,1,6,4,6.71,1,2,4,2,1
5553-AOINX,4,1,6,10,6.8,3,0,4,1,0
1228-ZLNBX,4,2,14,2,7.58,2,2,3,1,2
4226-KKDON,6,0,16,3,9.44,3,0,7,2,1
3831-YCPUO,5,0,10,53,6.01,4,0,2,3,2
7445-WMRBW,3,0,11,18,3.57,2,0,4,0,2
3308-DGHKL,0,0,12,6,7.4,2,1,5,2,0
9924-JPRMC,3,1,16,3,7.79,2,2,5,0,0
0080-EMYVY,6,3,5,7,7.07,2,1,5,2,3
6218-KNUBD,5,4,11,14,8.87,4,0,4,1,4
7337-CINUD,5,0,10,63,7.79,1,2,7,1,0
7609-NRNCA,2,0,10,30,10.37,4,1,4,1,1
0623-EJQEG,2,0,7,7,7.79,0,2,4,0,1
7153-CHRBV,2,1,20,10,6.48,2,2,7,2,0
0871-URUWO,5,1,2,38,7.72,4,2,6,2,1
9190-MFJLN,5,2,2,33,9.12,2,0,4,1,1
6198-PNNSZ,4,0,12,24,8.69,4,0,2,1,1
3317-VLGQT,4,3,9,29,10.12,4,1,4,2,1
4132-POCZS,5,0,11,84,4.67,4,0,7,0,0
5614-DNZCE,2,0,10,31,8.72,3,1,3,3,0
1095-JUDTC,5,0,4,60,9.64,4,3,3,2,2
3896-RCYYE,3,1,6,11,12.58,0,3,4,1,2
9638-JIQYA,2,0,11,3,9.37,2,1,9,3,2
3258-SANFR,2,1,12,31,7.76,2,1,5,4,0
3726-TBHQT,1,0,11,54,4.91,3,3,6,0,0
3190-ITQXP,1,0,8,6,4.44,4,0,8,2,0
0870-VEMYL,7,1,8,1,8.63,2,2,0,0,1
4833-QTJNO,3,2,12,90,11.33,1,2,6,0,1
3039-MJSLN,7,3,16,31,7.7,6,0,3,2,0
0178-CIIKR,5,0,10,27,8.84,1,1,3,3,0
5385-SUIRI,8,2,9,3,9.56,0,6,2,1,3
3982-XWFZQ,3,1,5,17,9.48,0,2,3,4,0
5774-QPLTF,2,0,5,10,6.16,3,0,6,0,0
2322-VCZHZ,0,1,6,52,11.46,5,1,6,3,1
5010-IPEAQ,3,0,12,20,8.44,0,0,8,3,1
4009-ALQFH,5,2,7,21,6.96,4,1,2,1,2
6383-ZTSIW,3,1,12,2,3.82,2,0,6,1,0
8990-YOZLV,1,1,7,0,7.52,2,1,3,0,1
3069-SSVSN,3,1,8,21,10.02,3,1,4,2,1
5222-IMUKT,4,0,10,4,5.87,3,1,6,0,1
3627-FCRDW,9,2,7,12,8.95,1,2,4,2,0
7562-GSUHK,4,1,5,43,11.98,0,3,7,0,2
6685-XSHHU,2,0,12,2,8.15,1,2,5,0,1
8901-UPRHR,3,1,6,19,8.1,6,2,3,1,0
4903-UYAVB,5,4,9,3,11.03,3,6,3,1,2
0118-JPNOY,3,0,14,9,6.64,0,0,5,1,2
6776-TLWOI,9,4,3,29,9.0,3,5,2,2,3
3845-FXCYS,3,0,13,11,9.5,4,1,6,1,2
5857-XRECV,3,0,10,11,6.41,3,1,3,1,3
0725-CXOTM,2,0,14,0,6.31,3,2,6,0,0
4343-EJVQB,1,0,20,50,11.03,1,1,5,2,1
9000-PLFUZ,0,0,17,38,5.44,1,5,6,1,0
3427-GGZZI,2,2,11,13,11.2,3,0,6,1,1
7779-ORAEL,2,1,5,35,8.34,5,5,7,1,1
0644-OQMDK,4,0,8,4,8.48,2,3,4,0,3
4077-CROMM,6,1,4,60,10.93,1,1,3,4,3
3154-CFSZG,1,1,15,3,8.31,0,0,7,0,0
2868-MZAGQ,8,2,4,84,12.6,4,1,3,3,1
4847-QNOKA,7,2,9,23,9.45,0,3,5,2,2
2220-IAHLS,3,2,6,0,9.19,1,2,3,1,0
1658-XUHBX,3,1,15,28,6.02,0,2,6,1,1
6379-RXJRQ,6,1,8,40,8.77,1,1,3,1,1
2378-HTWFW,3,1,18,62,7.59,1,1,6,1,1
8650-RHRKE,5,2,3,57,11.37,4,0,2,3,2
4377-VDHYI,6,2,15,10,5.91,1,2,8,1,0
0475-RIJEP,2,0,7,13,6.64,3,3,4,2,1
1260-TTRXI,2,2,6,54,7.81,5,1,3,0,6
3719-TDVQB,1,0,12,4,4.88,1,1,7,2,1
6328-ZPBGN,8,0,7,90,12.39,6,2,3,2,2
0201-MIBOL,4,1,15,71,5.73,1,0,6,4,1
4937-QPZPO,2,0,16,8,8.92,2,1,5,1,1
2925-VDZHY,4,2,10,39,8.24,0,2,8,1,0
6981-TDRFT,4,0,14,24,5.55,1,3,1,1,1
3413-CSSTH,1,0,6,58,10.73,2,0,4,1,2
8033-VCZGH,2,1,9,71,7.96,1,0,6,0,0
4789-KWMXN,5,1,6,32,7.88,1,3,1,2,2
0224-NIJLP,1,0,10,14,6.47,2,2,6,1,2
7542-CYDDM,1,1,11,18,6.81,2,1,6,0,0
4718-WXBGI,2,1,7,9,6.31,0,1,9,0,1
2867-UIMSS,5,2,5,52,10.65,4,3,5,1,2
8495-PRWFH,5,1,6,90,6.93,3,2,5,2,1
0439-IFYUN,4,1,6,3,8.3,2,0,6,1,0
5716-LIBJC,2,1,10,6,7.73,0,3,5,0,0
2868-LLSKM,6,2,12,88,4.9,1,1,5,3,3
8111-RKSPX,5,2,4,7,10.59,2,3,3,2,1
2988-QRAJY,3,1,12,6,9.84,4,1,6,0,0
1585-MQSSU,1,0,8,59,9.37,1,2,2,4,1
0071-NDAFP,3,0,13,16,8.22,3,0,7,1,0
2856-NNASM,7,3,6,1,7.81,3,2,4,3,1
7328-ZJAJO,1,0,10,13,10.85,4,1,6,2,1
6458-CYIDZ,1,0,11,34,9.07,2,5,4,1,1
8559-CIZFV,5,1,5,19,11.2,2,1,4,2,4
1090-PYKCI,4,1,15,8,5.84,1,3,8,0,3
3058-WQDRE,2,1,11,55,9.02,0,3,7,3,0
7547-EKNFS,1,1,7,12,10.59,5,2,4,3,1
2279-AXJJK,4,0,15,34,9.89,2,1,3,3,1
6769-DYBQN,6,4,4,41,12.44,6,2,3,1,0
0909-SELIE,2,0,15,2,6.56,1,1,5,2,1
3417-TSCIC,1,0,12,19,9.41,1,0,5,0,0
1042-HFUCW,4,1,15,48,8.35,3,3,7,0,0
4439-JMPMT,3,1,6,90,7.56,2,4,0,3,0
6537-OTKMY,2,2,13,28,11.22,1,0,4,2,2
8999-EXMNO,1,0,19,1,6.24,2,2,6,2,1
6725-TPKJO,2,0,13,4,7.9,2,2,4,0,1
2446-BEGGB,3,1,8,36,10.39,3,2,2,1,3
7162-WPHPM,2,0,14,23,5.13,2,1,7,4,0
1599-MMYRQ,2,1,14,18,8.71,1,1,5,1,1
8821-KVZKQ,1,0,13,47,6.59,0,0,4,4,0
1496-GGSUK,5,0,5,90,7.3,6,6,2,2,4
6434-TTGJP,4,1,8,9,6.35,3,2,4,0,1
0042-JVWOJ,3,1,14,2,3.39,1,2,8,0,1
0130-SXOUN,2,1,13,3,5.09,4,2,3,1,1
2575-GFSOE,8,5,5,44,11.91,3,2,4,4,2
2330-PQGDQ,4,0,8,13,4.33,1,1,7,2,1
1452-UZOSF,1,0,12,52,7.82,2,0,5,0,1
2097-YVPKN,1,1,11,11,5.84,0,0,4,2,0
2842-JTCCU,4,1,6,24,12.07,3,2,5,1,1
8597-CTXVJ,4,1,14,7,6.61,2,2,6,1,0
6631-HMANX,1,1,6,28,4.52,1,1,6,3,1
9962-BFPDU,2,0,12,19,8.9,2,1,4,2,2
3296-SILRA,5,2,6,6,9.16,3,5,3,3,2
9681-OXGVC,1,0,7,14,11.24,1,1,2,5,4
6394-HHHZM,3,0,1,8,9.17,5,2,1,1,0
5995-LFTLE,2,1,11,4,4.85,1,3,4,2,2
5180-UCIIQ,6,1,9,3,9.6,1,3,0,2,2
1932-UEDCX,1,1,5,43,6.76,0,2,5,3,3
7153-OANIO,4,1,9,90,9.34,7,1,2,6,2
5188-HGMLP,2,0,12,24,7.11,1,1,8,3,1
0665-XHDJU,3,0,18,75,4.05,2,2,6,1,1
6521-YYTYI,7,4,3,39,10.53,2,0,3,3,0
8878-HMWBV,5,2,11,23,9.22,1,6,6,1,1
8265-HKSOW,2,0,11,9,4.48,3,0,4,0,1
3544-FBCAS,1,0,15,7,5.29,1,0,8,0,0
5331-RGMTT,2,1,9,0,5.09,2,2,3,1,0
4759-PXTAN,2,0,12,22,11.79,4,2,7,3,0
7054-DMVAS,3,2,10,1,6.55,2,1,4,0,2
3428-MMGUB,4,0,11,18,8.04,0,1,6,1,4
6549-BTYPG,5,0,8,7,10.83,1,2,7,2,2
7823-JSOAG,5,1,8,58,13.74,0,0,5,0,0
3705-RHRFR,3,0,14,19,5.74,0,0,6,2,0
9374-YOLBJ,1,1,12,80,7.21,1,1,8,1,1
9074-KGVOX,3,2,4,1,6.0,2,1,3,0,1
6128-DAFVY,3,1,16,2,6.9,4,1,6,2,1
9933-QRGTX,9,4,10,71,4.05,2,5,3,2,2
4476-OSWTN,2,1,6,82,10.49,2,3,5,2,0
3751-KTZEL,8,2,2,9,10.81,4,3,2,1,1
1977-STDKI,7,1,1,90,9.49,2,1,3,2,1
5066-GFJMM,2,1,21,10,4.22,2,1,4,4,1
2661-GKBTK,1,1,14,2,9.4,0,0,5,2,1
0458-HEUZG,7,3,7,4,6.06,2,0,5,2,1
7268-WNTCP,0,0,11,16,10.75,2,2,6,2,1
0824-VWDPO,2,0,9,0,6.63,4,2,5,0,2
8409-WQJUX,2,1,12,19,7.22,1,0,5,1,0
2578-JQPHZ,1,0,9,39,4.94,5,0,4,0,0
3278-FSIXX,1,1,21,55,9.55,2,2,5,0,2
5813-UECBU,6,3,5,11,6.56,3,1,0,2,2
0328-GRPMV,2,0,6,35,11.49,5,2,2,0,2
9746-UGFAC,1,0,13,12,9.92,1,2,6,1,0
2946-KIQSP,3,0,11,27,4.16,2,1,3,0,0
0625-AFOHS,1,0,12,69,9.23,3,2,6,1,0
6726-WEXXK,1,0,20,9,9.64,0,0,8,1,1
4636-OLWOE,7,3,7,34,8.44,2,1,5,1,0
4342-HENTK,4,2,3,90,11.15,3,0,3,3,2
4685-ERGHK,3,0,11,90,8.29,4,2,7,1,0
0885-HMGPY,1,0,13,48,7.11,3,1,6,2,1
5003-OKNNK,2,0,8,18,5.57,1,1,7,0,0
4195-SMMNX,2,1,1,90,9.82,2,2,2,0,2
7208-PSIHR,5,2,10,27,7.19,1,2,7,1,1
4012-ZTHBR,3,1,14,11,10.51,1,0,6,1,1
0489-WMEMG,6,1,5,11,7.58,3,1,6,1,1
7435-ZNUYY,3,2,11,3,8.42,2,2,5,1,2
1354-YZFNB,4,0,10,29,7.98,4,1,7,2,0
6956-SMUCM,2,1,6,20,10.76,5,0,6,3,1
2985-FMWYF,4,2,13,17,6.7,1,1,4,3,1
2812-ENYMO,2,0,14,7,8.43,1,0,5,0,0
2717-HVIZY,1,0,9,31,8.12,2,2,2,3,2
3223-WZWJM,5,2,7,81,11.34,6,1,3,1,0
3422-GALYP,3,0,6,90,6.42,1,2,5,2,0
9053-JZFKV,3,1,8,31,9.52,1,3,5,1,2
2530-ENDWQ,1,1,3,8,12.78,1,2,4,0,1
2890-WFBHU,4,0,8,10,11.79,0,1,2,2,1
0327-WFZSY,5,3,9,22,9.04,1,1,4,1,0
7977-HXJKU,0,0,15,24,4.68,1,3,5,2,0
6615-ZGEDR,7,3,4,90,6.14,3,3,3,0,2
7033-CLAMM,1,0,21,3,7.48,0,0,7,0,1
4023-RTIQM,4,1,15,10,10.6,3,1,5,1,0
0864-FVJNJ,2,2,10,3,6.84,3,2,6,0,3
7356-IWLFW,3,0,9,71,7.91,2,0,7,1,0
9541-PWTWO,2,1,16,32,7.34,5,3,5,1,0
3967-VQOGC,2,1,10,9,12.86,3,0,9,0,1
7872-RDDLZ,4,3,18,1,7.82,0,1,7,0,1
9250-WYPLL,7,3,4,16,10.33,5,4,2,3,1
6308-CQRBU,3,1,11,6,6.23,2,2,5,1,1
2754-XBHTB,7,5,9,46,10.16,2,2,4,4,1
1597-LHYNC,6,3,8,31,12.24,0,3,5,2,0
0186-CAERR,2,1,22,20,5.11,2,1,7,0,0
3043-SUDUA,3,0,8,1,9.36,4,1,7,2,0
5442-BHQNG,1,0,8,46,10.72,1,0,7,3,3
2169-RRLFW,2,0,12,4,4.69,1,0,9,0,2
5872-OEQNH,3,0,14,33,9.18,0,1,7,3,3
3162-KKZXO,1,0,6,37,12.4,5,1,4,1,0
7055-VKGDA,4,3,4,35,7.43,2,1,3,2,1
0754-UKWQP,8,4,3,7,9.65,7,0,2,3,2
8873-GLDMH,4,3,8,19,9.25,1,3,4,0,1
5696-JVVQY,5,1,9,30,8.86,2,2,4,2,0
8946-BFWSG,2,0,10,2,5.12,1,3,4,0,0
7493-TPUWZ,5,1,6,90,7.41,1,1,6,6,4
0547-HURJB,4,3,12,48,5.75,2,1,5,2,0
8904-OPDCK,1,0,7,6,8.32,2,3,4,1,0
8845-LWKGE,0,1,22,15,5.76,3,1,6,1,1
1577-HKTFG,4,1,7,14,11.61,2,0,3,2,1
8752-STIVR,4,1,7,9,12.35,3,1,3,2,1
0691-NIKRI,5,2,11,9,5.46,0,0,6,0,0
5022-JNQEQ,7,2,5,11,8.97,2,1,5,0,2
4558-FANTW,4,2,9,84,10.17,6,1,4,6,1
3249-VHRIP,2,0,12,66,12.08,5,2,5,1,0
3736-BLEPA,5,1,15,15,6.42,3,0,5,0,1
4701-LKOZD,4,2,9,27,8.37,1,1,7,2,0
6603-QWSPR,5,0,14,13,11.53,1,2,6,0,1
9921-QFQUL,3,0,11,5,4.57,3,0,5,3,1
1929-ZCBHE,5,0,11,31,10.38,3,1,6,0,0
4378-MYPGO,1,0,9,30,5.96,2,2,5,0,2
8651-ENBZX,3,2,4,48,6.88,5,2,5,2,0
4129-LYCOI,1,0,18,19,7.34,3,1,7,0,0
7798-JVXYM,3,3,13,2,7.37,2,1,8,4,2
8647-SDTWQ,3,1,10,7,9.42,3,1,4,0,2
2696-ECXKC,2,0,10,26,8.18,2,1,7,0,2
2081-KJSQF,4,1,9,2,8.11,5,1,5,1,5
7623-TRNQN,5,3,3,48,13.41,3,0,3,4,1
3323-CPBWR,4,0,12,23,10.61,1,2,7,0,3
9330-IJWIO,4,1,5,18,10.8,2,3,1,1,2
3384-CTMSF,5,1,8,24,9.05,3,0,1,0,2
0902-RFHOF,4,2,7,33,9.11,2,0,8,1,2
9286-DOJGF,5,1,5,63,9.97,5,2,3,2,2
6048-QBXKL,2,0,6,3,5.94,4,1,6,2,0
9661-MHUMO,6,3,9,28,9.72,1,3,3,2,1
7718-RXDGG,1,0,8,48,7.19,1,4,3,0,2
1025-FALIX,5,1,14,0,8.51,3,3,5,2,1
3451-VAWLI,1,0,11,12,4.82,1,5,5,1,1
3407-QGWLG,3,1,11,15,5.84,2,1,4,0,1
1842-EZJMK,7,2,6,22,12.21,5,6,6,1,1
2347-WKKAE,3,1,4,5,9.05,2,2,5,2,4
8735-DCXNF,1,0,8,0,6.88,0,0,4,0,1
3214-IYUUQ,0,1,7,62,7.29,2,1,4,1,1
1936-UAFEH,4,1,16,0,6.95,1,3,7,1,1
3587-PMCOY,1,0,13,30,8.53,4,0,4,2,2
8079-XRJRS,2,1,8,40,6.64,1,1,4,1,0
1027-LKKQQ,1,0,13,53,6.85,1,1,7,1,1
7148-XZPHA,4,1,11,45,8.04,2,0,8,1,3
8073-IJDCM,7,2,4,12,9.68,1,2,2,4,3
5309-TAIKL,0,0,7,0,5.1,2,1,6,3,2
6856-RAURS,1,1,18,68,7.98,4,0,5,3,1
8778-LMWTJ,6,3,9,22,8.17,0,2,5,2,0
9717-IOAAF,1,0,8,14,5.58,0,3,6,2,2
8884-ADFVN,3,1,9,90,8.12,3,2,4,4,0
2845-KDHVX,2,1,10,2,8.36,1,3,8,0,2
0848-SOMKO,2,0,18,80,6.76,1,1,7,0,1
2720-WGKHP,4,1,8,90,10.88,3,6,5,1,1
6734-FQAJX,3,1,8,90,12.62,3,1,4,2,0
2869-ADAWR,5,3,4,90,11.12,3,2,4,1,2
1535-VTJOQ,0,0,10,61,6.85,2,1,2,1,1
6368-TZZDT,2,1,12,25,9.62,0,2,2,2,0
0943-ZQPXH,2,0,9,4,7.46,2,2,9,3,1
1293-BSEUN,1,0,20,11,6.22,2,1,8,0,3
9894-EZEWG,5,2,4,12,8.16,2,2,2,0,2
1302-TPUBN,0,0,14,9,7.33,1,1,7,1,0
7851-FLGGQ,3,0,3,15,9.37,1,2,4,1,1
0637-UBJRP,7,2,4,88,11.76,5,2,4,3,3
0940-OUQEC,6,3,1,19,11.15,3,2,0,0,4
2378-VTKDH,2,1,10,13,6.29,1,3,3,0,1
0927-CNGRH,3,0,11,9,5.46,3,0,5,1,2
8608-OZTLB,2,1,11,29,8.31,4,0,4,2,0
2335-GSODA,2,1,9,0,9.17,2,2,6,1,1
1952-DVVSW,5,1,13,50,9.73,2,1,4,0,1
0702-PGIBZ,3,2,9,9,13.09,1,2,4,3,3
6656-GULJQ,2,0,15,10,8.19,4,2,5,1,3
9853-JFZDU,1,0,11,32,8.96,1,0,5,2,1
1963-VAUKV,6,2,10,14,12.24,1,2,3,0,0
3777-XROBG,4,3,13,26,11.41,1,0,6,0,2
6994-FGRHH,4,0,15,25,8.43,1,0,8,1,1
4000-VGMQP,2,1,17,14,5.78,2,0,6,1,1
3999-WRNGR,3,1,10,2,10.35,2,0,5,2,1
3466-RITXD,3,1,11,19,5.4,1,0,4,1,2
2680-XKKNJ,4,1,14,6,10.51,5,3,3,3,2
3058-HJCUY,6,1,3,16,12.7,7,4,6,3,1
2974-GGUXS,1,0,8,29,10.67,2,2,3,2,3
7994-XIRTR,3,0,16,9,4.81,1,1,4,2,0
3259-FDWOY,1,1,4,18,10.38,3,3,4,4,3
2101-RANCD,5,2,10,15,10.66,3,0,3,1,0
7921-BEPCI,1,1,12,12,8.77,1,3,6,4,1
0807-ZABDG,2,0,8,67,10.07,7,1,1,0,1
8510-TMWYB,5,2,17,28,7.68,1,1,8,1,0
3258-ZKPAI,0,0,13,9,12.9,1,1,5,2,1
1428-IEDPR,4,1,13,37,5.69,3,1,5,3,1
5298-GSTLM,4,0,20,10,5.5,2,2,7,2,2
4450-YOOHP,2,1,13,24,5.63,0,3,7,2,0
6728-CZFEI,2,0,16,12,11.52,4,1,6,0,2
5748-RNCJT,2,1,5,48,11.37,0,1,6,2,0
3653-NCRDJ,5,1,16,24,5.82,1,1,7,0,0
6121-TNHBO,4,1,14,11,12.65,2,3,2,3,1
5119-NZPTV,4,0,4,30,6.21,1,1,5,1,1
6519-ZHPXP,3,1,12,53,5.75,3,0,6,1,0
7739-LAXOG,7,3,7,27,7.68,2,1,1,1,1
3472-QPRCH,2,0,12,7,6.6,0,0,7,2,1
8224-UAXBZ,5,0,6,51,7.84,3,2,4,0,1
9610-WCESF,3,0,8,56,8.37,1,1,5,1,0
9776-CLUJA,3,1,3,64,12.45,4,1,2,5,2
2486-WYVVE,3,0,7,3,7.46,1,1,6,1,0
3865-ZYKAD,1,0,13,10,7.39,2,2,3,3,1
1422-DGUBX,3,0,12,0,8.41,2,1,6,1,0
2999-AANRQ,3,0,9,2,11.36,3,1,7,1,1
8668-KNZTI,2,0,11,8,7.02,2,1,5,0,3
0480-KYJVA,5,2,13,7,6.67,0,1,6,2,1
6034-ZRYCV,5,1,4,90,11.58,3,4,1,2,0
9746-YKGXB,3,1,12,57,7.56,5,0,4,1,0
3926-YZVVX,4,1,8,6,8.28,1,0,4,0,2
6000-UKLWI,3,0,19,16,6.32,2,0,9,0,1
2079-FBMZK,4,4,5,0,7.63,2,2,2,1,3
6332-FBZRI,1,0,14,8,5.72,2,0,5,1,2
2096-XOTMO,0,0,15,49,10.4,3,2,6,0,0
3266-FTKHB,4,1,16,76,8.07,3,2,4,5,0
8221-EQDGL,1,0,12,0,7.93,1,0,7,3,0
2346-LOCWC,3,0,12,14,8.04,0,4,5,1,0
6608-QQLVK,7,1,2,90,9.45,2,4,3,1,1
0298-XACET,3,1,9,2,7.41,2,3,5,2,0
7560-QJAVJ,6,3,10,51,6.85,3,3,4,2,3
2995-YWTCD,6,4,6,17,8.41,1,1,7,0,3
3551-HUAZH,9,3,10,90,7.95,3,3,4,2,3
9137-UIYPG,3,2,9,68,10.16,0,2,7,1,2
2809-ZMYOQ,3,1,13,56,8.32,2,1,6,2,2
5084-OOVCJ,7,2,7,90,5.3,3,0,4,0,1
0254-WWRKD,1,1,11,55,7.19,0,2,4,1,1
7727-SHVZV,2,2,9,22,6.98,0,1,8,1,3
6302-JGYRJ,5,2,7,17,11.94,3,3,3,1,1
5339-PXDVH,6,3,10,90,8.62,5,3,4,2,2
2205-LPVGL,1,1,9,4,6.77,1,4,4,6,0
8782-NUUOL,5,1,17,26,3.16,1,3,6,1,2
3685-YLCMQ,6,2,5,9,8.78,0,6,4,1,3
7601-WFVZV,5,0,11,25,10.85,1,3,6,0,2
4609-KNNWG,2,2,9,63,8.62,1,0,9,1,0
4868-AADLV,2,0,11,27,6.17,3,1,5,1,1
9529-OFXHY,5,0,13,8,7.54,2,1,5,3,1
8634-MPHTR,5,2,7,58,10.18,1,1,3,1,3
2669-QVCRG,5,1,15,48,11.08,0,0,6,1,0
2478-EEWWM,0,0,6,39,7.49,3,2,5,1,1
9174-IHETN,6,0,6,57,6.49,0,0,3,1,1
2233-TXSIU,4,2,9,30,8.16,3,2,3,0,0
9644-UMGQA,4,1,7,1,9.1,0,2,7,1,3
3256-EZDBI,3,2,7,49,9.7,2,1,4,3,3
8761-NSOBC,8,5,5,49,11.52,3,3,2,1,2
0419-YAAPX,3,1,10,1,12.64,4,1,8,2,1
8413-VONUO,6,2,3,1,7.58,2,2,4,3,0
0872-CASZJ,1,0,11,16,7.28,0,2,5,0,1
4726-DLWQN,3,3,14,37,7.75,1,0,3,3,1
8164-OCKUJ,1,0,16,5,3.93,3,3,8,0,1
3094-JOJAI,5,3,12,8,6.1,5,3,3,1,1
9494-MRNYX,3,3,9,2,7.8,4,0,2,3,1
2599-CZABP,4,1,9,2,7.99,2,1,5,2,4
7945-PRBVF,1,1,13,0,6.95,1,0,3,1,1
4544-RXFMG,2,1,14,55,4.13,1,0,3,1,2
0859-YGKFW,2,0,8,31,5.2,3,2,6,0,1
1150-FTQGN,2,2,22,55,6.37,1,1,6,1,0
9223-UCPVT,4,2,8,8,9.47,2,3,1,1,0
7196-LIWRH,0,0,23,4,7.02,4,2,7,2,0
5448-VWNAM,3,0,12,5,6.75,1,0,3,2,0
1177-XZBJL,3,1,13,34,5.78,0,1,6,0,0
3518-FSTWG,1,0,13,11,7.1,3,0,4,0,0
9330-VOFSZ,2,0,12,3,7.64,4,2,6,2,1
4351-QLCSU,5,2,5,22,8.07,8,3,3,4,3
0939-EREMR,4,0,14,11,11.56,6,3,4,1,0
9389-ACWBI,5,1,11,13,3.16,4,0,4,0,1
5419-JPRRN,9,4,6,18,11.29,3,2,3,2,2
3644-QXEHN,3,2,7,8,10.7,7,2,3,3,0
2911-IJORQ,2,0,12,9,9.62,2,0,4,2,1
5921-NGYRH,1,0,16,61,8.19,1,2,5,2,1
2100-BDNSN,4,0,5,35,7.19,3,3,4,4,2
5998-DZLYR,6,3,10,46,11.29,2,4,3,0,0
0488-GSLFR,9,4,5,7,7.22,2,5,2,1,2
9318-NKNFC,6,1,7,4,7.75,2,1,5,1,2
3985-HOYPM,4,0,9,1,6.68,1,0,4,2,0
9728-FTTVZ,3,0,7,82,7.42,3,2,7,2,5
9548-LERKT,1,0,12,33,4.16,0,2,8,2,0
6576-FBXOJ,3,1,11,18,5.7,0,1,4,3,2
4310-KEDTB,5,2,12,62,3.84,2,2,4,1,1
7254-IQWOZ,5,1,5,0,10.1,1,2,4,1,0
2474-BRUCM,9,3,5,77,9.06,1,1,6,1,1
4062-HBMOS,3,1,8,60,7.93,1,3,3,2,1
0742-NXBGR,4,1,4,90,10.52,3,1,5,3,0
2676-ISHSF,3,0,13,63,8.47,1,1,6,1,1
9236-NDUCW,6,0,8,26,6.57,1,2,4,4,1
4753-PADAS,2,1,10,26,8.97,1,2,7,0,1
6103-QCKFX,5,2,5,13,8.25,1,0,4,3,1
7781-EWARA,4,1,12,0,6.02,2,2,6,2,0
6110-OHIHY,5,2,10,90,9.65,3,2,3,2,2
7018-FPXHH,0,0,13,8,10.13,2,5,3,1,1
5889-LFOLL,7,4,5,9,8.77,4,3,2,3,0
5708-EVONK,3,2,3,12,11.21,2,3,4,2,3
8708-XPXHZ,6,1,4,41,7.92,0,2,5,1,1
0616-ATFGB,4,3,3,11,9.98,1,1,2,2,3
0572-ZJKLT,2,0,9,40,7.63,2,1,5,0,0
5135-RDDQL,6,1,12,15,4.96,1,1,8,0,0
1353-LJWEM,3,1,6,1,7.4,4,1,8,2,0
1794-SWWKL,2,1,8,28,5.73,2,2,6,0,1
6166-YIPFO,0,0,13,5,4.54,2,0,6,0,1
7016-BPGEU,5,1,2,23,9.77,4,2,4,0,2
6876-ADESB,2,2,6,9,13.07,2,2,4,1,1
9332-GYWLO,5,3,14,30,8.32,1,1,6,0,0
1963-SVUCV,9,5,5,10,9.99,4,5,5,1,0
4184-VODJZ,2,0,10,34,10.52,2,4,6,1,2
0220-EBGCE,4,2,6,30,7.34,3,5,6,3,3
1092-WPIVQ,6,1,11,10,10.33,1,0,6,2,1
7233-IOQNP,2,0,10,14,7.36,3,2,4,0,2
2834-JKOOW,0,0,15,3,8.15,1,0,7,3,1
2754-VDLTR,2,2,8,42,11.31,1,1,3,3,5
2400-FEQME,6,0,8,7,8.64,0,2,6,3,3
3190-XFANI,4,1,4,1,9.21,4,5,4,2,2
7551-DACSP,7,1,9,44,11.6,2,3,5,3,1
4957-SREEC,1,0,9,18,6.9,1,2,3,0,0
7235-NXZCP,2,1,7,0,9.02,3,1,4,1,2
0230-UBYPQ,2,0,11,64,6.95,0,2,5,1,1
4923-ADWXJ,1,1,15,34,8.54,3,2,5,1,0
1763-KUAAW,1,0,9,22,5.98,1,2,2,2,1
1104-TNLZA,5,1,11,0,7.1,2,1,5,4,1
5195-KPUNQ,4,0,13,12,3.34,0,0,7,2,0
0520-FDVVT,7,3,9,8,9.4,1,1,5,4,3
3439-GVUSX,3,2,11,11,9.3,3,2,6,1,1
1444-VVSGW,4,2,6,4,16.25,1,2,2,3,2
5712-PTIWW,4,1,3,1,10.45,6,2,1,1,0
5949-HGVJL,1,1,7,11,11.03,0,2,7,3,2
5203-XEHAX,3,1,16,0,6.7,2,1,7,0,0
1635-HDGFT,4,1,12,11,7.83,1,2,5,2,1
3315-TOTBP,6,4,4,12,9.73,5,3,3,3,0
8050-XGRVL,3,1,9,90,7.56,3,0,7,0,0
6661-HBGWL,5,3,8,31,9.87,1,4,1,0,1
1518-VOWAV,5,1,5,15,9.3,6,3,3,0,2
9828-QHFBK,2,0,11,11,11.44,3,2,7,4,2
3908-MKIMJ,6,3,10,4,9.34,4,1,2,0,1
5012-YSPJJ,3,1,12,4,4.79,0,1,8,1,0
5909-ECHUI,6,3,6,4,11.2,3,1,2,1,3
1309-BXVOQ,4,2,3,43,11.97,6,2,2,2,0
6728-VOIFY,0,1,10,9,4.59,2,0,5,0,2
9317-WZPGV,5,2,1,22,12.04,3,2,4,2,2
4891-NLUBA,4,0,13,22,8.85,2,2,6,0,3
2856-HYAPG,4,1,6,16,10.71,5,2,4,2,0
8969-PRHFK,4,0,16,27,10.49,1,0,7,1,2
0661-KQHNK,4,1,13,34,9.68,3,2,4,2,0
8709-KRDVL,6,2,9,43,7.23,3,2,4,2,0
4488-PSYCG,2,0,2,26,10.21,4,2,3,4,3
1427-VERSM,4,1,7,39,10.83,0,3,6,3,0
9801-NOSHQ,3,0,9,0,6.35,2,0,5,1,3
6339-YPSAH,2,0,12,10,6.63,2,1,4,0,0
3621-CEOVK,8,3,4,90,10.61,2,1,2,6,0
6906-ANDWJ,4,1,5,16,9.55,1,3,5,1,2
2159-TURXX,2,1,11,12,13.36,2,1,5,2,1
1548-FEHVL,8,2,7,73,11.09,1,2,5,2,1
3795-CAWEX,2,0,12,29,12.39,1,1,3,2,3
6215-NQCPY,0,0,8,19,10.24,1,1,7,3,1
5647-URDKA,3,0,10,35,7.61,4,3,6,0,3
2229-DPMBI,2,1,11,0,2.75,1,1,7,2,0
9626-WEQRM,1,1,13,23,8.18,0,1,5,0,0
2188-SXWVT,3,0,11,30,5.66,3,1,7,3,1
6258-PVZWJ,6,1,16,33,4.75,3,2,3,4,4
1094-BKOSX,2,1,18,17,8.97,3,1,4,1,1
6969-MVBAI,5,2,12,19,5.95,0,0,4,2,0
2978-XXSOG,3,0,13,1,6.26,3,0,5,1,0
2342-CKIAO,2,1,7,3,7.13,1,2,5,1,1
6953-PBDIN,2,1,14,0,6.48,0,1,7,0,0
3898-BSJYF,1,0,18,11,6.37,1,1,8,1,0
3938-YFPXD,4,1,20,14,8.82,2,1,6,1,1
7696-AMHOD,3,1,10,12,7.33,2,2,6,2,1
2453-SAFNS,2,0,18,10,3.89,6,2,5,0,2
9558-IHEZX,3,2,9,12,10.53,2,1,7,3,0
9617-UDPEU,5,3,8,37,5.2,5,0,5,1,1
6340-DACFT,2,1,15,5,5.06,1,0,6,3,2
4955-VCWBI,2,0,16,3,10.5,2,0,5,3,0
6813-GZQCG,3,1,15,28,7.44,3,1,6,1,0
7426-GSWPO,4,1,13,33,10.32,1,1,6,2,2
3389-KTRXV,4,0,14,31,8.33,5,1,7,1,0
3118-UHVVQ,0,0,23,0,7.97,2,0,6,4,0
1031-IIDEO,5,1,1,36,8.54,2,5,3,6,1
5832-XKAES,4,1,7,15,9.56,1,2,1,2,4
3205-MXZRA,2,1,10,25,10.97,1,1,3,1,2
4701-AHWMW,9,5,5,56,8.54,1,2,3,3,0
8317-BVKSO,2,0,9,20,7.74,3,1,5,0,3
5702-KVQRD,1,0,11,0,8.0,0,0,6,1,0
0083-PIVIK,0,0,13,64,6.35,1,0,7,2,0
9210-IAHGH,6,2,5,66,8.49,3,4,1,2,2
6169-PGNCD,3,1,16,8,6.18,1,2,4,0,0
0023-XUOPT,5,1,4,34,9.55,3,1,0,3,3
4592-IWTJI,4,0,4,54,6.91,9,2,2,0,2
4909-JOUPP,3,0,13,37,7.81,2,2,8,1,4
4657-FWVFY,7,4,16,21,10.82,1,2,7,2,1
2257-BOVXD,2,2,8,35,1.1,1,1,7,3,2
7729-JTEEC,3,1,11,34,8.63,2,2,4,0,1
7632-MNYOY,2,1,9,55,3.77,6,1,1,2,2
6518-LGAOV,5,2,6,57,12.86,3,1,4,2,2
7242-QZLXF,4,1,7,0,8.71,3,3,6,2,3
4576-CSAJH,6,2,5,13,9.88,5,1,3,1,3
1000-AJSLD,4,0,5,28,7.83,3,2,2,2,1
9696-RMYBA,3,0,14,25,10.67,2,1,5,1,1
8690-UPCZI,1,1,11,22,10.78,3,0,6,3,1
1062-LHZOD,11,5,6,6,7.68,6,2,6,3,0
9770-LXDBK,4,1,11,37,5.3,1,1,5,3,0
4086-WITJG,6,3,13,32,9.54,4,2,7,1,0
8344-WFMFH,1,0,12,35,9.9,1,0,6,1,0
9600-NAXZN,6,3,2,5,9.13,3,0,4,0,4
8822-KNBHV,3,1,8,40,4.97,3,0,7,1,0
8404-FYDIB,1,0,13,31,11.41,2,0,6,1,4
2791-SFVEW,1,0,20,29,6.86,0,0,5,0,0
6457-USBER,4,2,6,18,9.25,3,3,1,1,0
6762-NSODU,2,0,10,11,6.78,2,2,6,1,0
4662-EKDPQ,6,3,5,1,6.96,2,2,2,6,4
9248-OJYKK,7,4,3,34,8.66,4,1,5,7,1
9888-ZCUMM,1,1,15,2,4.64,1,2,7,1,1
3398-FSHON,4,1,5,6,5.93,4,2,1,1,2
3319-DWOEP,7,2,8,19,8.2,1,1,2,3,2
1074-WVEVG,1,1,11,6,6.79,1,1,5,1,2
9979-RGMZT,1,1,14,42,5.67,1,1,7,2,3
6437-UDQJM,3,0,12,3,6.47,2,0,5,1,0
1226-IENZN,3,2,7,4,6.23,2,2,6,1,1
2108-GLPQB,4,2,8,35,8.65,4,2,4,0,0
9259-PACGQ,5,1,6,1,11.81,3,2,0,0,3
4415-IJZTP,5,2,8,25,11.16,1,2,3,3,1
1465-VINDH,5,4,2,90,10.19,5,5,0,4,0
5474-LAMUQ,1,0,12,10,8.72,0,4,5,1,0
3468-DRVQJ,2,1,13,54,6.05,1,2,6,1,1
1122-YJBCS,1,1,13,0,5.5,4,2,7,3,1
4990-ALDGW,1,1,9,7,7.28,1,1,6,0,2
4816-OKWNX,3,0,14,22,6.63,0,2,3,0,2
3315-IKYZQ,6,1,8,11,10.19,3,1,4,1,0
2810-FTLEM,4,3,4,73,13.91,3,2,1,1,2
4747-LCAQL,5,0,20,3,12.6,0,2,5,3,1
3411-WLRSQ,1,0,10,37,9.44,1,1,7,2,0
0898-XCGTF,2,1,20,12,7.75,3,1,10,0,2
8006-PYCSW,4,2,6,21,3.8,2,0,5,2,1
8249-THVEC,2,0,10,2,5.84,4,1,6,0,0
8722-PRFDV,3,0,17,17,5.57,1,0,5,0,1
2164-SOQXL,6,2,15,4,5.82,1,2,5,2,1
4020-KIUDI,2,0,9,22,9.56,2,2,3,1,0
5850-BDWCY,1,0,9,1,11.0,4,2,7,2,1
2038-YSEZE,3,2,12,90,6.53,1,3,6,0,0
0827-ITJPH,2,1,11,23,5.48,1,0,6,2,2
8799-OXZMD,2,0,13,12,6.62,2,3,6,1,1
1925-TIBLE,8,4,1,12,6.26,3,2,4,3,1
1705-GUHPV,2,0,15,32,10.32,1,1,7,2,1
4779-ZGICK,2,0,14,37,8.54,2,3,6,0,2
0048-PIHNL,1,1,14,13,4.51,3,0,6,0,0
0818-OCPZO,5,2,8,69,7.51,3,2,3,3,3
3967-KXAPS,0,0,19,19,9.41,0,0,5,0,1
1447-GIQMR,7,2,8,18,11.65,2,0,2,3,1
3704-IEAXF,1,0,6,58,11.92,5,0,6,2,0
6810-VCAEX,1,0,16,2,4.26,0,2,10,3,1
0674-EYYZV,1,0,9,9,11.55,4,3,4,0,1
4480-MBMLB,2,1,11,39,5.24,3,1,3,2,0
1395-OFUWC,3,1,6,76,7.82,4,0,3,1,0
0822-QGCXA,1,1,16,15,4.35,0,0,4,1,2
0872-NXJYS,8,0,5,17,9.0,4,3,2,2,1
2832-KJCRD,5,1,7,16,8.48,3,4,6,1,0
3588-WSTTJ,2,0,12,21,7.03,3,1,7,2,0
4075-WKNIU,1,0,17,25,8.57,1,0,8,2,1
5090-EMGTC,5,2,10,2,6.09,2,1,7,1,1
2346-CZYIL,7,2,10,5,6.67,0,2,7,0,1
3798-EPWRR,3,0,9,32,6.66,1,2,4,0,1
6258-NGCNG,5,2,10,56,8.0,3,2,5,2,0
4186-ZBUEW,2,0,19,1,8.52,1,2,5,0,0
5274-XHAKY,0,0,17,6,6.49,5,0,2,0,0
1442-BQPVU,8,1,8,30,7.43,1,4,5,0,0
3978-YNKDD,1,0,8,60,6.63,2,0,5,0,1
4940-KHCWD,5,1,11,15,11.24,3,2,3,1,1
9412-ARGBX,6,2,8,2,9.87,7,2,2,1,1
1389-CXMLU,2,1,3,12,9.88,3,1,6,3,1
9589-ABEPT,2,0,12,3,6.09,1,2,8,2,1
9388-ZEYVT,3,1,18,11,8.05,4,0,8,3,2
0305-SQECB,4,0,17,44,6.32,1,3,6,2,0
7605-SNLQG,2,0,14,12,5.77,1,1,4,1,0
4670-TABXH,5,1,7,6,6.83,2,0,2,0,1
5561-NWEVX,6,1,4,18,10.04,6,1,1,1,1
0064-SUDOG,6,1,6,63,10.18,1,1,8,2,0
8561-NMTBD,6,3,15,17,7.58,5,1,5,2,2
5161-XEUVX,2,0,9,9,4.71,3,0,6,3,0
8292-FRFZQ,2,1,19,52,4.4,1,1,5,0,0
8591-NXRCV,1,0,13,11,12.75,2,1,6,1,1
7895-VONWT,6,2,11,1,6.5,6,2,3,0,1
4526-RMTLL,5,0,21,15,10.81,1,2,5,1,1
6253-GNHWH,2,1,13,4,5.97,2,2,3,2,1
4566-NECEV,3,0,14,46,6.14,2,2,5,2,0
8080-POTJR,3,3,10,2,6.78,1,1,7,1,1
6906-MPARY,4,0,12,1,8.52,0,0,4,1,1
3662-FXJFO,3,1,13,20,7.12,1,1,2,1,0
8107-RZLNV,1,0,13,22,5.69,1,3,5,0,0
0516-OOHAR,5,0,11,37,5.18,0,0,6,1,2
2027-CWDNU,2,0,12,48,6.25,2,1,3,1,1
2737-WFVYW,4,1,5,49,10.75,2,3,2,3,0
9912-OMZDS,2,0,13,0,3.96,3,3,6,0,1
3733-ZEECP,3,1,13,1,6.98,3,2,5,2,2
7878-RTCZG,4,1,5,2,8.02,3,1,6,0,1
2452-MRMZF,0,0,10,35,9.33,2,1,8,0,0
2272-QAGFO,5,1,5,59,7.72,7,2,2,5,1
7103-IPXPJ,4,2,12,90,12.39,0,3,3,0,0
4342-HFXWS,9,3,8,16,8.63,1,0,4,2,3
3545-CNWRG,5,1,12,6,5.5,1,1,3,2,2
1785-BPHTP,3,2,10,1,8.48,5,0,3,3,5
4989-LIXVT,5,1,11,37,6.24,2,3,5,2,1
7315-WYOAW,2,0,9,29,4.56,1,6,4,3,0
1173-XZPYF,4,2,11,7,7.3,2,2,7,2,1
9850-OWRHQ,4,2,8,1,9.62,3,2,1,2,2
3768-NLUBH,6,2,6,25,10.47,5,2,3,3,5
8676-TRMJS,5,2,7,22,7.91,2,3,1,1,2
2509-TFPJU,1,0,15,1,5.22,1,0,6,2,1
9530-GRMJG,2,1,10,21,9.87,5,4,5,1,3
6898-RBTLU,2,2,11,47,9.2,1,3,8,1,1
5481-NTDOH,1,1,18,70,4.64,1,0,7,0,0
2068-WWXQZ,3,0,12,4,3.04,2,1,4,1,4
7359-SSBJK,6,2,11,16,7.61,2,2,4,3,2
2061-VVFST,1,0,10,15,8.63,1,1,6,0,0
0685-MLYYM,5,3,1,46,4.17,1,1,4,2,3
0749-IRGQE,1,0,8,11,6.73,4,1,4,1,1
2380-DAMQP,2,1,15,12,10.22,1,2,6,1,1
2256-YLYLP,2,0,10,4,6.52,0,0,6,2,1
1272-ILHFG,2,0,3,35,7.4,1,0,4,0,2
0164-XAIRP,1,0,11,16,8.99,1,1,4,1,1
5666-CYCYZ,0,0,11,29,7.52,2,3,3,1,2
4011-ARPHK,1,0,12,7,5.83,0,0,5,2,1
8182-PNAGI,4,1,5,36,11.4,2,6,2,1,1
6365-HITVU,3,0,19,1,11.19,5,0,7,1,1
7558-IMLMT,3,0,8,0,3.37,2,2,7,4,1
9488-FYQAU,5,1,12,35,6.27,5,2,3,1,0
3590-TCXTB,2,1,16,80,6.82,2,1,5,1,2
6994-KERXL,2,0,9,42,6.3,0,0,4,0,0
7957-RYHQD,4,2,7,1,9.96,5,3,1,0,0
2180-DXNEG,7,2,1,20,9.9,2,2,3,1,5
1960-UOTYM,5,2,13,28,4.46,1,0,7,0,2
2740-JFBOK,8,4,17,11,9.69,2,1,6,3,2
6500-JVEGC,4,0,13,6,7.34,1,3,5,1,1
5515-AKOAJ,2,2,9,4,12.41,4,0,3,1,2
8976-OQHGT,4,2,3,0,12.0,5,1,2,2,0
5245-VDBUR,3,2,7,59,7.0,1,3,5,2,2
6230-BSUXY,4,1,9,59,10.98,2,1,2,4,2
8469-SNFFH,1,1,11,23,2.22,0,1,8,1,0
2144-ESWKO,5,1,18,90,3.23,1,0,8,0,1
1241-FPMOF,4,0,16,24,9.19,2,1,5,2,2
9928-BZVLZ,5,4,11,19,6.56,1,1,7,2,0
4114-QMKVN,0,1,10,34,9.92,5,2,6,0,1
2775-SEFEE,1,0,14,30,9.46,0,1,6,0,1
9003-CPATH,2,0,8,51,5.2,0,4,4,5,1
1754-GKYPY,0,1,11,5,9.12,4,2,3,0,0
5294-CDGWY,10,4,6,90,8.19,5,1,5,5,1
7956-XQWGU,3,1,13,5,7.82,3,0,6,1,1
1591-MQJTP,4,0,10,6,5.69,1,0,4,1,1
5295-PCJOO,1,0,8,28,11.91,3,1,0,2,3
2369-FEVNO,4,1,9,9,8.51,1,3,3,3,1
9863-JZAIC,5,3,4,1,8.65,3,2,4,0,2
7471-MQPOS,3,1,9,4,6.27,2,3,5,1,0
7660-HDPJV,3,1,9,34,11.45,1,4,2,2,3
5115-SQAAU,5,0,8,10,5.11,0,2,6,2,1
9845-QOMAD,4,2,8,88,6.94,1,1,4,0,0
7672-VFMXZ,4,0,11,13,6.23,4,0,7,1,1
9739-JLPQJ,3,1,10,12,6.68,4,0,2,0,0
9916-AYHTC,2,1,14,32,7.73,2,0,7,1,1
3855-ONCAR,1,1,10,36,8.68,1,2,4,1,2
1488-SYSFC,4,0,6,3,7.58,2,1,5,0,1
7931-PXHFC,1,1,8,40,7.72,6,4,3,1,0
3990-QYKBE,14,3,8,90,9.87,2,1,4,1,1
0970-QXPXW,2,0,11,48,6.59,1,0,7,2,0
3259-KNMRR,4,2,14,30,9.29,2,2,3,3,1
6120-RJKLU,5,0,14,51,5.31,1,0,6,1,1
9572-WUKSB,2,0,11,13,8.75,2,1,4,1,0
5893-KCLGT,1,1,16,12,5.85,2,0,4,2,0
0076-LVEPS,2,0,9,90,8.92,1,1,6,1,1
3640-JQGJG,1,1,8,42,11.47,5,3,7,0,3
4919-MOAVT,7,3,4,43,9.39,1,2,3,1,0
1596-OQSPS,2,0,11,9,11.67,4,1,4,1,1
9867-XOBQA,4,1,14,78,7.55,1,4,6,2,3
9546-KDTRB,2,0,11,13,5.39,0,3,4,2,1
3090-HAWSU,5,3,5,56,12.91,3,3,1,1,2
9820-RMCQV,5,3,6,79,13.41,5,0,1,0,1
3174-RKMOW,5,1,10,44,5.9,2,1,8,0,0
1760-CAZHT,1,0,13,0,5.3,1,0,8,1,0
7839-QRKXN,3,1,7,16,11.49,4,2,4,2,0
8441-SHIPE,0,0,9,53,8.55,1,0,5,0,1
5204-QZXPU,1,0,4,13,8.26,3,3,1,2,1
4597-ELFTS,11,4,6,90,8.07,5,1,2,3,4
1320-GVNHT,4,0,14,10,7.49,2,4,6,1,2
1047-RNXZV,2,1,12,5,6.88,0,3,8,3,1
3541-ZNUHK,3,0,3,6,9.94,2,1,4,0,3
8450-JOVAH,5,2,7,3,11.01,1,2,3,1,1
8725-JEDFD,5,4,13,3,9.92,2,0,3,2,3
7562-UXTPG,1,0,10,4,3.09,1,2,4,1,1
8071-SBTRN,3,1,8,90,11.79,4,1,2,0,1
1113-IUJYX,8,2,8,11,10.88,8,2,0,3,1
6668-CNMFP,3,1,9,15,7.16,1,2,5,1,3
5626-MGTUK,5,1,9,45,7.66,2,0,9,1,1
5681-LLOEI,2,1,10,20,9.02,5,3,7,2,0
8212-DJRCH,7,1,11,7,8.76,1,2,5,2,2
4323-OHFOW,4,3,11,8,7.69,2,0,7,0,1
4933-BSAIP,3,0,8,22,7.51,0,1,5,1,1
2030-BTZRO,3,1,9,4,10.21,0,2,7,1,1
1116-DXXDF,6,1,7,75,8.71,3,2,6,0,2
9274-CNFMO,3,0,6,42,12.19,1,5,3,0,0
7758-XKCBS,4,3,4,6,14.27,0,4,0,2,2
8992-JQYUN,3,1,5,90,11.81,3,3,5,6,2
6563-VNPMN,0,0,15,29,8.57,1,1,4,1,4
0617-AQNWT,2,1,2,90,6.08,3,6,2,1,2
2267-WTPYD,1,0,13,11,7.2,1,2,4,2,0
0270-THENM,3,0,8,90,11.26,2,1,6,0,0
2446-PLQVO,3,2,4,21,10.56,3,4,4,0,3
4707-MAXGU,1,0,10,7,4.3,0,0,8,0,2
2710-WYVXG,2,1,12,22,6.93,2,1,6,0,1
3005-NFMTA,3,2,10,58,7.53,5,1,4,2,4
6300-BWMJX,2,1,9,30,7.01,2,1,5,3,3
8784-CGILN,6,3,6,26,9.05,2,0,2,4,2
5389-FFVKB,12,1,4,6,8.78,5,3,5,3,3
7009-LGECI,6,3,12,51,8.37,2,3,3,2,1
8444-WRIDW,5,3,6,79,5.82,4,1,1,2,3
5022-KVDQT,8,3,6,16,9.92,1,3,4,3,1
7976-CICYS,5,2,8,21,9.56,1,0,6,1,0
1036-GUDCL,0,0,15,12,2.5,2,0,7,0,0
2005-DWQZJ,3,0,12,1,9.18,2,0,8,1,1
8148-WOCMK,1,0,13,8,7.86,2,1,6,0,2
7815-PDTHL,3,1,14,14,7.76,2,0,4,0,2
9451-LPGOO,1,0,6,2,10.02,5,2,4,4,1
9173-IVZVP,1,0,13,1,8.01,3,1,8,4,0
9129-UXERG,1,0,11,5,9.23,1,2,7,0,1
3635-JBPSG,6,1,8,68,7.88,1,1,6,1,1
7964-ZRKKG,4,1,6,0,12.71,4,1,5,2,0
5868-YWPDW,7,2,8,36,8.66,3,2,4,1,3
6229-LSCKB,2,0,5,22,11.34,2,1,3,1,2
2025-JKFWI,8,3,7,1,9.68,4,0,2,4,0
4078-SAYYN,6,1,7,37,9.12,1,2,2,2,2
1724-IQWNM,3,1,8,45,10.54,1,2,7,0,1
8217-QYOHV,4,1,10,3,6.7,1,0,9,1,1
5546-QUERU,2,2,10,3,11.11,0,2,7,1,2
9940-HPQPG,6,1,5,7,8.4,3,5,3,3,0
6897-UUBNU,3,0,9,30,10.28,2,2,3,2,0
6127-IYJOZ,0,1,10,6,9.34,3,0,5,0,2
6618-RYATB,5,1,5,5,9.56,2,3,2,3,2
8930-XOTDP,2,0,15,12,4.33,1,0,6,1,1
5916-QEWPT,1,0,13,27,4.18,1,1,7,3,1
5060-TQUQN,8,0,3,1,6.76,1,1,7,2,1
0531-XBKMM,4,3,13,24,9.88,2,0,5,3,0
8465-SBRXP,5,1,8,42,8.42,3,1,5,2,0
2408-PSJVE,1,1,12,40,9.13,5,0,7,1,1
9079-YEXQJ,3,2,6,43,10.15,6,4,4,2,0
9700-ZCLOT,2,1,12,3,5.32,3,0,4,0,1
8738-JOKAR,2,0,14,3,7.84,3,3,4,2,2
4534-WGCIR,5,1,11,15,7.76,1,1,7,0,0
1930-WNXSB,6,2,12,33,5.18,2,0,5,2,1
2685-SREOM,2,1,9,22,8.77,5,2,4,2,2
3508-CFVZL,4,2,10,11,5.92,1,0,6,3,0
0402-CQAJN,0,0,6,59,7.38,2,3,6,0,2
6692-UDPJC,3,1,3,55,10.15,4,2,3,1,1
1273-MTETI,4,2,4,49,10.5,1,3,3,0,0
0657-DOGUM,4,0,14,43,9.77,0,3,8,1,2
5480-HPRRX,3,1,4,14,11.51,6,2,3,1,1
8792-AOROI,5,0,11,16,6.9,1,0,5,4,0
0295-PPHDO,6,3,2,9,9.29,0,2,4,1,1
5146-YYFRZ,1,0,14,4,10.64,3,1,4,3,1
1195-OIYEJ,7,4,3,25,10.87,4,4,1,4,1
5906-CVLHP,4,1,7,52,12.17,3,4,4,1,1
3452-SRFEG,1,0,9,26,4.95,3,1,8,0,1
4070-OKWVH,5,2,14,33,5.17,3,3,8,0,4
5297-MDOIR,2,0,8,3,6.4,2,2,5,2,1
6369-MCAKO,3,1,13,2,8.9,3,1,6,1,0
4926-UMJZD,0,1,14,22,10.17,0,2,3,2,0
6848-HJTXY,2,0,7,37,5.9,1,1,5,3,1
6341-AEVKX,1,0,19,18,8.16,3,2,10,1,1
4501-EQDRN,5,2,7,32,10.71,2,3,2,1,2
2990-HWIML,8,4,9,32,7.59,2,4,6,1,0
0682-USIXD,2,1,7,71,6.48,3,2,3,2,0
6976-BWGLQ,1,0,8,22,5.91,1,0,7,3,2
7078-NVFAM,4,0,6,13,5.15,3,2,5,0,1
8065-QBYTO,1,0,17,11,12.89,1,1,7,2,2
2133-TSRRM,2,1,17,1,5.58,2,3,4,2,0
7384-GHBPI,6,1,4,90,8.97,2,2,0,2,0
7603-USHJS,3,1,10,15,10.64,2,1,5,1,1
7234-FECYN,5,3,6,1,10.4,3,3,2,3,2
2511-ALLCS,0,0,10,20,7.85,0,0,5,1,1
3191-CSNMG,3,0,9,11,6.15,1,3,4,2,0
7952-OBOYL,4,2,13,30,5.72,4,0,3,2,0
7470-DYNOE,1,0,14,14,6.95,2,0,5,4,4
7853-OETYL,2,0,14,46,5.93,2,1,5,0,2
1545-ACTAS,4,1,15,13,5.22,3,1,7,0,1
5876-HZVZM,2,1,9,28,8.31,1,3,3,2,2
1400-MMYXY,2,1,5,50,8.31,6,4,1,3,5
5126-RCXYW,2,1,15,12,3.73,1,1,4,3,0
3085-QUOZK,2,0,9,12,7.75,8,0,5,1,0
2363-BJLSL,1,0,15,2,6.13,2,1,4,2,2
1956-YIFGE,1,0,10,14,9.23,1,2,7,0,1
3926-CUQZX,8,1,2,90,13.86,2,2,3,3,3
7921-LMDFQ,4,0,14,9,8.8,1,0,7,4,0
2925-MXLSX,7,3,12,52,8.34,1,1,6,1,0
5820-PTRYM,4,1,14,55,8.85,2,1,6,1,3
9609-BENEA,2,0,13,12,7.3,1,2,4,1,0
6211-WHMYA,5,1,13,0,7.9,3,0,5,1,0
4459-BBGHE,2,0,15,5,9.62,1,1,4,0,0
9945-PSVIP,2,0,20,16,7.74,2,1,8,0,1
1041-RXHRA,2,1,4,40,11.81,6,0,4,2,2
1750-CSKKM,4,2,6,90,11.25,2,2,1,5,3
9108-EJFJP,3,2,9,44,7.26,5,1,5,2,0
0530-IJVDB,0,0,6,24,9.13,1,4,6,3,1
0508-SQWPL,3,0,7,3,5.25,1,0,3,4,0
2215-ZAFGX,4,1,12,24,9.93,2,4,3,1,1
8213-TAZPM,5,2,10,37,7.52,4,0,6,1,0
7142-HVGBG,4,1,4,56,7.26,3,1,4,2,1
1304-SEGFY,4,0,12,40,4.28,0,0,8,0,1
7242-EDTYC,3,2,12,12,11.31,3,2,7,0,3
2904-GGUAZ,3,0,10,6,4.98,1,0,6,2,1
8267-ZNYVZ,3,3,3,18,11.76,5,2,4,5,1
5136-GFPMB,3,1,13,2,8.49,1,0,5,3,1
2595-KIWPV,1,0,12,76,9.74,3,0,6,0,2
5243-SAOTC,1,0,12,19,5.06,1,0,6,0,0
9398-MMQTO,4,2,13,19,7.06,2,2,5,1,1
7619-PLRLP,5,0,9,21,5.67,2,0,7,2,1
6457-GIRWB,12,4,9,1,11.88,2,2,4,3,1
6508-NJYRO,2,0,12,7,9.69,2,1,7,0,1
1450-SKCVI,11,1,8,82,9.75,4,2,2,3,0
4710-NKCAW,2,1,13,16,11.88,1,1,5,2,1
5306-BVTKJ,3,0,13,16,7.22,0,1,6,1,0
0357-NVCRI,2,1,4,28,7.32,2,3,2,1,2
5570-PTWEH,6,3,9,88,10.03,6,2,4,1,4
2371-KFUOG,3,1,12,7,8.73,3,1,4,3,1
0463-ZSDNT,3,1,18,60,4.79,5,0,6,0,0
6502-MJQAE,3,1,6,55,10.44,2,1,2,1,1
6257-DTAYD,5,2,7,17,7.69,0,0,7,2,2
4616-ULAOA,1,0,16,9,6.56,0,2,4,1,1
7693-LCKZL,9,4,8,80,9.62,5,5,0,0,1
7746-AWNQW,3,1,13,1,9.29,1,1,7,3,0
5996-EBTKM,1,1,16,38,6.92,1,1,3,2,1
2758-RNWXS,2,0,9,6,5.34,0,1,4,1,1
2314-TNDJQ,4,0,12,5,6.7,1,2,3,1,0
2405-LBMUW,0,1,17,15,5.52,1,0,8,3,0
3454-JFUBC,1,1,16,29,6.84,1,1,7,2,0
0032-PGELS,8,4,6,1,9.72,3,3,4,3,0
9039-ZVJDC,2,0,11,56,8.48,5,3,7,1,1
6797-LNAQX,3,1,10,16,7.1,6,2,4,1,4
9013-AQORL,4,3,6,12,5.72,2,1,4,0,1
2898-MRKPI,2,0,9,56,7.5,2,3,5,3,0
2750-BJLSB,1,1,6,16,7.73,0,0,6,0,3
3648-GZPHF,5,1,14,2,5.63,2,1,6,0,0
2075-RMJIK,6,3,11,67,4.38,2,2,3,0,1
9588-YRFHY,4,0,9,5,8.5,5,1,5,1,0
6394-MFYNG,5,0,1,0,9.0,3,2,3,5,0
1564-NTYXF,6,2,5,72,10.58,1,2,4,1,0
9364-YKUVW,2,1,9,43,8.09,3,0,6,1,2
5392-AKEMH,2,1,12,38,9.29,4,0,5,2,1
2451-YMUXS,2,1,8,16,4.82,2,1,5,2,0
3914-FDRHP,2,2,8,51,8.47,1,2,5,1,0
3078-ZKNTS,2,0,14,21,11.03,2,2,5,0,1
1024-KPRBB,1,1,8,29,7.82,2,2,6,1,1
4690-PKDQG,2,0,17,17,9.96,0,0,6,0,0
8155-IBNHG,4,1,9,89,11.33,3,3,2,3,2
0886-QGENL,6,2,5,14,8.12,4,2,3,4,3
9547-ITEFG,1,1,18,13,12.99,3,1,4,1,0
1264-FUHCX,2,1,17,17,10.61,0,0,4,1,1
7789-CRUVC,4,0,14,71,5.45,3,3,5,0,0
6598-KELSS,3,2,15,1,7.51,2,1,5,1,1
8739-WWKDU,3,2,9,16,13.43,0,3,1,4,0
8685-WHQPW,6,3,6,1,11.23,4,2,5,2,0
4745-LSPLO,4,2,5,38,6.23,3,3,2,1,3
8083-YTZES,4,1,4,18,8.52,2,3,5,1,1
7240-FQLHE,4,0,4,60,8.36,3,1,4,4,0
6664-FPDAC,8,4,6,3,12.78,3,2,1,1,2
9972-VAFJJ,3,0,11,17,8.6,1,0,4,3,3
0422-UXFAP,2,1,8,90,7.67,1,1,5,1,2
1904-WAJAA,1,0,21,2,4.89,2,2,5,0,2
5130-YPIRV,1,0,8,5,8.67,1,3,7,2,0
2843-CQMEG,1,1,13,12,7.65,2,2,6,2,0
6439-PKTRR,3,1,11,79,8.56,2,0,8,0,0
5351-QESIO,3,0,11,64,8.13,3,0,7,0,0
0786-VSSUD,4,0,4,5,10.28,7,4,2,3,0
5568-DMXZS,1,0,8,1,4.93,1,2,6,2,1
8468-FZTOE,6,0,11,10,8.7,1,0,6,4,1
6633-SYEUS,4,0,13,34,9.38,2,3,6,1,0
6447-GORXK,5,1,9,8,11.26,4,1,6,2,1
6967-PEJLL,5,1,6,4,6.33,2,1,4,2,0
3976-BWUCK,7,5,2,26,12.41,0,1,4,1,2
5981-ZVXOT,4,0,17,3,10.69,5,1,6,2,1
1684-FLBGS,1,0,10,10,9.44,2,1,6,1,1
1389-WNUIB,3,1,13,0,6.9,0,0,3,2,0
0376-OIWME,8,0,8,4,5.99,2,0,5,0,1
3585-ISXZP,4,2,5,15,9.33,3,4,1,0,0
0218-QNVAS,2,1,10,16,4.92,3,2,4,0,1
6583-QGCSI,4,2,8,42,6.89,5,1,1,3,3
0804-YGEQV,6,1,10,8,8.99,1,2,5,1,0
7164-BPTUT,2,0,11,2,5.94,2,4,5,3,0
4174-LPGTI,6,5,3,22,5.84,4,0,5,4,2
2523-EWWZL,4,2,19,18,7.86,4,1,7,1,1
0928-XUTSN,4,2,17,15,9.82,2,1,7,2,3
2108-XWMPY,8,2,2,76,11.16,4,3,4,1,2
0052-YNYOT,1,0,11,4,4.51,1,0,4,2,3
6304-IJFSQ,4,2,7,12,8.64,4,2,2,2,1
9586-JGQKH,2,0,17,2,7.78,3,0,2,2,0
4501-VCPFK,2,2,13,19,9.56,2,0,5,1,3
6075-SLNIL,3,2,14,0,8.36,2,1,8,2,1
9347-AERRL,4,0,12,90,9.32,1,1,5,1,1
0093-XWZFY,6,1,6,64,9.48,2,2,1,3,1
2274-XUATA,0,0,19,3,7.1,1,2,5,0,0
1980-KXVPM,10,4,7,19,10.33,2,1,4,2,3
7703-ZEKEF,4,1,7,4,7.71,5,3,2,1,0
0723-DRCLG,6,3,9,17,6.34,1,3,5,3,3
5482-NUPNA,3,1,7,86,8.14,6,3,4,3,1
6691-CCIHA,1,0,11,24,5.58,0,0,5,0,0
1685-BQULA,5,1,8,7,10.33,2,3,3,1,2
9053-EJUNL,5,1,12,36,7.89,2,1,6,2,2
0666-UXTJO,4,1,6,41,5.99,1,0,4,1,0
1471-GIQKQ,5,3,16,1,8.18,1,3,5,1,1
4807-IZYOZ,1,0,13,14,7.75,3,0,6,0,3
1122-JWTJW,5,3,1,0,8.99,8,4,2,1,2
9710-NJERN,3,0,5,11,6.02,0,2,8,0,3
9837-FWLCH,2,1,10,8,7.15,4,1,4,3,1
1699-HPSBG,4,1,7,17,10.32,1,0,5,1,1
7203-OYKCT,0,0,10,9,6.85,2,2,7,1,0
1035-IPQPU,2,0,11,25,7.47,3,3,4,0,1
7398-LXGYX,0,1,10,15,6.32,5,0,3,1,1
2823-LKABH,9,1,10,33,9.24,2,4,4,1,0
8775-CEBBJ,4,1,7,53,9.14,2,2,4,3,1
0550-DCXLH,2,0,12,28,8.91,1,0,5,3,2
9281-CEDRU,1,0,14,23,10.02,3,1,5,2,1
2235-DWLJU,2,0,3,43,6.01,1,1,5,4,2
0871-OPBXW,2,0,11,62,7.14,0,1,6,1,0
3605-JISKB,6,2,8,41,4.83,2,1,4,1,4
6894-LFHLY,5,2,6,5,9.44,2,1,1,1,2
9767-FFLEM,5,0,8,14,11.44,1,2,6,0,2
0639-TSIQW,5,1,8,26,11.05,3,0,2,3,1
8456-QDAVC,1,0,13,4,5.99,3,2,5,1,0
7750-EYXWZ,2,2,13,11,8.67,2,4,7,3,2
2569-WGERO,0,0,14,4,4.31,0,1,10,1,1
6840-RESVB,3,1,9,19,5.5,2,1,8,1,1
2234-XADUH,2,0,11,9,7.93,3,0,6,0,0
4801-JZAZL,3,0,13,2,7.34,1,2,7,1,1
8361-LTMKD,4,3,6,50,9.49,7,3,1,1,1
3186-AJIEK,1,0,11,32,6.12,1,0,6,0,1
